// AUTOGENERATED by scripts/build_firmware_assets.py — DO NOT EDIT.
// Source: assets\sprites\splash.png
// Regenerate via: python scripts/build_firmware_assets.py

#pragma once

#include <cstdint>

namespace road_east::assets {

constexpr int kSplashWidth = 240;
constexpr int kSplashHeight = 135;

// RGB565 palette (16 entries).
constexpr uint16_t kSplashPalette[16] = {
    0xDD74,
    0xF54D,
    0xFEF0,
    0xA348,
    0x6AAC,
    0xABD4,
    0x0821,
    0x7B35,
    0x6B06,
    0xBC2C,
    0xD46A,
    0x3A29,
    0x40E5,
    0x69E9,
    0xBBE6,
    0x2166
};

// 4bpp packed pixel indices, row-major, high nibble = left pixel.
constexpr uint8_t kSplashPixels[16200] = {
    0x77, 0x77, 0x77, 0x77, 0x77, 0x77, 0x77, 0x77, 0x77, 0x77, 0x77, 0x77, 0x77, 0x77, 0x77, 0x77,
    0x77, 0x77, 0x77, 0x77, 0x77, 0x77, 0x77, 0x77, 0x77, 0x77, 0x77, 0x77, 0x77, 0x77, 0x77, 0x77,
    0x77, 0x77, 0x77, 0x77, 0x77, 0x77, 0x77, 0x77, 0x77, 0x77, 0x75, 0x77, 0x77, 0x77, 0x77, 0x77,
    0x77, 0x77, 0x75, 0x75, 0x57, 0x55, 0x75, 0x75, 0x57, 0x77, 0x77, 0x77, 0x77, 0x55, 0x75, 0x75,
    0x75, 0x75, 0x57, 0x57, 0x57, 0x57, 0x57, 0x57, 0x57, 0x57, 0x57, 0x55, 0x75, 0x75, 0x57, 0x57,
    0x55, 0x75, 0x75, 0x75, 0x75, 0x57, 0x55, 0x75, 0x57, 0x55, 0x75, 0x57, 0x55, 0x75, 0x57, 0x55,
    0x75, 0x57, 0x57, 0x55, 0x75, 0x75, 0x75, 0x75, 0x75, 0x57, 0x57, 0x57, 0x55, 0x75, 0x57, 0x55,
    0x75, 0x57, 0x57, 0x55, 0x75, 0x57, 0x55, 0x75, 0x77, 0x77, 0x77, 0x77, 0x77, 0x77, 0x77, 0x77,
    0x77, 0x77, 0x77, 0x77, 0x77, 0x77, 0x77, 0x77, 0x77, 0x77, 0x77, 0x77, 0x77, 0x77, 0x77, 0x77,
    0x77, 0x77, 0x77, 0x77, 0x77, 0x77, 0x77, 0x77, 0x77, 0x77, 0x77, 0x77, 0x77, 0x77, 0x77, 0x77,
    0x77, 0x57, 0x57, 0x57, 0x77, 0x77, 0x77, 0x77, 0x77, 0x57, 0x57, 0x57, 0x57, 0x57, 0x57, 0x77,
    0x77, 0x77, 0x77, 0x57, 0x57, 0x57, 0x55, 0x57, 0x55, 0x57, 0x55, 0x75, 0x55, 0x75, 0x55, 0x75,
    0x57, 0x55, 0x75, 0x75, 0x57, 0x57, 0x55, 0x75, 0x75, 0x75, 0x57, 0x55, 0x57, 0x57, 0x57, 0x57,
    0x55, 0x75, 0x57, 0x57, 0x57, 0x55, 0x75, 0x75, 0x75, 0x75, 0x55, 0x75, 0x75, 0x57, 0x55, 0x75,
    0x75, 0x75, 0x55, 0x57, 0x57, 0x57, 0x57, 0x57, 0x57, 0x55, 0x57, 0x57, 0x55, 0x75, 0x75, 0x55,
    0x77, 0x77, 0x77, 0x77, 0x77, 0x77, 0x77, 0x77, 0x77, 0x77, 0x77, 0x77, 0x77, 0x77, 0x77, 0x77,
    0x77, 0x77, 0x77, 0x77, 0x77, 0x77, 0x77, 0x77, 0x77, 0x77, 0x77, 0x77, 0x77, 0x77, 0x77, 0x77,
    0x77, 0x77, 0x77, 0x77, 0x77, 0x77, 0x75, 0x75, 0x75, 0x75, 0x75, 0x75, 0x75, 0x77, 0x77, 0x77,
    0x77, 0x77, 0x75, 0x75, 0x77, 0x77, 0x77, 0x77, 0x77, 0x55, 0x57, 0x57, 0x55, 0x75, 0x75, 0x75,
    0x57, 0x75, 0x75, 0x75, 0x75, 0x75, 0x77, 0x55, 0x75, 0x75, 0x75, 0x57, 0x75, 0x57, 0x57, 0x55,
    0x57, 0x57, 0x57, 0x57, 0x55, 0x75, 0x57, 0x55, 0x75, 0x75, 0x75, 0x57, 0x55, 0x75, 0x75, 0x75,
    0x57, 0x57, 0x57, 0x57, 0x57, 0x57, 0x57, 0x57, 0x55, 0x75, 0x75, 0x75, 0x75, 0x75, 0x57, 0x55,
    0x75, 0x75, 0x75, 0x57, 0x57, 0x55, 0x75, 0x75, 0x77, 0x77, 0x77, 0x77, 0x77, 0x77, 0x77, 0x77,
    0x77, 0x77, 0x77, 0x77, 0x77, 0x77, 0x77, 0x77, 0x77, 0x77, 0x77, 0x77, 0x77, 0x77, 0x77, 0x77,
    0x77, 0x77, 0x77, 0x77, 0x77, 0x77, 0x77, 0x77, 0x77, 0x77, 0x77, 0x77, 0x77, 0x75, 0x75, 0x77,
    0x77, 0x77, 0x77, 0x77, 0x77, 0x77, 0x77, 0x77, 0x77, 0x77, 0x77, 0x77, 0x77, 0x75, 0x75, 0x57,
    0x57, 0x57, 0x57, 0x57, 0x57, 0x55, 0x75, 0x75, 0x75, 0x57, 0x57, 0x55, 0x75, 0x57, 0x55, 0x75,
    0x75, 0x75, 0x57, 0x55, 0x57, 0x55, 0x75, 0x75, 0x75, 0x57, 0x55, 0x75, 0x75, 0x75, 0x75, 0x57,
    0x55, 0x75, 0x75, 0x75, 0x57, 0x57, 0x55, 0x75, 0x75, 0x57, 0x57, 0x55, 0x55, 0x57, 0x55, 0x75,
    0x57, 0x57, 0x57, 0x55, 0x55, 0x57, 0x55, 0x75, 0x57, 0x57, 0x57, 0x57, 0x57, 0x57, 0x55, 0x75,
    0x77, 0x77, 0x77, 0x77, 0x77, 0x77, 0x77, 0x77, 0x77, 0x77, 0x77, 0x77, 0x77, 0x77, 0x77, 0x77,
    0x77, 0x77, 0x77, 0x77, 0x77, 0x77, 0x77, 0x77, 0x77, 0x77, 0x77, 0x77, 0x77, 0x77, 0x77, 0x77,
    0x77, 0x77, 0x77, 0x77, 0x57, 0x55, 0x75, 0x77, 0x77, 0x77, 0x77, 0x77, 0x77, 0x77, 0x77, 0x77,
    0x77, 0x77, 0x77, 0x77, 0x75, 0x75, 0x75, 0x75, 0x75, 0x75, 0x75, 0x57, 0x55, 0x75, 0x75, 0x57,
    0x57, 0x55, 0x75, 0x57, 0x57, 0x55, 0x75, 0x75, 0x75, 0x57, 0x57, 0x57, 0x57, 0x57, 0x55, 0x57,
    0x57, 0x57, 0x57, 0x55, 0x75, 0x75, 0x57, 0x57, 0x57, 0x55, 0x57, 0x55, 0x75, 0x75, 0x57, 0x55,
    0x57, 0x57, 0x55, 0x75, 0x77, 0x75, 0x57, 0x55, 0x75, 0x57, 0x55, 0x75, 0x77, 0x55, 0x75, 0x75,
    0x75, 0x57, 0x55, 0x75, 0x57, 0x55, 0x75, 0x75, 0x77, 0x77, 0x77, 0x77, 0x77, 0x77, 0x77, 0x77,
    0x77, 0x77, 0x77, 0x77, 0x77, 0x77, 0x77, 0x77, 0x77, 0x77, 0x77, 0x77, 0x77, 0x77, 0x77, 0x77,
    0x77, 0x77, 0x77, 0x77, 0x77, 0x77, 0x77, 0x77, 0x77, 0x77, 0x77, 0x57, 0x57, 0x57, 0x57, 0x57,
    0x75, 0x75, 0x75, 0x75, 0x75, 0x75, 0x75, 0x75, 0x75, 0x75, 0x75, 0x75, 0x75, 0x75, 0x57, 0x55,
    0x57, 0x55, 0x75, 0x75, 0x57, 0x55, 0x75, 0x75, 0x57, 0x57, 0x55, 0x75, 0x57, 0x57, 0x55, 0x75,
    0x57, 0x57, 0x57, 0x55, 0x75, 0x57, 0x57, 0x55, 0x75, 0x75, 0x57, 0x57, 0x55, 0x57, 0x57, 0x55,
    0x55, 0x75, 0x75, 0x57, 0x55, 0x75, 0x75, 0x57, 0x75, 0x75, 0x57, 0x55, 0x75, 0x57, 0x57, 0x57,
    0x57, 0x55, 0x75, 0x57, 0x55, 0x75, 0x57, 0x55, 0x75, 0x75, 0x57, 0x55, 0x75, 0x57, 0x55, 0x75,
    0x77, 0x77, 0x77, 0x77, 0x77, 0x77, 0x77, 0x77, 0x77, 0x63, 0x43, 0x83, 0x88, 0x38, 0x36, 0x77,
    0x77, 0x77, 0x69, 0x99, 0x67, 0x77, 0x77, 0x69, 0x98, 0x98, 0x98, 0x33, 0x67, 0x77, 0x77, 0x77,
    0x60, 0x99, 0x65, 0x75, 0x75, 0x63, 0x88, 0x88, 0xD8, 0x8D, 0x84, 0x54, 0xD8, 0x8D, 0x88, 0x88,
    0x88, 0x8C, 0x55, 0x75, 0x57, 0x54, 0x98, 0x3C, 0x75, 0x56, 0x88, 0x84, 0x75, 0x7C, 0x83, 0x84,
    0x88, 0x48, 0x84, 0x67, 0x57, 0x55, 0x75, 0x34, 0x84, 0x88, 0x8D, 0x86, 0x77, 0x55, 0x57, 0x57,
    0x63, 0x36, 0x65, 0x75, 0x57, 0x55, 0x46, 0x02, 0x02, 0x06, 0x57, 0x56, 0x33, 0x33, 0x48, 0x43,
    0x88, 0x84, 0x36, 0x75, 0x57, 0x56, 0x02, 0x46, 0x57, 0x57, 0x56, 0x93, 0x37, 0x57, 0x5C, 0x48,
    0x35, 0x57, 0x55, 0x75, 0x57, 0x55, 0x75, 0x75, 0x77, 0x77, 0x77, 0x77, 0x77, 0x77, 0x77, 0x77,
    0x77, 0x6A, 0x22, 0x12, 0x12, 0x12, 0x16, 0x77, 0x77, 0x7F, 0x12, 0x12, 0x8F, 0x77, 0x77, 0x61,
    0x12, 0x12, 0x12, 0x21, 0x26, 0x77, 0x77, 0x76, 0x21, 0x21, 0x26, 0x75, 0x77, 0x61, 0x21, 0x11,
    0x21, 0x11, 0x11, 0x7C, 0x12, 0x11, 0x21, 0x11, 0x11, 0x1F, 0x75, 0x75, 0x75, 0x5A, 0x21, 0x26,
    0x57, 0x76, 0x12, 0x1A, 0x75, 0xC1, 0x21, 0x21, 0x21, 0x21, 0x21, 0x65, 0x55, 0x75, 0x75, 0x11,
    0x21, 0x11, 0x12, 0x12, 0xAC, 0x75, 0x75, 0x55, 0x21, 0x21, 0x9F, 0x75, 0x75, 0x76, 0x21, 0x21,
    0x12, 0x12, 0x67, 0x5C, 0x21, 0x21, 0x21, 0x21, 0x21, 0x21, 0x26, 0x57, 0x55, 0x52, 0x11, 0x10,
    0x65, 0x57, 0x66, 0x12, 0x12, 0x75, 0x6D, 0x12, 0x11, 0x75, 0x57, 0x57, 0x55, 0x75, 0x55, 0x57,
    0x77, 0x77, 0x77, 0x77, 0x77, 0x77, 0x77, 0x77, 0x77, 0x6A, 0x11, 0x11, 0x21, 0x21, 0x26, 0x67,
    0x77, 0x62, 0x11, 0x21, 0x12, 0xF7, 0x77, 0x62, 0x21, 0x12, 0x11, 0x21, 0x12, 0x67, 0x77, 0x62,
    0x21, 0x12, 0x12, 0x65, 0x75, 0x61, 0x11, 0x22, 0x11, 0x21, 0x20, 0x8C, 0x11, 0x21, 0x21, 0x21,
    0x22, 0x16, 0x57, 0x55, 0x75, 0x5A, 0x12, 0x16, 0x75, 0x56, 0x11, 0x2A, 0x77, 0xC1, 0x21, 0x12,
    0x11, 0x21, 0x12, 0x65, 0x75, 0x75, 0x56, 0xA2, 0x11, 0x22, 0x12, 0x11, 0x23, 0x75, 0x75, 0x91,
    0x21, 0x12, 0x1D, 0x45, 0x75, 0x52, 0x12, 0x12, 0x21, 0x21, 0x1C, 0x6C, 0x11, 0x21, 0x12, 0x12,
    0x11, 0x21, 0x16, 0x75, 0x79, 0x21, 0x21, 0x21, 0x05, 0x55, 0xC6, 0x12, 0x12, 0x55, 0xC8, 0x21,
    0x20, 0x55, 0x75, 0x55, 0x75, 0x57, 0x57, 0x55, 0x77, 0x77, 0x77, 0x77, 0x77, 0x77, 0x77, 0x77,
    0x77, 0x6A, 0xAA, 0xA2, 0x11, 0x21, 0x26, 0x67, 0x76, 0x22, 0x12, 0x11, 0x21, 0x27, 0x77, 0x61,
    0x12, 0xEE, 0xE1, 0x21, 0x21, 0x67, 0x76, 0x21, 0x12, 0x12, 0x12, 0x26, 0x75, 0x62, 0x12, 0xEE,
    0xEA, 0xEA, 0xEA, 0x4C, 0xEA, 0xEE, 0xA1, 0x21, 0x11, 0x1C, 0x75, 0x57, 0x57, 0x51, 0x12, 0x1C,
    0x57, 0x56, 0x21, 0x11, 0x35, 0xCA, 0xAA, 0xAA, 0x12, 0x11, 0x21, 0x67, 0x55, 0x57, 0x56, 0xA1,
    0x12, 0xEE, 0xE1, 0x21, 0x12, 0x57, 0x56, 0x21, 0x21, 0x21, 0x12, 0x85, 0x57, 0x61, 0x21, 0x18,
    0xCE, 0x11, 0x22, 0x6C, 0x21, 0xAE, 0xE1, 0x21, 0xEE, 0xE1, 0x26, 0x75, 0x61, 0x21, 0x21, 0x21,
    0x2C, 0x75, 0xC6, 0x21, 0x12, 0x77, 0xC8, 0x11, 0x21, 0x75, 0x75, 0x75, 0x57, 0x55, 0x75, 0x75,
    0x77, 0x77, 0x77, 0x77, 0x77, 0x77, 0x77, 0x77, 0x77, 0x6C, 0xCC, 0x21, 0x21, 0x12, 0x16, 0x67,
    0x72, 0x11, 0x2E, 0xC2, 0x12, 0x16, 0x77, 0x61, 0x21, 0x1C, 0xCC, 0xE2, 0x11, 0xC7, 0x76, 0x12,
    0x13, 0x6E, 0x21, 0x1C, 0x75, 0x61, 0x21, 0x1C, 0xCC, 0xCC, 0xCC, 0x4C, 0xCC, 0xC6, 0x21, 0x11,
    0x22, 0x1C, 0x75, 0x75, 0x75, 0x5A, 0x12, 0x16, 0x57, 0x56, 0x12, 0x2A, 0x75, 0xCC, 0xCC, 0x62,
    0x21, 0x11, 0x21, 0x65, 0x57, 0x55, 0x76, 0x11, 0x21, 0xCC, 0xCC, 0xA1, 0x21, 0x65, 0x72, 0x12,
    0x13, 0xC1, 0x21, 0x16, 0x54, 0x12, 0x11, 0xCC, 0xCC, 0x22, 0x11, 0x6C, 0x21, 0x16, 0x62, 0x11,
    0x2C, 0x12, 0x16, 0x57, 0x21, 0x11, 0x8C, 0x12, 0x12, 0x67, 0xC6, 0x12, 0x12, 0x55, 0xC8, 0x21,
    0x11, 0x57, 0x55, 0x57, 0x57, 0x57, 0x55, 0x75, 0x77, 0x77, 0x77, 0x77, 0x77, 0x77, 0x77, 0x77,
    0x77, 0x6C, 0x61, 0x21, 0xCA, 0x21, 0x1C, 0x67, 0x61, 0x21, 0x1C, 0x6D, 0x11, 0x12, 0x77, 0x62,
    0x11, 0x1C, 0xCC, 0x81, 0x21, 0xC7, 0xF1, 0x12, 0x16, 0xCC, 0x11, 0x22, 0x65, 0x61, 0x21, 0x2C,
    0xCC, 0xCC, 0xCC, 0x4C, 0xCC, 0xD2, 0x11, 0xC2, 0x11, 0x16, 0x55, 0x75, 0x57, 0x51, 0x12, 0x1C,
    0x75, 0x76, 0x11, 0x11, 0x45, 0xCC, 0xCC, 0x11, 0x1C, 0x12, 0x12, 0x67, 0x55, 0x55, 0x56, 0x11,
    0x21, 0xCC, 0xCC, 0x12, 0x12, 0x65, 0x61, 0x12, 0xE6, 0xCA, 0x21, 0x22, 0x5C, 0x11, 0x21, 0x6C,
    0xCC, 0x21, 0x12, 0x6C, 0x12, 0xA6, 0xC1, 0x21, 0x2C, 0xA1, 0x26, 0x56, 0x12, 0x11, 0x6C, 0xE1,
    0x12, 0x15, 0xC6, 0x12, 0x12, 0x77, 0xC8, 0x11, 0x2A, 0x55, 0x75, 0x75, 0x55, 0x57, 0x57, 0x55,
    0x77, 0x77, 0x77, 0x77, 0x77, 0x77, 0x77, 0x77, 0x77, 0x46, 0x22, 0x1E, 0xCA, 0x12, 0x1C, 0x67,
    0x61, 0x21, 0xCC, 0xCC, 0x11, 0x22, 0x67, 0x61, 0x12, 0x1C, 0x66, 0xC2, 0x12, 0xC7, 0x62, 0x11,
    0xEC, 0xCC, 0xA1, 0x12, 0x67, 0x62, 0x12, 0x16, 0x66, 0x66, 0x66, 0x46, 0x66, 0x22, 0x18, 0x61,
    0x21, 0x26, 0x57, 0x55, 0x75, 0x51, 0x12, 0x1C, 0x75, 0x56, 0x22, 0x11, 0x45, 0x66, 0x62, 0x12,
    0x3C, 0x11, 0x21, 0x65, 0x55, 0x55, 0x56, 0x11, 0x12, 0xC6, 0x6C, 0xA2, 0x11, 0x65, 0x62, 0x11,
    0xCC, 0xCC, 0xA2, 0x12, 0x7C, 0x21, 0x12, 0x64, 0x6C, 0x21, 0x21, 0x6C, 0xA1, 0x16, 0x61, 0x12,
    0x1C, 0x11, 0xA6, 0x56, 0x21, 0x26, 0xCC, 0xC1, 0x21, 0x25, 0xC6, 0x12, 0x10, 0x55, 0xC8, 0x12,
    0x16, 0x77, 0x57, 0x57, 0x57, 0x75, 0x55, 0x75, 0x77, 0x77, 0x77, 0x77, 0x77, 0x77, 0x77, 0x77,
    0x77, 0x60, 0x11, 0xEC, 0xC1, 0x21, 0x16, 0x67, 0x22, 0x12, 0xCC, 0x66, 0x62, 0x11, 0x67, 0x61,
    0x21, 0x1C, 0x44, 0xB1, 0x12, 0xC7, 0x21, 0x21, 0xCC, 0xD6, 0xC1, 0x21, 0x26, 0x61, 0x12, 0x1C,
    0x44, 0x44, 0x44, 0x74, 0x61, 0x11, 0xCC, 0xC1, 0x21, 0x1F, 0x57, 0x57, 0x57, 0x5A, 0x21, 0x26,
    0x57, 0x56, 0x11, 0x2A, 0x37, 0x4B, 0x11, 0x2E, 0xC6, 0x12, 0x11, 0x65, 0x75, 0x55, 0x76, 0x11,
    0x21, 0xC4, 0x7C, 0x11, 0x12, 0x66, 0x21, 0x22, 0xCC, 0x6C, 0xD1, 0x21, 0x6C, 0x11, 0x21, 0x67,
    0x4C, 0x11, 0x11, 0x6C, 0xCC, 0xC6, 0xC1, 0x21, 0x2C, 0xCC, 0xC6, 0xC2, 0x12, 0x16, 0x46, 0xCC,
    0x12, 0x16, 0xCC, 0x12, 0x12, 0x54, 0xC1, 0x21, 0x16, 0x55, 0x55, 0x55, 0x75, 0x57, 0x57, 0x57,
    0x77, 0x77, 0x77, 0x77, 0x77, 0x77, 0x77, 0x77, 0x77, 0x92, 0x12, 0x3C, 0xFA, 0x12, 0x1C, 0x67,
    0x21, 0x12, 0xC6, 0x4C, 0x61, 0x21, 0xC7, 0x61, 0x12, 0x1C, 0x76, 0x21, 0x21, 0xC4, 0x21, 0x21,
    0xC6, 0x4C, 0x62, 0x11, 0x26, 0x61, 0x21, 0x26, 0x57, 0x57, 0x77, 0x77, 0x22, 0x21, 0xCC, 0x62,
    0x12, 0x16, 0x75, 0x57, 0x55, 0x51, 0x21, 0x1C, 0x57, 0x56, 0x12, 0x11, 0x75, 0x4E, 0x21, 0x1D,
    0x66, 0x11, 0x12, 0x65, 0x55, 0x55, 0x56, 0xA2, 0x12, 0xC0, 0x93, 0x22, 0x1A, 0x66, 0x11, 0x12,
    0x64, 0x46, 0xC1, 0x11, 0x6C, 0x21, 0x21, 0x69, 0x5C, 0xCC, 0x6C, 0x6C, 0xCC, 0xC6, 0x62, 0x11,
    0x2C, 0xCC, 0xC6, 0xC2, 0x21, 0x26, 0x46, 0xCC, 0x21, 0x26, 0xC6, 0x11, 0x21, 0x46, 0x21, 0x12,
    0x16, 0x55, 0x55, 0x55, 0x55, 0x55, 0x55, 0x55, 0x77, 0x77, 0x77, 0x77, 0x77, 0x77, 0x77, 0x77,
    0x77, 0x21, 0x2E, 0xCC, 0x61, 0x21, 0x16, 0x67, 0x21, 0x22, 0xC6, 0x54, 0x61, 0x21, 0xC6, 0x62,
    0x12, 0x1C, 0x62, 0x12, 0x1A, 0xC7, 0x21, 0x12, 0x66, 0x54, 0x62, 0x12, 0x26, 0x61, 0x21, 0x26,
    0x57, 0x57, 0x55, 0x56, 0x11, 0x1C, 0xC6, 0xC1, 0x21, 0x26, 0x55, 0x75, 0x57, 0x51, 0x12, 0x11,
    0x21, 0x21, 0x21, 0x11, 0x85, 0x61, 0x21, 0x8C, 0xD6, 0x12, 0x21, 0x65, 0x95, 0x05, 0x96, 0x11,
    0x21, 0xC6, 0x62, 0x11, 0x1C, 0x66, 0x12, 0x12, 0x65, 0x56, 0xC1, 0x22, 0x6C, 0x11, 0x12, 0x65,
    0x0C, 0xCC, 0xCC, 0x64, 0x44, 0x46, 0xC1, 0x12, 0x24, 0x44, 0x46, 0xC2, 0x11, 0x2C, 0x54, 0xCC,
    0x11, 0x26, 0xC6, 0x21, 0x12, 0x22, 0x11, 0x2C, 0xC0, 0x50, 0x55, 0x55, 0x55, 0x55, 0x55, 0x55,
    0x77, 0x77, 0x77, 0x77, 0x77, 0x77, 0x77, 0x77, 0x76, 0xAE, 0xEC, 0xC6, 0x71, 0xA1, 0x2C, 0x64,
    0x2E, 0xE1, 0xC6, 0x75, 0x61, 0x1A, 0x66, 0x62, 0x1A, 0xA1, 0x11, 0xE1, 0x1C, 0xC4, 0x2A, 0x11,
    0xC5, 0x57, 0x62, 0x1A, 0x26, 0x61, 0x1A, 0x16, 0x57, 0x55, 0x75, 0x72, 0xAE, 0x1C, 0x64, 0x61,
    0xEA, 0x16, 0x57, 0x55, 0x75, 0x51, 0xAA, 0x21, 0xAA, 0x12, 0x1A, 0xA1, 0x35, 0x2A, 0xA1, 0xC6,
    0x56, 0x1E, 0x11, 0x65, 0x55, 0x50, 0x56, 0x1A, 0x11, 0x1A, 0xA1, 0x11, 0xCC, 0xD6, 0x2E, 0xA1,
    0xD0, 0x96, 0xCA, 0x11, 0x6C, 0x2A, 0xA1, 0x65, 0x56, 0x66, 0x66, 0x55, 0x55, 0x56, 0x62, 0x1E,
    0x10, 0x50, 0x56, 0xC2, 0xAE, 0x25, 0x95, 0xC6, 0x11, 0x16, 0xC6, 0x12, 0x11, 0xAA, 0x11, 0x6C,
    0xD5, 0x55, 0x05, 0x55, 0x55, 0x55, 0x55, 0x55, 0x77, 0x77, 0x77, 0x77, 0x77, 0x77, 0x77, 0x77,
    0x62, 0xAA, 0x1C, 0xC6, 0x70, 0xA2, 0x16, 0x65, 0x2E, 0xA2, 0xC6, 0x77, 0x61, 0x11, 0xC6, 0x61,
    0x1A, 0xAA, 0xAE, 0xA1, 0xEC, 0xC7, 0x2E, 0x11, 0x65, 0x75, 0x61, 0x1E, 0x26, 0x61, 0x1A, 0x26,
    0x57, 0x57, 0x55, 0x52, 0xEA, 0x1C, 0x45, 0xCA, 0xEA, 0x26, 0x55, 0x75, 0x75, 0x51, 0xA1, 0x11,
    0xEA, 0x11, 0x1A, 0xA2, 0x45, 0x2E, 0xA1, 0xC4, 0x06, 0x11, 0x11, 0x69, 0x05, 0xA5, 0x56, 0x11,
    0x11, 0x1A, 0xA1, 0x11, 0x66, 0x56, 0x1A, 0xA2, 0xD5, 0x5C, 0x61, 0x11, 0x6C, 0x1E, 0x11, 0x69,
    0x54, 0x44, 0x44, 0x51, 0x51, 0x56, 0xC1, 0x1A, 0x29, 0x55, 0x96, 0xC1, 0xEA, 0x23, 0x50, 0xCC,
    0x11, 0x16, 0xC6, 0x11, 0x11, 0xAA, 0xA1, 0x16, 0x79, 0x5A, 0x55, 0x15, 0x05, 0x15, 0x51, 0x55,
    0x77, 0x77, 0x77, 0x77, 0x77, 0x77, 0x77, 0x77, 0xF1, 0x1A, 0x1C, 0x67, 0x71, 0xAA, 0xAC, 0x64,
    0x2A, 0xA1, 0xC6, 0x75, 0x6A, 0x11, 0xC6, 0x6A, 0xAA, 0xAA, 0xAE, 0x1C, 0xCC, 0x64, 0x21, 0x1A,
    0xC5, 0x75, 0x62, 0xEA, 0x26, 0x6A, 0x1E, 0x16, 0x57, 0x55, 0x75, 0x6A, 0xA1, 0x16, 0x47, 0xCA,
    0xAE, 0x26, 0x75, 0x75, 0x57, 0x51, 0x1A, 0xE1, 0x11, 0x11, 0xEA, 0xE2, 0x36, 0xAE, 0xA1, 0x65,
    0x96, 0x11, 0xA1, 0x65, 0x55, 0x55, 0x96, 0x1A, 0x11, 0x11, 0x11, 0x11, 0xA6, 0x06, 0x11, 0xA2,
    0xDA, 0x56, 0xCA, 0x1A, 0x6C, 0x11, 0xAA, 0x65, 0x15, 0x55, 0x50, 0x55, 0x55, 0x56, 0xCA, 0xAE,
    0x25, 0x15, 0x56, 0xC2, 0xAE, 0x29, 0x55, 0xCC, 0xAA, 0x16, 0xC6, 0x11, 0xA1, 0x11, 0xAE, 0x11,
    0x90, 0x55, 0x55, 0x55, 0x55, 0x51, 0x55, 0x05, 0x77, 0x77, 0x77, 0x77, 0x77, 0x77, 0x77, 0x57,
    0x62, 0xAA, 0x1C, 0x67, 0x71, 0xAA, 0x16, 0x65, 0x2E, 0xA2, 0xC6, 0x77, 0x6A, 0xAA, 0xC6, 0x6E,
    0xAE, 0x1C, 0xCC, 0xCC, 0xCC, 0x47, 0x0E, 0xAA, 0xC7, 0x57, 0x61, 0xEE, 0x26, 0x6E, 0xAE, 0x26,
    0x55, 0x75, 0x75, 0x6A, 0xAA, 0x1A, 0x19, 0x1E, 0xEE, 0x16, 0x55, 0x57, 0x57, 0x52, 0xEE, 0xAC,
    0xCC, 0xC6, 0xAE, 0xA1, 0x46, 0xEA, 0xE1, 0x11, 0xA0, 0x2E, 0xA1, 0x65, 0x15, 0x05, 0x06, 0x1A,
    0xA1, 0xCC, 0xCE, 0xAE, 0xE1, 0x06, 0x1A, 0xA1, 0xD5, 0x5C, 0xCE, 0xAA, 0x6C, 0x1A, 0xAA, 0x65,
    0x55, 0xA5, 0x15, 0x51, 0x55, 0x16, 0x6A, 0xAA, 0x10, 0x55, 0x16, 0xC1, 0xAA, 0x23, 0x59, 0xCC,
    0xEA, 0xA6, 0xCC, 0xEA, 0x1E, 0xCC, 0xCE, 0xEA, 0x16, 0x51, 0x5A, 0x51, 0x55, 0x55, 0x51, 0x55,
    0x77, 0x77, 0x77, 0x77, 0x77, 0x77, 0x77, 0x77, 0x62, 0xEE, 0x1C, 0x67, 0x71, 0xEE, 0xEC, 0x65,
    0x1E, 0xE1, 0xC6, 0x75, 0x6E, 0xEE, 0x66, 0x6E, 0xEA, 0x1C, 0xCC, 0xCC, 0x6D, 0x75, 0x1E, 0xEE,
    0x65, 0x55, 0x61, 0xEE, 0x26, 0x6E, 0xEE, 0x16, 0x57, 0x57, 0x55, 0x6E, 0xEE, 0xEE, 0xEE, 0xEE,
    0xEA, 0x16, 0x57, 0x57, 0x55, 0x51, 0xEE, 0xEC, 0xCC, 0xCC, 0xEE, 0xE1, 0x36, 0xEE, 0xEE, 0xEE,
    0xEE, 0xEE, 0xEE, 0x65, 0x55, 0x55, 0x56, 0x1E, 0xEE, 0xCC, 0xCC, 0x1A, 0xEE, 0x66, 0x1E, 0xE2,
    0xD0, 0x96, 0xCE, 0xEE, 0x6C, 0x1E, 0xEE, 0x65, 0x15, 0xCC, 0xCC, 0xD5, 0x15, 0x56, 0xCE, 0xEE,
    0x15, 0xA5, 0x56, 0xC1, 0xEE, 0x25, 0x55, 0xCC, 0xEE, 0xE6, 0xCC, 0xEE, 0xEE, 0xCC, 0xCC, 0xEE,
    0xE1, 0x55, 0x55, 0x55, 0xA5, 0x15, 0x55, 0x95, 0x57, 0x57, 0x77, 0x77, 0x77, 0x77, 0x77, 0x77,
    0x62, 0xEE, 0x1C, 0x67, 0x5A, 0xEE, 0xEC, 0x67, 0x2E, 0xE1, 0xC6, 0x5C, 0xAE, 0xEE, 0xC6, 0x6E,
    0xEE, 0x1C, 0x66, 0x64, 0x47, 0x57, 0x2E, 0xEE, 0x15, 0x77, 0x2A, 0xEE, 0x26, 0x6E, 0xEE, 0x26,
    0x75, 0x57, 0x57, 0x6E, 0xEE, 0xEE, 0xEE, 0xEE, 0xEE, 0x1C, 0x75, 0x55, 0x75, 0x71, 0xEE, 0xEC,
    0xD4, 0x46, 0xEE, 0xE1, 0x46, 0xEE, 0xEE, 0xEE, 0xEE, 0xEE, 0xEE, 0x61, 0x51, 0x5A, 0x56, 0x1E,
    0xEE, 0xC6, 0x6C, 0x1E, 0xEE, 0x66, 0x1E, 0xE1, 0x85, 0x5C, 0x1E, 0xEE, 0x6C, 0x1E, 0xEE, 0x65,
    0x5D, 0x1E, 0xEE, 0x65, 0x55, 0x16, 0xCE, 0xEE, 0x10, 0x55, 0x16, 0xC1, 0xEE, 0xE3, 0xA5, 0xC1,
    0xEE, 0xE6, 0xC6, 0xEE, 0xEA, 0x6C, 0xC6, 0xEE, 0xE2, 0x51, 0x50, 0x55, 0x50, 0x55, 0x15, 0x50,
    0x77, 0x77, 0x77, 0x77, 0x77, 0x77, 0x77, 0x77, 0xC1, 0xEE, 0xAC, 0x67, 0x71, 0xEE, 0xE6, 0x67,
    0x6E, 0xEE, 0xC6, 0x76, 0x1E, 0xEE, 0x66, 0x6E, 0xEE, 0x2C, 0x44, 0x47, 0x75, 0x75, 0x6A, 0xEE,
    0x16, 0x57, 0x1E, 0xEA, 0x66, 0xCE, 0xEE, 0x16, 0x57, 0x57, 0x55, 0x6E, 0xEE, 0x11, 0x11, 0x1E,
    0xEE, 0x16, 0x75, 0x75, 0x75, 0x51, 0xEE, 0xEC, 0x44, 0xD6, 0xEE, 0xE1, 0xDC, 0xEE, 0xE1, 0x11,
    0x11, 0x1E, 0xEA, 0x65, 0x55, 0x50, 0x56, 0x1E, 0xEE, 0x63, 0x56, 0x1E, 0xEE, 0x66, 0xCE, 0xEE,
    0xCA, 0x56, 0x1E, 0xEA, 0x6C, 0x1E, 0xEE, 0x61, 0x5C, 0x1E, 0xEE, 0x61, 0x11, 0x16, 0xCE, 0xEE,
    0x15, 0xA5, 0x56, 0xCC, 0xEE, 0xE3, 0x05, 0xC1, 0xEE, 0x16, 0xCC, 0xEE, 0xE9, 0x36, 0xCC, 0xEE,
    0xE2, 0x55, 0xA5, 0x51, 0x55, 0x55, 0x51, 0x55, 0x77, 0x77, 0x77, 0x77, 0x57, 0x77, 0x77, 0x77,
    0x62, 0xEE, 0x1C, 0x67, 0x50, 0xEE, 0xEC, 0x67, 0x6E, 0xEE, 0xA6, 0x50, 0xAE, 0xEA, 0xC6, 0x6E,
    0xEE, 0x1C, 0x75, 0x75, 0x75, 0x75, 0x61, 0xEE, 0xE6, 0x76, 0xEE, 0xEA, 0xC6, 0x6E, 0xEE, 0x1C,
    0x75, 0x75, 0x75, 0x6E, 0xEE, 0x1C, 0xCD, 0x6E, 0xEE, 0x16, 0x55, 0x75, 0x55, 0x01, 0xEE, 0xEC,
    0x90, 0x56, 0xEE, 0xE1, 0x46, 0xEE, 0xE1, 0xCC, 0xCC, 0x1E, 0xEE, 0x61, 0x11, 0x11, 0x16, 0x1E,
    0xEE, 0xC1, 0x56, 0x1E, 0xEE, 0xC6, 0x6E, 0xEE, 0xA6, 0x51, 0xEE, 0xE1, 0x6C, 0xAE, 0xEE, 0x61,
    0x1C, 0x1E, 0xEE, 0x61, 0x11, 0x16, 0x6E, 0xEE, 0x11, 0x11, 0x16, 0xC6, 0xEE, 0xEA, 0x96, 0xCE,
    0xEE, 0x1D, 0xC6, 0xEE, 0xEA, 0x54, 0xC6, 0xEE, 0xE1, 0x51, 0x55, 0x15, 0x5A, 0x51, 0x55, 0x51,
    0x77, 0x57, 0x57, 0x57, 0x57, 0x77, 0x55, 0x75, 0x61, 0xEE, 0xAC, 0x65, 0x7A, 0xEE, 0xE6, 0x65,
    0x61, 0xEE, 0xE1, 0x6E, 0xEE, 0xEC, 0xC6, 0x6E, 0xEE, 0x1C, 0x57, 0x75, 0x75, 0x75, 0x6C, 0xEE,
    0xE1, 0xCA, 0xEE, 0xE9, 0xC4, 0x6E, 0xEE, 0x26, 0x55, 0x55, 0x55, 0x6E, 0xEE, 0x1C, 0xCC, 0x6E,
    0xEE, 0x16, 0x55, 0x55, 0x05, 0x51, 0xEE, 0xEC, 0x55, 0xAC, 0xEE, 0xE1, 0xD6, 0xEE, 0xE1, 0xCC,
    0xCC, 0xAE, 0xEE, 0x61, 0x11, 0x15, 0x56, 0x1E, 0xEE, 0x61, 0x16, 0x1E, 0xEE, 0x66, 0xCA, 0xEE,
    0xE1, 0xCE, 0xEE, 0xEC, 0x1C, 0xAE, 0xEE, 0xD1, 0x16, 0xAE, 0xEE, 0x61, 0x11, 0x16, 0xCE, 0xEE,
    0x10, 0x11, 0x13, 0x6C, 0xAE, 0xEE, 0xCC, 0xAE, 0xEA, 0xC4, 0xCC, 0xEE, 0xE1, 0x50, 0xCC, 0xEE,
    0xE1, 0x55, 0x55, 0x55, 0x55, 0x55, 0x51, 0x55, 0x57, 0x57, 0x77, 0x77, 0x77, 0x77, 0x77, 0x70,
    0x11, 0xE3, 0xA1, 0x12, 0x11, 0xE3, 0xE1, 0x16, 0x6C, 0xAE, 0x3E, 0x3E, 0x33, 0xAC, 0xC7, 0x6E,
    0x33, 0x1C, 0x75, 0x55, 0x55, 0x55, 0x4C, 0x1E, 0x3E, 0x3E, 0xE3, 0xAC, 0xC4, 0x6E, 0x33, 0x16,
    0x55, 0x55, 0x55, 0x6E, 0x33, 0x16, 0x74, 0x6E, 0xE3, 0x16, 0x55, 0x55, 0x55, 0x91, 0xE3, 0x3C,
    0x5A, 0x56, 0xE3, 0xE1, 0xD6, 0xEE, 0xE1, 0x64, 0x36, 0x1E, 0x33, 0x65, 0x55, 0x55, 0x06, 0x1E,
    0x3E, 0x11, 0x11, 0x3E, 0x3E, 0x6D, 0xCC, 0xE3, 0x3E, 0x3E, 0x3E, 0x1C, 0x1C, 0xCE, 0x3E, 0xAC,
    0x61, 0xEE, 0x3A, 0x61, 0x11, 0x16, 0xC3, 0xE3, 0x11, 0x11, 0x11, 0x6C, 0xCA, 0x3E, 0xE3, 0xE3,
    0xE3, 0xCA, 0xC6, 0xE3, 0x3A, 0x95, 0xC6, 0xE3, 0x31, 0x91, 0x5A, 0xA5, 0x15, 0x15, 0x55, 0x5A,
    0x77, 0x77, 0x77, 0x77, 0x77, 0x77, 0x77, 0x71, 0xE3, 0x3E, 0xEE, 0x33, 0xEE, 0x33, 0x3E, 0x1C,
    0x76, 0xCA, 0x33, 0x33, 0xEA, 0xCC, 0x65, 0x63, 0x33, 0x1C, 0x77, 0x57, 0x55, 0x55, 0x56, 0xCA,
    0x33, 0x33, 0x31, 0xCC, 0x65, 0xC3, 0x33, 0x1C, 0x55, 0x55, 0x55, 0x63, 0x33, 0x1C, 0x55, 0xC3,
    0x3E, 0x1C, 0x55, 0x95, 0x55, 0x01, 0x33, 0x3C, 0x05, 0x9C, 0x33, 0x31, 0xDC, 0x33, 0x31, 0xC5,
    0x56, 0xA3, 0x3E, 0x69, 0x55, 0x95, 0x96, 0xA3, 0x33, 0x3E, 0x33, 0xE3, 0x31, 0x61, 0x6C, 0xC3,
    0x33, 0x33, 0x3C, 0xCD, 0x16, 0xCE, 0x3E, 0x3E, 0x3E, 0x33, 0xEC, 0x61, 0x11, 0x16, 0xC3, 0x3E,
    0x10, 0x11, 0x11, 0xCC, 0xC3, 0x33, 0x33, 0x33, 0xCC, 0x61, 0xCC, 0x33, 0x39, 0x11, 0xCC, 0x33,
    0xE1, 0x01, 0x11, 0x55, 0x55, 0x5A, 0x51, 0x55, 0x77, 0x77, 0x77, 0x77, 0x57, 0x57, 0x55, 0x50,
    0xE3, 0x33, 0x33, 0x33, 0x33, 0x33, 0x33, 0x1C, 0xD6, 0xCC, 0xAE, 0x33, 0xCC, 0xCC, 0x65, 0x6E,
    0x33, 0xAC, 0x57, 0x57, 0x77, 0x75, 0x76, 0xCC, 0xA3, 0x33, 0xEC, 0xCC, 0x55, 0x63, 0x33, 0xA6,
    0x55, 0x55, 0x50, 0x6E, 0x33, 0xA6, 0x59, 0x63, 0x33, 0xA6, 0x95, 0x05, 0x95, 0x01, 0x33, 0x3C,
    0x95, 0x56, 0x33, 0x3A, 0xD6, 0x33, 0x3A, 0xC9, 0x56, 0x1E, 0x33, 0xC5, 0xA5, 0x50, 0x56, 0x1E,
    0x33, 0x33, 0x33, 0x33, 0xEC, 0x61, 0x3C, 0xCC, 0xE3, 0x3E, 0xCC, 0xC1, 0x13, 0xCC, 0xCE, 0x33,
    0x33, 0x3E, 0xCC, 0x11, 0x11, 0x16, 0xC3, 0x33, 0xA1, 0x11, 0x11, 0x1C, 0xCC, 0xDE, 0x33, 0x3C,
    0xC6, 0x11, 0xC6, 0xE3, 0x3A, 0x10, 0xC6, 0xE3, 0x31, 0x05, 0x55, 0x5A, 0x55, 0x55, 0x55, 0x51,
    0x57, 0x57, 0x57, 0x55, 0x75, 0x55, 0x57, 0x51, 0x33, 0x3C, 0xCC, 0xCC, 0xCC, 0xCE, 0x33, 0x1C,
    0x67, 0x6C, 0xCC, 0xCC, 0xCC, 0xCC, 0x45, 0x6C, 0xCC, 0xCC, 0x55, 0x55, 0x55, 0x55, 0x57, 0x6C,
    0xCC, 0xCC, 0xCC, 0xC4, 0x55, 0x6C, 0xCC, 0xCC, 0x55, 0x5A, 0x55, 0x6C, 0xCC, 0xCC, 0x55, 0x6C,
    0xCC, 0xCC, 0x55, 0x55, 0x55, 0x5C, 0xCC, 0xCC, 0xA5, 0x16, 0xCC, 0xCC, 0xD6, 0xCC, 0xCC, 0xC5,
    0xA6, 0xCC, 0xCC, 0x65, 0x51, 0x55, 0xA6, 0xCC, 0xCC, 0xCC, 0xCC, 0xCC, 0xCC, 0x11, 0xE6, 0xCC,
    0xCC, 0xCC, 0xCC, 0x61, 0x11, 0x6C, 0xCC, 0xAA, 0xAA, 0xCC, 0xCC, 0x11, 0x11, 0x16, 0x6C, 0xCC,
    0xC0, 0x11, 0x11, 0x13, 0x6C, 0xCC, 0xCC, 0xCC, 0x63, 0x11, 0xCC, 0xCC, 0xC6, 0x11, 0xCC, 0xCC,
    0xC6, 0x11, 0x11, 0x10, 0x11, 0x11, 0x11, 0x11, 0x75, 0x75, 0x75, 0x75, 0x75, 0x75, 0x75, 0x50,
    0xE3, 0xAC, 0xCC, 0xCC, 0xCC, 0xCE, 0x33, 0xAC, 0x65, 0x46, 0xCC, 0xCC, 0xC6, 0xCD, 0x55, 0x6C,
    0xCC, 0xCC, 0x55, 0x59, 0x50, 0x55, 0x55, 0xD6, 0xCC, 0xCC, 0xC6, 0x45, 0x50, 0x6C, 0xCC, 0xC6,
    0x59, 0x55, 0x55, 0x6C, 0xCC, 0xCC, 0x59, 0x6C, 0xCC, 0xC6, 0x51, 0x5A, 0x51, 0x5C, 0xCC, 0xCC,
    0x55, 0xAC, 0xCC, 0xCC, 0xDC, 0xCC, 0xCC, 0xC9, 0x56, 0xCC, 0xCC, 0x61, 0x11, 0x11, 0x16, 0xCC,
    0xCC, 0xCC, 0xCC, 0xCC, 0xC6, 0x11, 0x19, 0x6C, 0xCC, 0xCC, 0xCD, 0x11, 0x11, 0x36, 0xCC, 0xCC,
    0xCC, 0xCC, 0x31, 0x11, 0x11, 0x16, 0xCC, 0xCC, 0x61, 0x11, 0x11, 0x11, 0x36, 0xCC, 0xCC, 0xCC,
    0x31, 0x11, 0xCC, 0xCC, 0xC6, 0x10, 0xCC, 0xCC, 0xC6, 0x11, 0x11, 0x01, 0x00, 0x10, 0x10, 0x05,
    0x75, 0x57, 0x55, 0x57, 0x55, 0x75, 0x57, 0x51, 0x3E, 0x1C, 0xCC, 0xC6, 0xC6, 0xC3, 0x3E, 0x1C,
    0x65, 0x54, 0x6C, 0xCC, 0x6D, 0x55, 0x55, 0x56, 0xC6, 0xCC, 0x55, 0x05, 0x55, 0x55, 0x95, 0x5D,
    0x6C, 0xCC, 0x64, 0x55, 0x55, 0xDC, 0xCC, 0xCC, 0x55, 0x55, 0xA5, 0x6C, 0xCC, 0xC6, 0x55, 0x6C,
    0xC6, 0xCC, 0x55, 0x50, 0x55, 0x5C, 0xCC, 0xCC, 0xA0, 0x56, 0xCC, 0xCC, 0xDC, 0x6C, 0xCC, 0xD0,
    0x16, 0xCC, 0xCC, 0x61, 0x11, 0x11, 0x16, 0x6C, 0xCC, 0xCC, 0xCC, 0xCC, 0x63, 0x11, 0x11, 0xE6,
    0xCC, 0xCC, 0xC1, 0x11, 0x11, 0x13, 0x6C, 0xCC, 0xCC, 0xC3, 0x31, 0x11, 0x11, 0x16, 0xC6, 0xC6,
    0xC1, 0x11, 0x11, 0x11, 0x13, 0x6C, 0xCC, 0x63, 0x11, 0x11, 0xC6, 0xC6, 0xCD, 0x11, 0xC6, 0xC6,
    0xC6, 0x11, 0x11, 0x15, 0x55, 0x55, 0x55, 0x55, 0x57, 0x57, 0x57, 0x55, 0x57, 0x55, 0x75, 0x56,
    0xCC, 0xCC, 0x6D, 0xD4, 0xDD, 0xD6, 0xCC, 0xC6, 0x65, 0x55, 0x44, 0xD4, 0x45, 0x55, 0x55, 0x5D,
    0x4D, 0x44, 0x55, 0x55, 0x59, 0x55, 0x55, 0x55, 0x4D, 0xDD, 0x45, 0x55, 0x05, 0xD4, 0xD4, 0xD4,
    0x5A, 0x50, 0x55, 0xDD, 0xD4, 0xD4, 0x50, 0x34, 0x44, 0x4D, 0x55, 0x15, 0x51, 0x53, 0xD4, 0xD3,
    0x55, 0x13, 0x33, 0x33, 0xE3, 0x33, 0x33, 0xA1, 0x13, 0x33, 0x33, 0x31, 0x11, 0x11, 0x13, 0x33,
    0x33, 0x33, 0x33, 0x33, 0x31, 0x11, 0x11, 0x13, 0x33, 0x33, 0x31, 0x11, 0x11, 0x11, 0x33, 0x33,
    0x93, 0x31, 0x11, 0x11, 0x11, 0x13, 0x33, 0x33, 0x31, 0x11, 0x11, 0x11, 0x11, 0x93, 0x33, 0x31,
    0x11, 0x11, 0x33, 0x33, 0x3A, 0x11, 0x33, 0x33, 0x33, 0x11, 0x11, 0x11, 0x11, 0x11, 0x11, 0x11,
    0x55, 0x75, 0x57, 0x57, 0x55, 0x75, 0x57, 0x5C, 0xCC, 0xCC, 0x65, 0x55, 0x55, 0x56, 0xCC, 0xCC,
    0x65, 0x55, 0x55, 0x55, 0x55, 0x55, 0x55, 0x55, 0x55, 0x55, 0x55, 0x5A, 0x55, 0x05, 0x5A, 0x55,
    0x55, 0x55, 0x55, 0x55, 0x55, 0x55, 0x55, 0x55, 0x55, 0x55, 0x55, 0x55, 0x55, 0x55, 0x55, 0x55,
    0x55, 0x05, 0xA5, 0x51, 0x11, 0x11, 0x11, 0x11, 0x11, 0x11, 0x01, 0x11, 0x11, 0x11, 0x11, 0x11,
    0x11, 0x11, 0x11, 0x11, 0x11, 0x11, 0x11, 0x11, 0x11, 0x11, 0x11, 0x11, 0x11, 0x11, 0x11, 0x11,
    0x11, 0x11, 0x11, 0x11, 0x11, 0x11, 0x11, 0x11, 0x11, 0x11, 0x11, 0x11, 0x11, 0x11, 0x11, 0x11,
    0x11, 0x11, 0x11, 0x11, 0x11, 0x11, 0x11, 0x11, 0x11, 0x11, 0x11, 0x11, 0x11, 0x11, 0x11, 0x11,
    0x11, 0x11, 0x11, 0x11, 0x11, 0x11, 0x11, 0x11, 0x75, 0x75, 0x75, 0x57, 0x57, 0x55, 0x75, 0x7C,
    0x66, 0x66, 0xC5, 0x55, 0x55, 0x55, 0x66, 0x66, 0xB5, 0x55, 0x55, 0x55, 0x55, 0x55, 0x55, 0x55,
    0x55, 0x55, 0x59, 0x55, 0x55, 0x55, 0x55, 0x55, 0x55, 0x55, 0x05, 0x5A, 0x55, 0x55, 0x05, 0x50,
    0x55, 0x15, 0x5A, 0x55, 0x55, 0xA5, 0x55, 0x55, 0x05, 0x55, 0x55, 0xA5, 0x55, 0x55, 0x05, 0x05,
    0x55, 0x55, 0xA1, 0x11, 0x11, 0x11, 0x11, 0x11, 0x11, 0x11, 0x11, 0x11, 0x11, 0x11, 0x11, 0x11,
    0x11, 0x11, 0x11, 0x11, 0x11, 0x11, 0x11, 0x11, 0x11, 0x11, 0x11, 0x11, 0x11, 0x11, 0x11, 0x11,
    0x11, 0x11, 0x11, 0x11, 0x11, 0x11, 0x11, 0x11, 0x11, 0x01, 0x11, 0x11, 0x11, 0x11, 0x11, 0x11,
    0x11, 0x11, 0x11, 0x11, 0x11, 0x11, 0x11, 0x11, 0x11, 0x11, 0x11, 0x11, 0x11, 0x11, 0x11, 0x11,
    0x75, 0x57, 0x57, 0x57, 0x55, 0x75, 0x55, 0x55, 0x44, 0x44, 0x45, 0x55, 0x75, 0x55, 0x44, 0x4D,
    0x45, 0x55, 0x56, 0x66, 0x66, 0x66, 0x66, 0x66, 0x66, 0x66, 0x66, 0x66, 0x60, 0x56, 0x66, 0xC5,
    0x15, 0x55, 0x66, 0x66, 0x56, 0x65, 0x55, 0x66, 0x66, 0x66, 0x65, 0x66, 0x66, 0x56, 0x66, 0x66,
    0x66, 0x5D, 0x66, 0x65, 0x66, 0x06, 0x66, 0x6C, 0x66, 0x66, 0x66, 0x66, 0x01, 0x66, 0x66, 0x66,
    0x66, 0x66, 0x66, 0x66, 0x60, 0x66, 0x66, 0x60, 0x66, 0x66, 0x11, 0x16, 0x66, 0x66, 0x16, 0x66,
    0x60, 0x66, 0x06, 0x66, 0x61, 0x11, 0x66, 0x66, 0x61, 0x66, 0x66, 0x16, 0x66, 0x60, 0x36, 0x66,
    0x06, 0x60, 0x66, 0x66, 0x66, 0x66, 0x61, 0x11, 0x11, 0x01, 0x11, 0x11, 0x11, 0x11, 0x11, 0x11,
    0x11, 0x10, 0x11, 0x11, 0x11, 0x11, 0x11, 0x11, 0x57, 0x55, 0x75, 0x55, 0x75, 0x55, 0x55, 0x55,
    0x55, 0x55, 0x55, 0x75, 0x55, 0x75, 0x55, 0x55, 0x55, 0x55, 0x56, 0x22, 0x22, 0x62, 0x22, 0x26,
    0x22, 0x22, 0x62, 0x22, 0x26, 0x62, 0x22, 0x25, 0x55, 0x53, 0x22, 0x22, 0x6C, 0x2D, 0x55, 0x62,
    0x62, 0x66, 0x26, 0x2D, 0x22, 0x5C, 0x26, 0x22, 0x22, 0x60, 0x22, 0x26, 0x22, 0x00, 0x26, 0x26,
    0x62, 0x62, 0x22, 0x26, 0x11, 0x62, 0x66, 0x26, 0x22, 0x22, 0x62, 0x22, 0x2B, 0x62, 0x22, 0x26,
    0x22, 0x22, 0x61, 0x16, 0x22, 0x22, 0x62, 0x22, 0x26, 0x22, 0x62, 0x22, 0x20, 0x11, 0x62, 0x22,
    0x26, 0x22, 0x22, 0x62, 0x22, 0x26, 0x42, 0x22, 0x66, 0x26, 0x62, 0x62, 0x62, 0x22, 0x26, 0x11,
    0x11, 0x11, 0x11, 0x01, 0x11, 0x11, 0x11, 0x11, 0x11, 0x11, 0x11, 0x10, 0x14, 0x11, 0x11, 0x11,
    0x55, 0x55, 0x55, 0x55, 0x55, 0x55, 0x55, 0x55, 0x50, 0x55, 0x55, 0x55, 0x55, 0x55, 0x55, 0x55,
    0x55, 0x57, 0x56, 0x26, 0x62, 0x62, 0x66, 0x66, 0x60, 0x26, 0x62, 0x5F, 0x22, 0x02, 0x6F, 0x2C,
    0x10, 0x97, 0x22, 0xF2, 0x2F, 0x2D, 0x9A, 0x62, 0x62, 0x66, 0x26, 0x24, 0x22, 0x62, 0x26, 0x26,
    0x62, 0x62, 0x66, 0x2F, 0x22, 0x00, 0x26, 0x26, 0x22, 0x62, 0x66, 0x66, 0x11, 0x62, 0x66, 0x26,
    0x2B, 0x66, 0x62, 0x0F, 0x22, 0x62, 0xF6, 0x6F, 0x26, 0xF2, 0x61, 0x16, 0x26, 0x62, 0x62, 0x66,
    0x2F, 0x22, 0xF2, 0xF5, 0x2D, 0x11, 0xF2, 0x6F, 0x2F, 0x26, 0xF2, 0x62, 0x66, 0x27, 0x22, 0xF2,
    0x26, 0x26, 0x22, 0x62, 0xF2, 0x66, 0x26, 0x11, 0x11, 0x11, 0x11, 0x11, 0x11, 0x11, 0x01, 0x11,
    0x11, 0x11, 0x11, 0x11, 0xCC, 0xC1, 0x11, 0x11, 0x55, 0x55, 0x55, 0x55, 0x55, 0x55, 0x15, 0x15,
    0x15, 0x51, 0x51, 0x55, 0x55, 0x55, 0x55, 0x55, 0x55, 0x50, 0x56, 0x2B, 0x22, 0x62, 0x22, 0x55,
    0x00, 0x25, 0x52, 0x0B, 0x20, 0x02, 0x7F, 0x26, 0x20, 0x26, 0x22, 0x22, 0xF6, 0x22, 0x26, 0x62,
    0x66, 0x22, 0x22, 0x2F, 0x22, 0x22, 0x26, 0x22, 0x22, 0xF2, 0x66, 0x26, 0x22, 0x22, 0x26, 0x27,
    0x22, 0xF2, 0x22, 0x20, 0x11, 0x62, 0x0B, 0x26, 0x22, 0x22, 0x02, 0x0B, 0x22, 0xF2, 0x22, 0x66,
    0x62, 0x22, 0x60, 0x16, 0x22, 0x22, 0xF2, 0x60, 0x66, 0x22, 0x22, 0x65, 0x24, 0x11, 0x62, 0xB0,
    0x26, 0x2F, 0x62, 0xF2, 0x60, 0x66, 0x22, 0x06, 0x66, 0x22, 0x22, 0xF2, 0x22, 0xF6, 0x26, 0x22,
    0x22, 0x22, 0x11, 0x11, 0x11, 0x11, 0x11, 0x11, 0x11, 0x11, 0x11, 0x0D, 0xCC, 0xC1, 0x11, 0x11,
    0x55, 0x55, 0x55, 0x55, 0x55, 0x55, 0x55, 0x55, 0x5A, 0x55, 0x55, 0x05, 0x55, 0x55, 0x55, 0x55,
    0x55, 0x55, 0x56, 0x25, 0x56, 0x62, 0xF6, 0x65, 0x50, 0x27, 0x02, 0x25, 0xFF, 0x22, 0x7F, 0x26,
    0x75, 0x7F, 0x22, 0xF2, 0x0F, 0x26, 0xF2, 0x62, 0x62, 0x2F, 0x2F, 0x2F, 0x22, 0x2F, 0x2F, 0x26,
    0xF2, 0x62, 0x22, 0x2F, 0x22, 0xF0, 0x2F, 0x22, 0xF2, 0x62, 0x6F, 0x61, 0x11, 0x66, 0x00, 0x2F,
    0x2B, 0xF6, 0x02, 0x25, 0x46, 0x62, 0x66, 0x61, 0xF6, 0xF2, 0x61, 0x1F, 0x26, 0xF2, 0x62, 0x61,
    0x07, 0x22, 0xB2, 0x65, 0x28, 0x11, 0xF2, 0x50, 0x66, 0x26, 0x62, 0x62, 0x61, 0x07, 0x22, 0x10,
    0x0F, 0x22, 0xF2, 0x62, 0xF2, 0x66, 0x26, 0x11, 0x11, 0x11, 0x11, 0x11, 0x10, 0x11, 0x11, 0x11,
    0x01, 0x11, 0x1D, 0xDC, 0xCC, 0x11, 0x11, 0x11, 0x50, 0x50, 0x50, 0x55, 0x15, 0x15, 0x15, 0x15,
    0x55, 0x0D, 0x55, 0x5A, 0x51, 0x50, 0x5A, 0x50, 0x51, 0x51, 0x56, 0x2F, 0x65, 0x62, 0x66, 0x60,
    0x59, 0x25, 0x52, 0x0F, 0x60, 0x02, 0xF6, 0x26, 0x66, 0x66, 0x22, 0xF0, 0x2F, 0x2F, 0x62, 0x62,
    0x62, 0xF6, 0x26, 0x00, 0x22, 0xF6, 0x26, 0x26, 0x62, 0x62, 0xF6, 0x26, 0x22, 0xF0, 0x26, 0x2F,
    0x62, 0x62, 0x66, 0x63, 0x11, 0x19, 0x66, 0x26, 0x2B, 0x66, 0xF2, 0x0F, 0x60, 0x62, 0xF6, 0x66,
    0x26, 0x62, 0x61, 0x16, 0x26, 0x62, 0x62, 0x66, 0x26, 0x22, 0xF2, 0x67, 0x28, 0x22, 0x62, 0x66,
    0x26, 0x26, 0x62, 0xF2, 0x66, 0x29, 0x22, 0x62, 0x26, 0x2F, 0x62, 0x62, 0x62, 0x66, 0x26, 0x11,
    0x11, 0x11, 0x11, 0x11, 0x0D, 0xE1, 0x11, 0x11, 0x11, 0x10, 0xCD, 0xCC, 0x6D, 0x11, 0x11, 0x11,
    0x55, 0xA5, 0x55, 0x15, 0x55, 0x55, 0x55, 0x55, 0x15, 0xDD, 0xD1, 0x55, 0x55, 0x55, 0x50, 0x5A,
    0x55, 0x55, 0x56, 0x26, 0x00, 0xF2, 0x22, 0x26, 0x00, 0x25, 0x02, 0x00, 0xA0, 0xF2, 0x22, 0xB5,
    0xA1, 0x04, 0x22, 0x22, 0x6F, 0x22, 0x20, 0xF2, 0x62, 0x66, 0x2F, 0x22, 0x22, 0x6F, 0x0F, 0x22,
    0x22, 0x62, 0x66, 0x2F, 0x22, 0x00, 0x26, 0x26, 0x60, 0xF2, 0x22, 0x26, 0x11, 0x11, 0x06, 0x26,
    0x22, 0x22, 0xF2, 0x01, 0x11, 0x62, 0x22, 0x26, 0x22, 0x22, 0x61, 0x16, 0x22, 0x22, 0x60, 0x22,
    0x2F, 0x22, 0x62, 0x22, 0x63, 0x22, 0xF2, 0x62, 0x26, 0x22, 0x22, 0x6B, 0x22, 0x26, 0xF2, 0x22,
    0x66, 0x26, 0x62, 0xF2, 0x67, 0x22, 0x26, 0x22, 0x22, 0x21, 0x11, 0x11, 0x1C, 0xDC, 0x10, 0x11,
    0x11, 0x9D, 0xCC, 0xCC, 0x11, 0x11, 0x11, 0x11, 0x5A, 0x55, 0xA5, 0x55, 0x15, 0x51, 0x51, 0x55,
    0x55, 0x5D, 0x55, 0x51, 0x51, 0x5A, 0x55, 0x15, 0x11, 0x11, 0x16, 0x66, 0x19, 0x66, 0x66, 0x66,
    0x96, 0x65, 0x06, 0x69, 0x01, 0x66, 0x66, 0x61, 0x0A, 0xA5, 0x66, 0xF6, 0x66, 0x66, 0xF6, 0x66,
    0x66, 0x66, 0x66, 0x6F, 0x6F, 0x56, 0x66, 0x6F, 0x66, 0x66, 0x66, 0x66, 0x6F, 0x06, 0xF6, 0x66,
    0x66, 0x66, 0x66, 0x66, 0x01, 0x11, 0x16, 0x66, 0x66, 0x66, 0x66, 0x60, 0x11, 0x66, 0x6F, 0x66,
    0x66, 0x66, 0x01, 0x16, 0x66, 0xF6, 0x26, 0x6F, 0x6F, 0x66, 0xF6, 0x66, 0x62, 0x22, 0x66, 0xB2,
    0x12, 0x66, 0x66, 0x06, 0x66, 0x6F, 0x66, 0xF6, 0x66, 0x66, 0x66, 0x66, 0x66, 0x66, 0x6B, 0x21,
    0x21, 0x22, 0x22, 0x22, 0x11, 0x96, 0xCD, 0xA0, 0x0D, 0xDC, 0xCC, 0x61, 0x11, 0x11, 0x11, 0x11,
    0x55, 0x05, 0x55, 0xA5, 0x51, 0x55, 0x55, 0x51, 0x5A, 0x5D, 0xDA, 0x55, 0x55, 0x55, 0xA5, 0x55,
    0x55, 0x55, 0x50, 0x50, 0x01, 0x00, 0x00, 0x01, 0x0A, 0x0A, 0x19, 0x0A, 0x0A, 0x00, 0x00, 0x15,
    0x10, 0x1A, 0x05, 0x05, 0x09, 0x00, 0x50, 0x00, 0x00, 0x00, 0x50, 0x90, 0x50, 0x9A, 0x00, 0x50,
    0x00, 0x00, 0x01, 0x00, 0x09, 0x10, 0x10, 0x01, 0x10, 0x10, 0x00, 0x01, 0x11, 0x11, 0x11, 0x10,
    0x10, 0x00, 0x10, 0x11, 0x11, 0x10, 0x00, 0x01, 0x00, 0x01, 0x11, 0x11, 0x02, 0x02, 0x22, 0x02,
    0x22, 0x22, 0x22, 0x22, 0x22, 0x12, 0x22, 0x12, 0x22, 0x22, 0x22, 0x22, 0x22, 0x22, 0x22, 0x22,
    0x22, 0x22, 0x22, 0x22, 0x22, 0x22, 0x22, 0x22, 0x22, 0x21, 0x21, 0x21, 0x22, 0x11, 0x6C, 0xF0,
    0x4C, 0xC6, 0xC3, 0x11, 0x11, 0x11, 0x11, 0x11, 0x51, 0x55, 0x15, 0x55, 0x55, 0x51, 0x51, 0x55,
    0x55, 0x53, 0xD5, 0x55, 0x15, 0x51, 0x55, 0x51, 0x55, 0xA5, 0x1A, 0x11, 0xA5, 0x91, 0x51, 0xA5,
    0x1A, 0x01, 0x51, 0xA5, 0x15, 0x1A, 0x0A, 0x01, 0x15, 0x15, 0x11, 0xA1, 0xA0, 0xA1, 0x11, 0x90,
    0xA0, 0xA1, 0x1A, 0x15, 0x1A, 0x10, 0xA1, 0x11, 0xA0, 0x1A, 0x10, 0xA1, 0xA1, 0x1A, 0x11, 0x11,
    0x11, 0x11, 0x11, 0x11, 0x11, 0x11, 0x11, 0x11, 0x11, 0x11, 0x11, 0x91, 0x11, 0x11, 0x11, 0x21,
    0x21, 0x21, 0x21, 0x22, 0x21, 0x21, 0x21, 0x22, 0x12, 0x12, 0x12, 0x21, 0x92, 0x22, 0x12, 0x22,
    0x21, 0x22, 0x12, 0x22, 0x12, 0x21, 0x22, 0x12, 0x22, 0x12, 0x12, 0x12, 0x12, 0x11, 0x11, 0x11,
    0x11, 0x11, 0x11, 0x11, 0x11, 0x11, 0x11, 0x11, 0xF6, 0xCB, 0xA8, 0x11, 0x11, 0x11, 0x11, 0x11,
    0x55, 0x55, 0x51, 0x50, 0x5A, 0x55, 0x55, 0x55, 0x15, 0xDD, 0xD0, 0x55, 0x5A, 0x55, 0x55, 0x15,
    0x1A, 0x0A, 0x15, 0x15, 0x10, 0x51, 0x15, 0x11, 0x51, 0x51, 0xD5, 0x11, 0x51, 0x15, 0x1D, 0x51,
    0x51, 0xA0, 0xA0, 0x15, 0x11, 0x5A, 0x72, 0x22, 0x62, 0x26, 0x62, 0x29, 0x02, 0x02, 0x62, 0x06,
    0x22, 0x66, 0x22, 0x62, 0x26, 0x10, 0xD2, 0x61, 0x02, 0x60, 0x26, 0x20, 0x62, 0x62, 0x62, 0x46,
    0x22, 0x61, 0x14, 0x62, 0x0C, 0x26, 0x62, 0x22, 0x26, 0x25, 0x22, 0x62, 0x22, 0x22, 0x86, 0x22,
    0x62, 0xF2, 0x62, 0x26, 0x26, 0x12, 0x22, 0x21, 0x22, 0x12, 0x22, 0x12, 0x22, 0x22, 0x12, 0x22,
    0x12, 0x22, 0x22, 0x22, 0x12, 0x22, 0x22, 0x22, 0x22, 0x22, 0x22, 0x22, 0x22, 0x22, 0x22, 0x22,
    0x22, 0xC0, 0x05, 0x92, 0x22, 0x22, 0x22, 0x22, 0x51, 0x55, 0x15, 0x55, 0x55, 0x51, 0x51, 0x55,
    0x55, 0xDD, 0xD0, 0xA1, 0x15, 0x31, 0x11, 0x11, 0x05, 0x15, 0x11, 0x15, 0x10, 0xA0, 0xA0, 0x15,
    0x11, 0x10, 0xDD, 0x5D, 0x15, 0xA5, 0xDD, 0x11, 0x15, 0x15, 0x15, 0x11, 0x51, 0x15, 0xC2, 0x62,
    0x62, 0xF6, 0x26, 0x25, 0x02, 0xF6, 0x66, 0x66, 0x26, 0x24, 0x62, 0x67, 0x62, 0x0C, 0x20, 0x61,
    0x02, 0x61, 0x2F, 0x20, 0x62, 0x6B, 0x26, 0x06, 0x46, 0x01, 0x62, 0x62, 0x66, 0x26, 0x62, 0xF6,
    0x46, 0x19, 0x6F, 0x62, 0xF6, 0x2F, 0x26, 0xB6, 0x52, 0x62, 0x06, 0xF6, 0x66, 0x22, 0x12, 0x12,
    0x21, 0x22, 0x21, 0x22, 0x12, 0x12, 0x22, 0x22, 0x22, 0x12, 0x21, 0x22, 0x22, 0x12, 0x12, 0x12,
    0x12, 0x21, 0x22, 0x21, 0x22, 0x12, 0x12, 0x12, 0x12, 0x22, 0x21, 0x11, 0x11, 0x11, 0x11, 0x11,
    0x55, 0x15, 0x55, 0x15, 0xA5, 0x15, 0x55, 0x51, 0x11, 0xDD, 0xDD, 0x50, 0xA1, 0x55, 0x15, 0x15,
    0xA1, 0x11, 0x15, 0xA0, 0xA0, 0x31, 0x5A, 0x0A, 0x0A, 0x51, 0x9D, 0x44, 0xD3, 0xD4, 0xD1, 0x05,
    0xA0, 0x11, 0x11, 0x50, 0x15, 0xA1, 0x60, 0xF2, 0x62, 0x66, 0x52, 0x25, 0x02, 0x20, 0x62, 0x26,
    0x22, 0x44, 0x72, 0x66, 0x26, 0x16, 0x20, 0x21, 0x02, 0x60, 0x26, 0x21, 0x06, 0x26, 0x26, 0x26,
    0xB6, 0x01, 0x62, 0xF2, 0x22, 0x26, 0x62, 0x26, 0x26, 0x27, 0x22, 0x62, 0x26, 0x22, 0x26, 0xB0,
    0x62, 0x22, 0x62, 0x26, 0x6F, 0x22, 0x22, 0x22, 0x22, 0x22, 0x22, 0x22, 0x22, 0x22, 0x22, 0x22,
    0x12, 0x21, 0x22, 0x12, 0x12, 0x22, 0x22, 0x22, 0x21, 0x22, 0x21, 0x22, 0x21, 0x21, 0x11, 0x11,
    0x11, 0x11, 0x11, 0x11, 0x11, 0x11, 0x11, 0x11, 0x55, 0x5C, 0x55, 0x55, 0x55, 0x55, 0xA5, 0x15,
    0x1D, 0xDD, 0xDD, 0x1A, 0x0A, 0xD1, 0xA0, 0xA0, 0x15, 0x15, 0x15, 0x11, 0x5D, 0xD5, 0x11, 0x51,
    0x51, 0x0A, 0x01, 0xDD, 0x4D, 0x0D, 0x15, 0x11, 0x15, 0x15, 0x15, 0x11, 0x51, 0x01, 0x62, 0x62,
    0x62, 0xF6, 0x26, 0x25, 0xA2, 0xF6, 0x46, 0xF6, 0x26, 0x62, 0x62, 0x62, 0x66, 0x16, 0x2F, 0x20,
    0x12, 0x66, 0x26, 0x26, 0x66, 0x20, 0x26, 0x26, 0x36, 0x02, 0x62, 0x02, 0x22, 0x0F, 0x62, 0x66,
    0x26, 0x23, 0x6F, 0x62, 0xF6, 0x26, 0x66, 0x36, 0x02, 0x62, 0x62, 0xF6, 0x66, 0x22, 0x22, 0x22,
    0x22, 0x22, 0x22, 0x22, 0x22, 0x22, 0x22, 0x21, 0x22, 0x22, 0x21, 0x22, 0x22, 0x12, 0x21, 0x22,
    0x22, 0x21, 0x22, 0x21, 0x22, 0x22, 0x22, 0x21, 0x11, 0x11, 0x11, 0x11, 0x11, 0x11, 0x11, 0x11,
    0x51, 0x56, 0x11, 0x11, 0x11, 0xDA, 0x01, 0xAD, 0x1D, 0xDD, 0xDD, 0x0A, 0x0A, 0xD5, 0x15, 0x15,
    0x15, 0x11, 0x51, 0x15, 0x1D, 0xD0, 0x15, 0x11, 0x15, 0xA0, 0x90, 0xD0, 0x4D, 0xCA, 0x4A, 0x15,
    0x11, 0x51, 0x11, 0x51, 0xA0, 0xA0, 0x20, 0x52, 0x06, 0x6F, 0x06, 0x03, 0x00, 0x00, 0x60, 0x56,
    0x00, 0x06, 0x0B, 0x60, 0x00, 0x16, 0xF0, 0x4C, 0x00, 0x00, 0x06, 0x00, 0x06, 0x20, 0x60, 0xF6,
    0x80, 0x61, 0x85, 0x6F, 0x6F, 0x66, 0x60, 0x00, 0x06, 0x2B, 0x00, 0x60, 0x00, 0x06, 0x26, 0x80,
    0xF0, 0x60, 0x26, 0xF6, 0x26, 0x22, 0x22, 0x22, 0x22, 0x22, 0x22, 0x22, 0x22, 0x22, 0x22, 0x22,
    0x22, 0x22, 0x22, 0x22, 0x12, 0x21, 0x22, 0x21, 0x21, 0x22, 0x21, 0x22, 0x12, 0x12, 0x21, 0x22,
    0x22, 0x22, 0x22, 0x22, 0x22, 0x22, 0x22, 0x22, 0xA0, 0x06, 0x15, 0x15, 0x15, 0xDA, 0x0A, 0x0D,
    0x5D, 0xDD, 0xDD, 0x5A, 0x55, 0xD1, 0x11, 0xA0, 0xA0, 0xA5, 0x11, 0x51, 0x5D, 0xD1, 0x51, 0xA5,
    0x11, 0x0A, 0x0A, 0x00, 0x90, 0x10, 0x10, 0x51, 0x15, 0x1A, 0x51, 0x11, 0x51, 0x51, 0x66, 0x56,
    0xF0, 0x59, 0x90, 0x59, 0x95, 0x95, 0x03, 0x90, 0x99, 0x19, 0x35, 0x09, 0x59, 0x01, 0x09, 0x01,
    0x10, 0x90, 0x90, 0x00, 0x00, 0x01, 0x19, 0x01, 0x93, 0x11, 0x16, 0x60, 0x02, 0x09, 0x00, 0x12,
    0x02, 0x21, 0x09, 0x20, 0x00, 0x02, 0x22, 0x09, 0x20, 0x20, 0x02, 0x96, 0x62, 0x22, 0x22, 0x22,
    0x22, 0x22, 0x22, 0x22, 0x22, 0x22, 0x22, 0x22, 0x22, 0x22, 0x22, 0x22, 0x22, 0x22, 0x22, 0x22,
    0x22, 0x21, 0x22, 0x21, 0x22, 0x22, 0x12, 0x21, 0x21, 0x22, 0x12, 0x12, 0x21, 0x21, 0x22, 0x12,
    0x0A, 0x06, 0xA1, 0xA0, 0xA0, 0xDD, 0x5A, 0x04, 0x5D, 0xDD, 0xDD, 0x51, 0x3D, 0xDD, 0x50, 0x5A,
    0x0A, 0x01, 0x15, 0x11, 0x0D, 0xDA, 0x0A, 0x01, 0x51, 0x51, 0x51, 0x51, 0x11, 0x51, 0x51, 0xA0,
    0xA0, 0xA0, 0x15, 0x15, 0x11, 0x09, 0x00, 0x10, 0x01, 0xA0, 0x9A, 0xA1, 0x01, 0x9A, 0x0A, 0x09,
    0x10, 0xA1, 0x11, 0x11, 0x11, 0x11, 0x11, 0x11, 0x11, 0x11, 0x21, 0x11, 0x11, 0x11, 0x11, 0x11,
    0x22, 0x22, 0x22, 0x11, 0x11, 0x22, 0x22, 0x22, 0x22, 0x12, 0x22, 0x22, 0x22, 0x22, 0x12, 0x22,
    0x22, 0x22, 0x22, 0x22, 0x22, 0x22, 0x21, 0x22, 0x22, 0x22, 0x22, 0x22, 0x22, 0x22, 0x22, 0x22,
    0x22, 0x22, 0x22, 0x22, 0x22, 0x22, 0x22, 0x21, 0x21, 0x22, 0x21, 0x22, 0x22, 0x22, 0x22, 0x22,
    0x22, 0x22, 0x22, 0x21, 0x22, 0x22, 0x12, 0x22, 0x11, 0x0D, 0x01, 0x51, 0x0D, 0xDD, 0xD0, 0x75,
    0x75, 0xDD, 0xDD, 0xDA, 0xDD, 0xDD, 0x0A, 0x11, 0x51, 0x51, 0x51, 0x15, 0x0D, 0xD5, 0x15, 0x15,
    0x1A, 0x0A, 0x11, 0x11, 0x51, 0xA0, 0xA1, 0x51, 0x51, 0x51, 0x51, 0x11, 0x51, 0x51, 0xA1, 0x51,
    0xA0, 0x11, 0x51, 0x0A, 0x51, 0x90, 0xA0, 0x11, 0x11, 0x11, 0x11, 0x11, 0x11, 0x11, 0x12, 0x11,
    0x21, 0x11, 0x11, 0x11, 0x21, 0x11, 0x21, 0x11, 0x11, 0x11, 0x12, 0x22, 0x22, 0x22, 0x21, 0x21,
    0x22, 0x22, 0x12, 0x22, 0x22, 0x21, 0x22, 0x21, 0x22, 0x12, 0x12, 0x22, 0x22, 0x22, 0x22, 0x22,
    0x22, 0x22, 0x22, 0x22, 0x22, 0x22, 0x22, 0x22, 0x22, 0x22, 0x22, 0x22, 0x22, 0x22, 0x22, 0x22,
    0x22, 0x21, 0x22, 0x21, 0x21, 0x22, 0x22, 0x22, 0x22, 0x22, 0x2A, 0x4D, 0x21, 0x22, 0x22, 0x12,
    0xA1, 0x6B, 0x50, 0x1D, 0x1D, 0xDD, 0xD5, 0x57, 0x75, 0xDD, 0xDD, 0xD5, 0xAD, 0xDD, 0x11, 0x51,
    0x0A, 0x11, 0x0A, 0x0A, 0xDD, 0xDD, 0xA1, 0x11, 0x15, 0x15, 0x15, 0x15, 0x15, 0x15, 0x15, 0x11,
    0x11, 0x11, 0x11, 0x50, 0xA1, 0x15, 0x00, 0x11, 0x51, 0x51, 0x0A, 0x01, 0x11, 0x11, 0x11, 0x11,
    0x11, 0x11, 0x11, 0x12, 0x11, 0x21, 0x11, 0x11, 0x11, 0x21, 0x12, 0x11, 0x11, 0x11, 0x11, 0x21,
    0x11, 0x11, 0x11, 0x11, 0x11, 0x11, 0x11, 0x11, 0x11, 0x11, 0x11, 0x11, 0x11, 0x11, 0x11, 0x22,
    0x12, 0x22, 0x22, 0x22, 0x22, 0x22, 0x22, 0x22, 0x22, 0x22, 0x22, 0x22, 0x22, 0x22, 0x22, 0x22,
    0x22, 0x22, 0x22, 0x22, 0x22, 0x22, 0x22, 0x22, 0x22, 0x22, 0x22, 0x22, 0x22, 0x22, 0x22, 0x22,
    0x22, 0x1E, 0x94, 0x92, 0x82, 0x12, 0x12, 0x22, 0x16, 0xF8, 0x61, 0x59, 0x5D, 0xDD, 0x51, 0x74,
    0x5D, 0xDD, 0xDD, 0x30, 0x1D, 0xDD, 0x51, 0x15, 0xA0, 0x51, 0x51, 0x51, 0xDD, 0xDD, 0x05, 0x15,
    0x11, 0x15, 0x11, 0x51, 0x11, 0x0A, 0x01, 0x15, 0x15, 0x15, 0x15, 0x1A, 0x05, 0x11, 0x0A, 0x51,
    0x15, 0x11, 0x51, 0x51, 0x01, 0x0A, 0x0A, 0x01, 0x12, 0x11, 0x21, 0x11, 0x11, 0x11, 0x11, 0x21,
    0x11, 0x11, 0x11, 0x11, 0x12, 0x11, 0x11, 0x11, 0x11, 0x11, 0x21, 0x11, 0x11, 0x11, 0x11, 0x22,
    0x11, 0x12, 0x11, 0x11, 0x11, 0x11, 0x22, 0x22, 0x22, 0x12, 0x12, 0x12, 0x12, 0x12, 0x22, 0x22,
    0x22, 0x22, 0x22, 0x22, 0x22, 0x22, 0x22, 0x22, 0x22, 0x22, 0x22, 0x22, 0x22, 0x22, 0x22, 0x22,
    0x22, 0x22, 0x82, 0x22, 0x22, 0x22, 0x12, 0x12, 0x12, 0x81, 0xD4, 0x04, 0x18, 0x22, 0x22, 0x12,
    0x1B, 0xFB, 0x3C, 0x1D, 0xDD, 0xDD, 0xD3, 0xD4, 0x4D, 0xDD, 0xD7, 0x33, 0x0D, 0xDD, 0x15, 0x11,
    0x51, 0xA0, 0xA1, 0x15, 0xDD, 0xDD, 0xD1, 0x15, 0x15, 0x11, 0xD1, 0x15, 0x15, 0xA0, 0xA5, 0x0A,
    0x0A, 0x0A, 0x0C, 0x15, 0xA1, 0x5C, 0xCA, 0x15, 0x11, 0x51, 0x10, 0x15, 0x15, 0xA0, 0xA0, 0xA1,
    0x91, 0x11, 0x11, 0x21, 0x12, 0x11, 0x21, 0x11, 0x21, 0x11, 0x11, 0x21, 0x11, 0x11, 0x21, 0x11,
    0x11, 0x22, 0x22, 0x22, 0x22, 0x22, 0x22, 0x12, 0x22, 0x22, 0x22, 0x22, 0x22, 0x22, 0x22, 0x22,
    0x22, 0x22, 0x22, 0x22, 0x22, 0x22, 0x22, 0x22, 0x22, 0x22, 0x22, 0x22, 0x22, 0x22, 0x22, 0x22,
    0x22, 0x22, 0x22, 0x22, 0x22, 0x22, 0x22, 0x22, 0x22, 0x28, 0xD8, 0x82, 0x22, 0x21, 0x22, 0x21,
    0x82, 0x21, 0x24, 0x14, 0x81, 0xD2, 0x12, 0x12, 0x16, 0xBB, 0xF3, 0x1D, 0xDD, 0xDD, 0xDD, 0x3D,
    0x3D, 0xDD, 0xDD, 0x34, 0xDD, 0xDD, 0x5A, 0x15, 0x11, 0x51, 0x51, 0x5D, 0xDD, 0xDD, 0xD5, 0x11,
    0x15, 0x15, 0xD0, 0x51, 0x11, 0x0A, 0x01, 0xA0, 0xA5, 0x10, 0xAC, 0x01, 0x15, 0x1C, 0xB4, 0x11,
    0x10, 0x11, 0xC0, 0x11, 0x11, 0x11, 0x11, 0x11, 0x11, 0x11, 0x11, 0x11, 0x11, 0x11, 0x11, 0x11,
    0x11, 0x21, 0x12, 0x11, 0x11, 0x22, 0x22, 0x22, 0x22, 0x21, 0x21, 0x22, 0x12, 0x21, 0x22, 0x22,
    0x12, 0x21, 0x22, 0x22, 0x22, 0x22, 0x22, 0x28, 0x82, 0x22, 0x22, 0x22, 0x22, 0x22, 0x22, 0x22,
    0x22, 0x22, 0x22, 0x22, 0x22, 0x22, 0x22, 0x22, 0x22, 0x22, 0x22, 0x22, 0x22, 0x22, 0x22, 0x22,
    0x22, 0x22, 0x24, 0x22, 0x82, 0x22, 0x21, 0x82, 0x2D, 0x12, 0x2D, 0x24, 0x2D, 0x28, 0x99, 0x82,
    0xBB, 0xFB, 0xF9, 0x1D, 0xDD, 0xDD, 0xDD, 0xD3, 0xD7, 0xDD, 0xDD, 0x73, 0xDD, 0xDD, 0x95, 0x11,
    0x5A, 0x15, 0x11, 0x1D, 0xDD, 0xDD, 0xD1, 0x15, 0xA1, 0x51, 0xD1, 0xA1, 0x51, 0x51, 0x51, 0x5A,
    0x01, 0x51, 0x5B, 0x10, 0x11, 0x9B, 0xBD, 0x11, 0x11, 0x11, 0xBB, 0x11, 0x11, 0x11, 0x11, 0x11,
    0x11, 0x12, 0x12, 0x11, 0x21, 0x12, 0x11, 0x21, 0x11, 0x12, 0x11, 0x22, 0x22, 0x22, 0x21, 0x22,
    0x22, 0x22, 0x22, 0x12, 0x21, 0x22, 0x12, 0x12, 0x21, 0x22, 0x21, 0x22, 0x22, 0x22, 0x22, 0x20,
    0x12, 0x22, 0x22, 0x22, 0x22, 0x22, 0x22, 0x22, 0x22, 0x22, 0x22, 0x22, 0x22, 0x22, 0x22, 0x22,
    0x22, 0x22, 0x22, 0x22, 0x22, 0x22, 0x22, 0x22, 0x22, 0x20, 0x22, 0x22, 0x22, 0xE2, 0x12, 0x12,
    0xE2, 0x21, 0x20, 0xA0, 0x22, 0x77, 0x47, 0x42, 0x4F, 0x6B, 0xB6, 0x3D, 0xDD, 0xDD, 0xD5, 0xD7,
    0xD3, 0xDD, 0xDD, 0x33, 0xDD, 0xDD, 0x5A, 0x01, 0x10, 0xA0, 0xA5, 0x1D, 0xDD, 0xDD, 0xD0, 0x51,
    0x0A, 0x01, 0xD5, 0x01, 0x51, 0x11, 0x11, 0x10, 0xAC, 0x11, 0x5F, 0xC1, 0x11, 0x0F, 0xB1, 0x1C,
    0x11, 0x10, 0xBB, 0x81, 0x11, 0x11, 0x11, 0x12, 0x11, 0x21, 0x11, 0x12, 0x11, 0x11, 0x11, 0x11,
    0x11, 0x11, 0x11, 0x11, 0x12, 0x12, 0x12, 0x21, 0x21, 0x21, 0x22, 0x22, 0x12, 0x22, 0x22, 0x22,
    0x12, 0x22, 0x22, 0x22, 0x22, 0x22, 0x22, 0x8D, 0xDE, 0x22, 0x22, 0x22, 0x22, 0x22, 0x22, 0x22,
    0x22, 0x22, 0x22, 0x22, 0x22, 0x22, 0x22, 0x22, 0x22, 0x22, 0x22, 0x22, 0x22, 0x22, 0x28, 0x22,
    0x82, 0x24, 0x22, 0x22, 0x44, 0x04, 0x22, 0x24, 0x22, 0x12, 0xD4, 0x44, 0x40, 0x44, 0x44, 0x42,
    0xFF, 0xFF, 0xBF, 0x9B, 0x4B, 0x4B, 0xDD, 0xDD, 0xDD, 0xDD, 0xDD, 0xDD, 0xDD, 0xDD, 0x5A, 0xD0,
    0x51, 0x05, 0x11, 0x5D, 0xDD, 0xDD, 0xDA, 0x15, 0xA0, 0xA0, 0xD0, 0xA5, 0x11, 0x51, 0x50, 0x5A,
    0x0C, 0x5A, 0xBF, 0x41, 0x11, 0x0B, 0xBB, 0x1D, 0x11, 0x1B, 0xBB, 0x21, 0x1C, 0x21, 0x21, 0x1B,
    0xB1, 0x11, 0x11, 0x1E, 0x12, 0x11, 0x21, 0x11, 0x12, 0x11, 0x11, 0x11, 0x11, 0x11, 0x11, 0x22,
    0x22, 0x22, 0x12, 0x12, 0x22, 0x12, 0x22, 0x22, 0x22, 0x22, 0x22, 0x22, 0x22, 0x22, 0x22, 0x27,
    0x02, 0x22, 0x22, 0x22, 0x22, 0x22, 0x22, 0x22, 0x22, 0x22, 0x22, 0x22, 0x22, 0x22, 0x22, 0x22,
    0x22, 0x22, 0x22, 0x22, 0x22, 0x42, 0x22, 0x42, 0x22, 0x24, 0x44, 0x44, 0x7D, 0x44, 0x44, 0x44,
    0xD4, 0x4D, 0x44, 0xD4, 0xD7, 0x44, 0x44, 0x44, 0xF6, 0xFF, 0xF8, 0xF6, 0xBB, 0xBB, 0xBB, 0xBD,
    0x43, 0xCD, 0xDD, 0xDD, 0xDD, 0xDD, 0x3A, 0xDD, 0xA0, 0x3D, 0xDD, 0xDD, 0xDD, 0xDD, 0xD0, 0x51,
    0x15, 0x1D, 0xDD, 0x01, 0x15, 0x11, 0x5C, 0x11, 0xDF, 0xC1, 0xDF, 0xB3, 0x11, 0xBB, 0xBB, 0x18,
    0x11, 0x1F, 0xBF, 0x91, 0xC8, 0x1C, 0x11, 0x2B, 0xB1, 0x11, 0x21, 0x3B, 0x11, 0x11, 0x21, 0x22,
    0x21, 0x22, 0x22, 0x22, 0x12, 0x22, 0x22, 0x21, 0x21, 0x22, 0x22, 0x22, 0x22, 0x22, 0x22, 0x22,
    0x22, 0x22, 0x22, 0x22, 0x22, 0x22, 0x22, 0x27, 0x52, 0x22, 0x22, 0x22, 0x22, 0x22, 0x22, 0x22,
    0x22, 0x22, 0x22, 0x22, 0x22, 0x22, 0x22, 0x22, 0x22, 0x22, 0x22, 0x22, 0xA0, 0x90, 0x99, 0x99,
    0x99, 0x04, 0x00, 0x40, 0x99, 0x50, 0x00, 0x02, 0x22, 0x22, 0xD4, 0x22, 0xD0, 0x22, 0xD2, 0xD5,
    0x46, 0xFF, 0xF8, 0xFB, 0xBB, 0xBB, 0xB4, 0xBB, 0x4B, 0xF4, 0xDD, 0xDD, 0xDD, 0xDD, 0xD5, 0xDD,
    0xD5, 0x7D, 0xDD, 0xDD, 0xDD, 0xDD, 0xDD, 0x5D, 0xD5, 0x5D, 0xDD, 0x15, 0x00, 0xBB, 0x4F, 0xDA,
    0x0B, 0xC1, 0xBB, 0xF1, 0x02, 0x0F, 0xB8, 0xBC, 0xB1, 0x2C, 0xBB, 0xB1, 0xBB, 0x1B, 0x11, 0x0B,
    0xB2, 0x11, 0x11, 0x2B, 0x12, 0x22, 0x22, 0x21, 0x22, 0x12, 0x12, 0x12, 0x22, 0x21, 0x21, 0x22,
    0x22, 0x22, 0x22, 0x22, 0x22, 0x22, 0x22, 0x22, 0x22, 0x22, 0x22, 0x22, 0x22, 0x22, 0x22, 0x27,
    0x92, 0x22, 0x22, 0x22, 0x22, 0x22, 0x22, 0x22, 0x22, 0x22, 0x22, 0x22, 0x22, 0x22, 0x22, 0x22,
    0x22, 0x22, 0x22, 0x22, 0x22, 0x22, 0x22, 0x22, 0x22, 0x22, 0x22, 0x42, 0x22, 0x92, 0x31, 0x22,
    0x22, 0x12, 0x42, 0x42, 0x41, 0x02, 0xD1, 0x22, 0xBF, 0xFB, 0xFF, 0x36, 0xBB, 0xBB, 0xBB, 0xBB,
    0xBB, 0xBB, 0xBD, 0xDD, 0xDD, 0xDD, 0xDD, 0xDD, 0xDD, 0xDD, 0xDD, 0xDD, 0xDD, 0xDD, 0xDD, 0xDD,
    0xDD, 0xDD, 0xDD, 0x4B, 0xDB, 0xB4, 0xBF, 0xBB, 0xFC, 0xFB, 0xFB, 0xB0, 0xBF, 0xBB, 0xFB, 0x1B,
    0xB1, 0x92, 0xBB, 0x81, 0xBF, 0x1B, 0xC1, 0xBB, 0xB1, 0x11, 0x11, 0xBB, 0xB2, 0x21, 0x21, 0x22,
    0x21, 0x22, 0x22, 0x22, 0x12, 0x12, 0x22, 0x21, 0x21, 0x22, 0x22, 0x22, 0x22, 0x22, 0x22, 0x22,
    0x22, 0x22, 0x22, 0x22, 0x22, 0x22, 0x22, 0x14, 0x4A, 0x22, 0x22, 0x22, 0x22, 0x22, 0x22, 0x22,
    0x22, 0x22, 0x22, 0x22, 0x22, 0x22, 0x22, 0x22, 0x22, 0x22, 0x22, 0x22, 0x22, 0x28, 0x22, 0x22,
    0x22, 0x22, 0x99, 0x40, 0x22, 0x92, 0x22, 0x21, 0x22, 0x99, 0x75, 0x59, 0xD5, 0x59, 0xD5, 0x59,
    0xFF, 0xFF, 0x8F, 0xB3, 0x4B, 0xBB, 0xBB, 0xBB, 0xBB, 0xFF, 0xBB, 0xBD, 0xDD, 0xDD, 0xDD, 0xDD,
    0xDD, 0xDD, 0xDD, 0xDD, 0xDD, 0xDD, 0xDD, 0xDD, 0x4D, 0xDB, 0x4B, 0xBB, 0xB4, 0xBB, 0xBB, 0xBB,
    0xFB, 0xBB, 0xBB, 0xBB, 0xBB, 0xFF, 0xBB, 0xBB, 0xBB, 0xBB, 0xFB, 0xBB, 0xF8, 0x1B, 0x8B, 0xBB,
    0xB8, 0x12, 0x22, 0xBB, 0x21, 0x2B, 0x12, 0x21, 0x82, 0x12, 0x12, 0x12, 0x22, 0x21, 0x21, 0x22,
    0x22, 0x21, 0x21, 0x22, 0x12, 0x22, 0x12, 0x22, 0x12, 0x21, 0x22, 0x22, 0x22, 0x22, 0x22, 0x85,
    0x02, 0x22, 0x22, 0x22, 0x22, 0x22, 0x22, 0x22, 0x22, 0x22, 0x22, 0x22, 0x22, 0x22, 0x22, 0x22,
    0x22, 0x22, 0x22, 0x22, 0x22, 0x48, 0x22, 0x22, 0x22, 0x22, 0x22, 0x42, 0x22, 0x92, 0x99, 0x99,
    0xD9, 0x55, 0xD1, 0x57, 0x49, 0x54, 0xD5, 0x95, 0xFB, 0xB8, 0xB8, 0x6B, 0xBB, 0xBF, 0xBB, 0xB4,
    0xBB, 0xFB, 0xBB, 0xBB, 0xB4, 0xDD, 0xDD, 0xDD, 0xDD, 0xDD, 0xDD, 0xDD, 0xD4, 0xDD, 0x4D, 0xB4,
    0xBB, 0xBB, 0xBB, 0x4B, 0xBB, 0xBB, 0x4F, 0xBB, 0xBF, 0xFB, 0xBF, 0xBB, 0xBB, 0xBB, 0xBB, 0xBB,
    0xBD, 0xBB, 0xBB, 0xB1, 0xBB, 0xBB, 0xF4, 0xBB, 0xBB, 0x44, 0x44, 0xBB, 0x88, 0x3B, 0x38, 0x38,
    0xB8, 0x38, 0x38, 0x38, 0x33, 0x83, 0x88, 0xD8, 0xD8, 0xDE, 0x82, 0x21, 0x22, 0x12, 0x22, 0x11,
    0x11, 0x11, 0x21, 0x22, 0x12, 0x22, 0x21, 0x37, 0x02, 0x12, 0x22, 0x22, 0x22, 0x22, 0x22, 0x22,
    0x22, 0x22, 0x22, 0x22, 0x22, 0x22, 0x22, 0x22, 0x22, 0x22, 0x22, 0x22, 0x22, 0x44, 0x42, 0x22,
    0x22, 0x22, 0x12, 0x40, 0x24, 0x59, 0x59, 0x5D, 0xD5, 0x99, 0x75, 0x5D, 0xD5, 0x95, 0xD5, 0x95,
    0xFF, 0xFB, 0x88, 0x3B, 0xBB, 0xBF, 0xBB, 0xBB, 0xB4, 0xFF, 0xBB, 0xBB, 0xBB, 0xBB, 0xDD, 0xDD,
    0xDD, 0xDD, 0xD4, 0x44, 0xB4, 0xBB, 0xBB, 0xBB, 0xBB, 0x4B, 0x4B, 0xBB, 0xBB, 0x4B, 0xBB, 0xF4,
    0xFB, 0xBB, 0xBF, 0xBF, 0xBF, 0xBF, 0xBB, 0xBB, 0xBB, 0xBF, 0xBB, 0xBB, 0xBB, 0xBB, 0x8B, 0xBB,
    0xBB, 0xD7, 0x44, 0xBB, 0x84, 0x4B, 0x44, 0x4D, 0xB4, 0x44, 0x44, 0x4D, 0x44, 0x44, 0x47, 0x44,
    0x44, 0x44, 0xD8, 0x22, 0x22, 0x21, 0x11, 0x11, 0x11, 0x11, 0x11, 0x11, 0x11, 0x11, 0x22, 0x4D,
    0xDE, 0x22, 0x12, 0x12, 0x22, 0x22, 0x22, 0x22, 0x22, 0x22, 0x22, 0x22, 0x22, 0x22, 0x22, 0x22,
    0x22, 0x22, 0x22, 0x22, 0x11, 0x47, 0xD2, 0x11, 0xA1, 0x93, 0x47, 0x44, 0xDD, 0x35, 0xD0, 0x57,
    0x77, 0x05, 0xD7, 0xD7, 0x7D, 0x7D, 0x4A, 0x59, 0xFF, 0xFF, 0xBF, 0x8E, 0x6B, 0xFF, 0xB4, 0x44,
    0x4F, 0xFB, 0xF4, 0x44, 0x44, 0x44, 0x44, 0x44, 0x44, 0x4B, 0x4B, 0xBB, 0xBB, 0xB4, 0xBB, 0x4B,
    0xBB, 0xBB, 0xBB, 0xB4, 0xBB, 0xBB, 0xBB, 0xFB, 0xFB, 0xFB, 0xBF, 0xBB, 0xBB, 0xBF, 0xBB, 0xBB,
    0xBB, 0xBB, 0xBB, 0xBB, 0xBB, 0xFB, 0xBB, 0xBB, 0xBB, 0xB4, 0x4B, 0xBB, 0xF4, 0x7B, 0xD4, 0x7B,
    0xB4, 0xD4, 0x47, 0xD7, 0x44, 0x7D, 0x7D, 0x74, 0x7D, 0x74, 0x44, 0x44, 0x44, 0x43, 0x8D, 0x11,
    0x11, 0x11, 0x11, 0x11, 0x11, 0x11, 0x11, 0xDD, 0x43, 0x11, 0x11, 0x11, 0x11, 0x11, 0x11, 0x11,
    0x10, 0x20, 0x00, 0x00, 0x00, 0x00, 0x00, 0x00, 0x20, 0x02, 0x02, 0x11, 0x11, 0x44, 0x49, 0x11,
    0x11, 0x05, 0x1A, 0x75, 0xA5, 0x59, 0x17, 0x44, 0x04, 0x54, 0x79, 0x54, 0xD5, 0x59, 0xD5, 0xD7,
    0xFF, 0xFF, 0xFF, 0xB3, 0x89, 0xBF, 0xF4, 0x4B, 0x4F, 0xFF, 0x44, 0xB4, 0xB4, 0xB4, 0x84, 0x44,
    0x4B, 0x44, 0x95, 0xBB, 0x44, 0x4B, 0x44, 0xB4, 0x84, 0xBB, 0x4B, 0xBB, 0xBB, 0xBB, 0xFF, 0xBF,
    0xBF, 0xBF, 0xBF, 0xBB, 0xFB, 0xFB, 0xBB, 0xBB, 0xBB, 0xBB, 0xBB, 0xBB, 0xBB, 0xB8, 0xBB, 0xBB,
    0xBB, 0xBD, 0xBB, 0xBB, 0x4D, 0xBB, 0xB7, 0x4B, 0xB4, 0xBD, 0x74, 0x44, 0xD7, 0xD7, 0xD7, 0xD4,
    0xD7, 0x4D, 0x7D, 0x74, 0x44, 0x44, 0x44, 0x4D, 0xDD, 0x44, 0x34, 0x31, 0x11, 0x11, 0x15, 0x45,
    0x50, 0x01, 0x00, 0x10, 0x10, 0x10, 0x11, 0x12, 0x22, 0x22, 0x22, 0x22, 0x22, 0x22, 0x22, 0x22,
    0x22, 0x22, 0x22, 0x19, 0x55, 0x7D, 0x7D, 0x59, 0x5D, 0x4D, 0x7D, 0x4D, 0x74, 0x44, 0x40, 0x0B,
    0x05, 0x74, 0xD5, 0x37, 0xD5, 0xD4, 0x44, 0xDD, 0xFF, 0xFB, 0xFF, 0x66, 0x6F, 0xFF, 0xF4, 0xBB,
    0xBB, 0xBF, 0x4B, 0xB8, 0x48, 0x48, 0xB4, 0x88, 0x44, 0x84, 0x48, 0x99, 0x94, 0x84, 0xB8, 0x48,
    0x48, 0x84, 0x8B, 0xBB, 0xBF, 0xBB, 0x4F, 0xFB, 0xFB, 0xBF, 0xBB, 0xBF, 0xBB, 0xFB, 0xFB, 0xBB,
    0x8B, 0xBB, 0xBF, 0xBB, 0xBF, 0xBB, 0xBB, 0xBB, 0xBB, 0xB9, 0xBB, 0xBB, 0xBB, 0xBB, 0xB4, 0x4B,
    0xBB, 0xB7, 0x4D, 0xD4, 0x7D, 0x7D, 0x7D, 0x47, 0xD7, 0xD7, 0x44, 0x4D, 0x74, 0x7D, 0x74, 0x47,
    0x47, 0x47, 0x44, 0x7D, 0x75, 0x05, 0xDD, 0x45, 0x50, 0x00, 0x00, 0x00, 0x00, 0x20, 0x22, 0x22,
    0x22, 0x22, 0x22, 0x22, 0x22, 0x22, 0x22, 0x22, 0x22, 0x20, 0x20, 0x02, 0x44, 0x44, 0x44, 0x7D,
    0x74, 0x74, 0xD7, 0xD7, 0xD4, 0x7D, 0x70, 0x07, 0x07, 0x74, 0x4D, 0x4D, 0x7A, 0xDD, 0xDD, 0x7B,
    0xFF, 0xFF, 0xB8, 0x3B, 0xFF, 0xFB, 0xFB, 0xBB, 0xBF, 0xFB, 0xBF, 0xB8, 0x48, 0xB4, 0x8B, 0x44,
    0xB8, 0x48, 0x4B, 0x44, 0xB9, 0x99, 0x39, 0xBB, 0xB4, 0x48, 0x48, 0x84, 0xBF, 0xBF, 0xBF, 0xBF,
    0xBF, 0xBB, 0xFF, 0xBB, 0xBB, 0xBF, 0xBF, 0xBB, 0xBB, 0xBB, 0xBB, 0x8B, 0xBB, 0xBB, 0xBB, 0xBB,
    0xBB, 0xBB, 0xBB, 0xBB, 0xB8, 0x8B, 0x8B, 0x9B, 0xB9, 0xBB, 0xD7, 0xB4, 0x74, 0x4B, 0x44, 0xDD,
    0x7D, 0x7D, 0x7D, 0x77, 0xD4, 0xD7, 0xD7, 0xD4, 0x44, 0x4D, 0x7D, 0x44, 0x44, 0x44, 0x74, 0x47,
    0x44, 0xD7, 0xD5, 0x00, 0x00, 0x00, 0x00, 0x00, 0x00, 0x22, 0x22, 0x22, 0x22, 0x22, 0x22, 0x22,
    0x22, 0x22, 0x20, 0x00, 0x0D, 0x7D, 0x74, 0xD4, 0xD7, 0xD7, 0x7D, 0x74, 0x47, 0xD7, 0x40, 0x00,
    0x70, 0x77, 0x10, 0x00, 0xA5, 0xD4, 0xDB, 0xBB, 0xFF, 0xBF, 0x8B, 0xEF, 0xBF, 0xBF, 0xFB, 0xF4,
    0xFF, 0xBF, 0xBF, 0xBB, 0xBB, 0xB4, 0xBF, 0x48, 0x84, 0xB8, 0x48, 0x48, 0x48, 0xB4, 0x49, 0x99,
    0x94, 0xBB, 0x48, 0x4B, 0xBF, 0xFB, 0xFB, 0xFB, 0xFB, 0xFF, 0xBB, 0xBF, 0xBF, 0xBF, 0xBB, 0xBF,
    0xBB, 0xBF, 0xBB, 0xBB, 0xBB, 0xBB, 0xBB, 0xBB, 0xBF, 0xB8, 0xBB, 0xBB, 0xBB, 0xBB, 0xBB, 0xBB,
    0xBB, 0xBB, 0xB3, 0xBB, 0xAA, 0xDB, 0x47, 0xB7, 0xD7, 0xD7, 0xD7, 0xDD, 0x7D, 0x7D, 0x7D, 0x77,
    0xD7, 0xD7, 0xD7, 0xD7, 0xD7, 0xD7, 0xD4, 0x7D, 0x47, 0xD7, 0xD4, 0xDD, 0x00, 0x00, 0x00, 0x00,
    0x00, 0x22, 0x22, 0x22, 0x22, 0x22, 0x22, 0x22, 0x22, 0x22, 0x20, 0x00, 0x00, 0x00, 0x05, 0x00,
    0x57, 0x77, 0x77, 0x77, 0x77, 0x77, 0x70, 0x07, 0x00, 0xB7, 0xB4, 0x4B, 0x7B, 0xDD, 0xD4, 0x77,
    0xFF, 0xBF, 0xFB, 0x88, 0x5F, 0xFF, 0xFF, 0xFB, 0xFB, 0xFF, 0xFF, 0xFB, 0xFF, 0xFF, 0xBF, 0xBB,
    0xBB, 0xB4, 0xB4, 0x84, 0xB4, 0x84, 0x84, 0xB9, 0x99, 0x97, 0xB4, 0x84, 0xFB, 0xFF, 0xBF, 0xFB,
    0xFF, 0xBB, 0xFB, 0xF6, 0xF6, 0xF6, 0xC0, 0xA0, 0x90, 0xA0, 0x90, 0xA0, 0x01, 0x00, 0x0A, 0x00,
    0xA0, 0x00, 0x20, 0x20, 0x22, 0x22, 0xFF, 0xFB, 0xBB, 0xBB, 0xBB, 0xBB, 0xBE, 0x8D, 0x04, 0xB7,
    0x4D, 0x74, 0x4D, 0x7D, 0x74, 0x74, 0x57, 0x75, 0x75, 0x75, 0x77, 0x77, 0x77, 0x77, 0x57, 0x77,
    0x57, 0x75, 0x75, 0x55, 0x00, 0x00, 0x01, 0x01, 0x01, 0x02, 0x22, 0x22, 0x22, 0x22, 0x22, 0x02,
    0x22, 0x00, 0x00, 0x00, 0x00, 0x00, 0x50, 0x05, 0x00, 0x57, 0x77, 0x3D, 0x3D, 0xDB, 0x7B, 0x7B,
    0x44, 0x44, 0xB7, 0xB7, 0xBD, 0xD4, 0xDB, 0xBB, 0xFF, 0x8F, 0xF8, 0xF8, 0xEF, 0xFB, 0xFB, 0xFF,
    0xFB, 0xFB, 0xFF, 0xBB, 0xFF, 0xBF, 0xFF, 0xFF, 0xFF, 0xFB, 0xBB, 0xB8, 0x48, 0x4B, 0x48, 0x49,
    0x49, 0x98, 0xB8, 0x4B, 0xBF, 0xFB, 0xFF, 0xBF, 0xFB, 0xFB, 0xF6, 0x6B, 0x88, 0x88, 0x83, 0x98,
    0x38, 0x8F, 0x38, 0x93, 0xB8, 0x38, 0xE8, 0x88, 0x38, 0x88, 0x31, 0x91, 0x00, 0x00, 0x12, 0x26,
    0x66, 0xBB, 0xBB, 0xBB, 0xBA, 0x8B, 0xB3, 0xBA, 0x1B, 0x11, 0x11, 0xA1, 0x11, 0x77, 0x57, 0x57,
    0x77, 0x77, 0x75, 0x75, 0x75, 0x75, 0x77, 0x55, 0x05, 0x00, 0x00, 0x00, 0x00, 0x50, 0x50, 0x01,
    0x01, 0x20, 0x20, 0x02, 0x22, 0x22, 0x22, 0x22, 0x22, 0x22, 0x22, 0x20, 0x00, 0x05, 0x55, 0x55,
    0x57, 0x77, 0x77, 0xDD, 0xDD, 0xD4, 0x47, 0x7B, 0x44, 0xDD, 0xBB, 0xBB, 0xBB, 0xD3, 0xDD, 0xDD,
    0xFF, 0xFB, 0xFF, 0xFB, 0x83, 0x6F, 0xBF, 0xFB, 0xBB, 0xFF, 0xB4, 0x44, 0xBB, 0xBB, 0xBB, 0x4B,
    0x44, 0xB4, 0xB8, 0x48, 0x48, 0x48, 0xB9, 0x93, 0x99, 0x94, 0xBB, 0xBF, 0xFB, 0xFF, 0xBF, 0xBF,
    0xBF, 0xBB, 0xBB, 0xBB, 0xBB, 0xBB, 0xBB, 0xBB, 0xB8, 0xBB, 0x8B, 0xBB, 0x8B, 0x8B, 0xBB, 0x88,
    0xB8, 0x88, 0xBB, 0x8B, 0x8B, 0x8B, 0x8B, 0x48, 0x82, 0x2F, 0xBB, 0xBB, 0xBB, 0xBB, 0xBB, 0xB9,
    0xAB, 0xBE, 0x3E, 0x9E, 0x3E, 0xEE, 0x9E, 0xEE, 0x11, 0x07, 0x57, 0x77, 0x57, 0x77, 0x57, 0x75,
    0x77, 0x55, 0x00, 0x00, 0x00, 0x00, 0x00, 0x00, 0x00, 0x00, 0x00, 0x00, 0x02, 0x22, 0x22, 0x22,
    0x00, 0x00, 0x00, 0x00, 0x50, 0x00, 0x00, 0x47, 0xB4, 0xB4, 0xBD, 0xDD, 0x3D, 0xDB, 0x44, 0x4B,
    0x3D, 0x34, 0xB7, 0x77, 0x4B, 0x38, 0x38, 0x8B, 0xFF, 0xFF, 0xFF, 0xF8, 0x88, 0x6F, 0xFF, 0x4B,
    0x44, 0x44, 0x44, 0x84, 0x44, 0x44, 0x44, 0x84, 0x84, 0x84, 0x84, 0xB4, 0x85, 0x99, 0x99, 0x49,
    0x9B, 0xB4, 0x84, 0xB4, 0x4B, 0xFB, 0xFF, 0xBF, 0xFF, 0xBF, 0xBB, 0xBB, 0xBB, 0xBF, 0xFF, 0xFF,
    0xFF, 0x6F, 0x6F, 0x66, 0x6F, 0x66, 0xF6, 0x66, 0xF6, 0x66, 0x6F, 0x66, 0x66, 0x66, 0x66, 0x66,
    0x6F, 0x66, 0xBB, 0xBB, 0xB9, 0xBB, 0xBB, 0xBB, 0x9B, 0x89, 0xE9, 0x3E, 0x9E, 0x9E, 0x98, 0x9E,
    0x9E, 0x3E, 0x92, 0x22, 0x77, 0x07, 0x50, 0x05, 0x00, 0x00, 0x00, 0x00, 0x05, 0x05, 0x05, 0x00,
    0x00, 0x01, 0x01, 0x01, 0x22, 0x22, 0x20, 0x00, 0x00, 0x00, 0x00, 0x00, 0x00, 0x00, 0x05, 0x5B,
    0xBB, 0xB7, 0xB7, 0xBD, 0xCD, 0xDB, 0xCD, 0xB4, 0xDD, 0xDD, 0xBB, 0xBB, 0x01, 0xBB, 0xB8, 0xBB,
    0xFF, 0xFF, 0xFB, 0x86, 0xF6, 0xBF, 0xBF, 0xB4, 0xFB, 0x47, 0x48, 0xB8, 0x48, 0xB8, 0x84, 0x84,
    0x84, 0x84, 0xB8, 0x97, 0x99, 0x93, 0x49, 0x94, 0xB8, 0x48, 0x48, 0x48, 0x44, 0x44, 0x4F, 0xFF,
    0xFF, 0x6F, 0xFB, 0xBB, 0xBB, 0xBB, 0xFF, 0xFF, 0xFF, 0xBB, 0xF3, 0xFB, 0xFF, 0xFF, 0xBB, 0xB6,
    0x66, 0x66, 0x66, 0x66, 0x66, 0x66, 0x66, 0x66, 0x66, 0x62, 0xBB, 0xBB, 0xBB, 0xBB, 0xBB, 0xB9,
    0xBB, 0x89, 0x3E, 0xE9, 0xE9, 0x3E, 0x9E, 0xE9, 0x89, 0xE9, 0xE3, 0x11, 0x22, 0x97, 0x77, 0x75,
    0x55, 0x55, 0x55, 0x00, 0x00, 0x00, 0x00, 0x00, 0x00, 0x00, 0x00, 0x00, 0x00, 0x00, 0x00, 0x00,
    0x00, 0x00, 0x55, 0x55, 0x55, 0x55, 0x55, 0x55, 0x57, 0xBB, 0xBB, 0x44, 0x44, 0xB7, 0xB4, 0xBB,
    0xBB, 0xBB, 0x7B, 0xBB, 0xBB, 0xBB, 0xB8, 0xBB, 0xFF, 0xBF, 0xB8, 0x86, 0xBB, 0xBB, 0xB4, 0xB4,
    0x44, 0x44, 0x84, 0x84, 0x8B, 0x78, 0xB4, 0xBB, 0xB7, 0x89, 0x99, 0x33, 0x39, 0x99, 0x48, 0x48,
    0x44, 0x84, 0xBF, 0xF4, 0x84, 0x84, 0x44, 0x44, 0x44, 0x6B, 0xF6, 0x6B, 0xBB, 0xF6, 0xBF, 0xBB,
    0x6F, 0x6B, 0xBC, 0x66, 0xBB, 0xBB, 0xBB, 0xB4, 0xB7, 0x77, 0x47, 0x57, 0x44, 0xB4, 0xB5, 0x21,
    0x12, 0x2D, 0x6B, 0xBB, 0xBB, 0xBB, 0xBB, 0xBB, 0xBB, 0x4E, 0x9E, 0x98, 0x9E, 0xE9, 0x8E, 0x9E,
    0x9E, 0x98, 0xE9, 0xE9, 0x8E, 0xE2, 0x12, 0x22, 0x70, 0x55, 0x05, 0x55, 0x55, 0x55, 0x55, 0x55,
    0x55, 0x55, 0x00, 0x00, 0x00, 0x00, 0x00, 0x00, 0x50, 0x05, 0x55, 0x05, 0x05, 0x50, 0x55, 0x07,
    0x07, 0xBB, 0x7B, 0xBB, 0xBB, 0xBB, 0xBB, 0xBB, 0x7B, 0xBB, 0xBB, 0xB0, 0x0B, 0xBB, 0xBB, 0x8B,
    0xF8, 0xBF, 0xFF, 0x88, 0x94, 0x84, 0x4B, 0x7C, 0xF4, 0x08, 0x48, 0x48, 0x48, 0xBB, 0xB8, 0x79,
    0x9A, 0x73, 0x99, 0x99, 0x94, 0xB8, 0x48, 0x48, 0x48, 0x48, 0xBB, 0xBB, 0x87, 0xB8, 0x84, 0x84,
    0x84, 0x6B, 0xF6, 0x6B, 0xBB, 0x66, 0x7F, 0x74, 0xFF, 0xBB, 0xBB, 0xF6, 0xBB, 0xBB, 0x6F, 0x4B,
    0x45, 0x77, 0x47, 0x75, 0xB4, 0xB4, 0x45, 0x12, 0x12, 0x21, 0x2B, 0xBB, 0xBB, 0xBB, 0xBB, 0xBB,
    0xBB, 0xB9, 0x8E, 0x9E, 0x9E, 0xBE, 0x9E, 0x98, 0xEE, 0xE9, 0x9E, 0xEE, 0xE9, 0xE8, 0xEE, 0x3E,
    0x20, 0x20, 0x00, 0x77, 0x70, 0x50, 0x00, 0x05, 0x05, 0x05, 0x55, 0x55, 0x55, 0x55, 0x55, 0x55,
    0x55, 0x55, 0x05, 0x55, 0x55, 0x07, 0x05, 0x55, 0x5F, 0xBB, 0xF4, 0xB0, 0x7B, 0x4B, 0x4B, 0x04,
    0xBB, 0x40, 0xBB, 0x4E, 0xB8, 0xBB, 0x8B, 0xBB, 0xBB, 0xF8, 0xBF, 0xB8, 0xB6, 0x84, 0x8B, 0x9B,
    0x44, 0xFB, 0x84, 0xB8, 0xB4, 0x87, 0x99, 0x99, 0x33, 0x99, 0x99, 0x44, 0x8B, 0x84, 0x84, 0xB8,
    0x48, 0xFB, 0xDC, 0xDC, 0xDC, 0xF8, 0x48, 0xB4, 0x8F, 0xBB, 0xFF, 0xFB, 0xBB, 0xF6, 0x7F, 0x74,
    0xFF, 0xBB, 0xBB, 0xFB, 0xBB, 0xDB, 0x66, 0x84, 0xB7, 0x77, 0xB5, 0x97, 0xB4, 0xB4, 0x55, 0x11,
    0x12, 0x22, 0x2B, 0xBB, 0xBB, 0xBB, 0xBB, 0xBB, 0xBB, 0xB8, 0x99, 0xE8, 0xE8, 0xBE, 0x98, 0xE9,
    0x99, 0xEB, 0x9E, 0x89, 0xE8, 0xE9, 0xE9, 0xE9, 0xEE, 0xEA, 0xAA, 0x21, 0x77, 0x77, 0x77, 0x77,
    0x77, 0x75, 0x05, 0x05, 0x05, 0x50, 0x50, 0x50, 0x50, 0x55, 0x55, 0x50, 0x70, 0x70, 0x75, 0x70,
    0x74, 0xDD, 0xDB, 0x94, 0x83, 0xDD, 0xD3, 0x4B, 0xBD, 0xDB, 0xBB, 0x88, 0xBB, 0xBB, 0xBB, 0xBB,
    0xFF, 0xFB, 0x8B, 0x8B, 0x89, 0x96, 0xBB, 0xBB, 0xBB, 0xB8, 0x48, 0x7B, 0x98, 0x99, 0x93, 0x39,
    0x99, 0x99, 0x48, 0x48, 0x48, 0x48, 0x48, 0x84, 0xB8, 0xFC, 0xCC, 0xCC, 0xDF, 0x94, 0x84, 0x88,
    0x46, 0xBF, 0xBB, 0xBB, 0xBB, 0xF6, 0xBF, 0xFF, 0xFB, 0xFD, 0xFF, 0xBB, 0xBF, 0x64, 0x6F, 0x46,
    0xBB, 0x37, 0xB5, 0x75, 0x44, 0xB4, 0x49, 0x51, 0x11, 0x22, 0xBD, 0xB0, 0x6B, 0xBB, 0xBB, 0xBB,
    0xBB, 0xBB, 0x9E, 0xE9, 0x98, 0xBE, 0xE9, 0xBB, 0xBE, 0x99, 0xB9, 0xEB, 0xE9, 0xE9, 0xEE, 0x9E,
    0x39, 0x3E, 0xEE, 0xEE, 0xE1, 0x12, 0x02, 0x75, 0x70, 0x54, 0x74, 0x44, 0x45, 0x74, 0x44, 0x70,
    0x55, 0x57, 0x70, 0x00, 0x77, 0x44, 0x44, 0x75, 0x77, 0x74, 0x71, 0x8B, 0xBB, 0x43, 0x13, 0xBB,
    0xBB, 0xBB, 0xBB, 0x8B, 0xBB, 0x8B, 0xBB, 0xBB, 0xFF, 0xFF, 0xF8, 0xB8, 0x8B, 0x88, 0x38, 0x48,
    0x48, 0x44, 0xBB, 0x88, 0x99, 0x93, 0x99, 0x39, 0x99, 0x3B, 0x4B, 0x84, 0x84, 0x84, 0xB8, 0x78,
    0x84, 0x8F, 0xCF, 0xCC, 0xC6, 0xB8, 0xB4, 0x84, 0x8F, 0xBB, 0xBB, 0xBB, 0xBB, 0xFF, 0xFC, 0xBC,
    0xFB, 0xBB, 0xFF, 0xBB, 0xDF, 0x76, 0x6B, 0xB6, 0xBD, 0xB4, 0xB7, 0x74, 0xB4, 0xD4, 0xB4, 0xB4,
    0x44, 0x22, 0x12, 0x6B, 0x6B, 0xBB, 0xBB, 0xBB, 0xBB, 0xBB, 0xB8, 0x9E, 0x9B, 0xB9, 0xE9, 0xBB,
    0xBE, 0x9B, 0xBE, 0x88, 0x99, 0x9E, 0x89, 0xE8, 0x9E, 0xE9, 0x89, 0xE9, 0xE9, 0xEE, 0xEE, 0x99,
    0x92, 0x01, 0x4D, 0x4D, 0x47, 0x4D, 0x7D, 0x44, 0x74, 0x74, 0x44, 0x44, 0x44, 0x44, 0x44, 0x44,
    0x74, 0xD1, 0x18, 0xBB, 0xBB, 0xBB, 0xBB, 0xB8, 0xBB, 0xBB, 0xBB, 0xBB, 0xBB, 0xBB, 0xB8, 0xBB,
    0xFF, 0xFF, 0x68, 0xF8, 0xB8, 0x88, 0x88, 0x48, 0x48, 0xBB, 0xB8, 0x59, 0x99, 0x39, 0x93, 0x99,
    0x93, 0x48, 0x87, 0x88, 0x87, 0x88, 0x7B, 0x8B, 0x48, 0xB4, 0xF8, 0xCF, 0x4C, 0xF4, 0x8B, 0x84,
    0x86, 0xBB, 0xFB, 0xBB, 0xFB, 0xFF, 0x66, 0x66, 0xBB, 0xCF, 0xFF, 0xBB, 0xBB, 0xCF, 0xBB, 0xB4,
    0xBB, 0x4B, 0x44, 0x4B, 0x44, 0xB4, 0xB4, 0x7D, 0x14, 0x22, 0x02, 0x6C, 0x6B, 0xBB, 0xBB, 0xBB,
    0xBB, 0xBB, 0xBB, 0x9B, 0xBB, 0x98, 0xE9, 0xBB, 0xB9, 0xBB, 0xB8, 0xBB, 0xBB, 0xB9, 0xE9, 0xE9,
    0xE8, 0x9E, 0xEE, 0x98, 0xEE, 0x9E, 0x9E, 0x9E, 0x3E, 0xEE, 0x3E, 0x33, 0x33, 0x01, 0x01, 0x00,
    0x04, 0x44, 0x44, 0x44, 0x44, 0x44, 0x44, 0xD0, 0x01, 0xDB, 0xBB, 0xBB, 0xBB, 0xBB, 0xBB, 0xBB,
    0xBB, 0xB8, 0xBB, 0xBB, 0x33, 0x33, 0x38, 0x33, 0xFF, 0xFF, 0xFF, 0xFF, 0x88, 0x86, 0xB8, 0xF8,
    0x48, 0xBB, 0x99, 0x99, 0x93, 0x59, 0x99, 0x59, 0x33, 0xB8, 0x88, 0x98, 0x88, 0x88, 0x88, 0x48,
    0xBB, 0xBB, 0xBB, 0xBB, 0x8B, 0x84, 0x87, 0x8B, 0x44, 0x84, 0x84, 0x8B, 0x8B, 0xBB, 0xBB, 0xBB,
    0xBB, 0xBB, 0xFF, 0xBB, 0xDF, 0xF6, 0xBF, 0xB8, 0xFD, 0xB4, 0xB4, 0xB4, 0x66, 0x66, 0x4F, 0xFF,
    0xFC, 0x71, 0x2C, 0x06, 0x33, 0x33, 0x11, 0x98, 0x88, 0xBB, 0xBB, 0x98, 0xBB, 0xB9, 0x9B, 0xBB,
    0xB9, 0xBB, 0xB8, 0xBB, 0xBB, 0xBB, 0x98, 0xB9, 0xE8, 0x9E, 0x9E, 0xEE, 0x9E, 0x89, 0xEE, 0xE8,
    0x9E, 0x9E, 0x9E, 0x9E, 0xEE, 0xEE, 0x9E, 0xE1, 0x1A, 0xAD, 0xDD, 0xDD, 0xD9, 0x9A, 0x99, 0x9B,
    0xBB, 0xBB, 0xC8, 0xC8, 0xC8, 0xC8, 0xC8, 0x8C, 0x88, 0x33, 0x33, 0x33, 0x38, 0x38, 0x33, 0x38,
    0xFF, 0xFF, 0x6F, 0xFF, 0x88, 0x89, 0x48, 0xB8, 0x4B, 0xBB, 0x39, 0x99, 0x93, 0x99, 0x39, 0x99,
    0x93, 0x74, 0x88, 0x89, 0x89, 0x87, 0x88, 0x48, 0xBB, 0xB4, 0x8B, 0x88, 0x48, 0x48, 0xB8, 0x48,
    0x8B, 0xBB, 0xBB, 0xBB, 0xBB, 0xB8, 0x44, 0x44, 0xFB, 0xBB, 0xBF, 0xBB, 0xB6, 0x66, 0x66, 0xBB,
    0x4F, 0x66, 0x6B, 0x66, 0x66, 0x66, 0x66, 0x66, 0x66, 0x6F, 0x61, 0x23, 0x89, 0x39, 0x3E, 0x33,
    0x3E, 0x11, 0x21, 0x22, 0xBB, 0x8B, 0x8B, 0xBB, 0xBB, 0xBB, 0xB4, 0xB8, 0xBB, 0x8B, 0xBB, 0xBB,
    0xBB, 0xB9, 0x98, 0x9E, 0xE9, 0xEE, 0x98, 0x9E, 0x9E, 0x3E, 0x9E, 0xE9, 0xE9, 0xEE, 0xE1, 0x11,
    0x11, 0x11, 0x21, 0xAA, 0xAE, 0xEA, 0x9E, 0xAE, 0xEE, 0xEE, 0xEE, 0xEE, 0xEE, 0xEE, 0xE3, 0x33,
    0x33, 0xEE, 0xEE, 0xA8, 0x33, 0x33, 0x38, 0x33, 0xFB, 0xB8, 0xBF, 0xFF, 0xFF, 0xFF, 0x86, 0x84,
    0x8B, 0xB4, 0x39, 0x99, 0x93, 0x99, 0x93, 0x99, 0x99, 0x33, 0x79, 0xBB, 0x88, 0x89, 0x88, 0x89,
    0x89, 0x89, 0x83, 0x88, 0x88, 0x98, 0x98, 0x89, 0xBB, 0xBB, 0xBB, 0xBB, 0xBF, 0x8B, 0xBB, 0xBB,
    0xFB, 0xBB, 0xBB, 0xB4, 0xBB, 0xBB, 0x66, 0xFB, 0x84, 0x44, 0x44, 0x44, 0x48, 0x40, 0x01, 0x02,
    0x02, 0x12, 0x12, 0x22, 0x98, 0xE8, 0xE8, 0x9E, 0x83, 0xE8, 0xE8, 0xE8, 0xEE, 0x8E, 0x82, 0x12,
    0x12, 0x12, 0xBB, 0xBB, 0xB4, 0xBB, 0xB8, 0xBB, 0xB8, 0xBB, 0xB8, 0xBB, 0xE9, 0xE9, 0x8E, 0x21,
    0x12, 0x12, 0x11, 0x21, 0x12, 0x11, 0x1E, 0xEE, 0xEE, 0xAE, 0xEE, 0xAE, 0xEA, 0xAE, 0xEE, 0xEE,
    0xAE, 0x21, 0x11, 0x12, 0x11, 0x21, 0xEE, 0xEE, 0xEF, 0xCC, 0xAE, 0xAA, 0xAE, 0xE8, 0x83, 0x83,
    0xFB, 0x8B, 0x8F, 0xFF, 0xFF, 0xF8, 0x88, 0x48, 0x48, 0x4B, 0x49, 0x99, 0x53, 0x99, 0x95, 0x39,
    0x99, 0x99, 0x83, 0x78, 0x48, 0xBB, 0x98, 0x78, 0x88, 0x88, 0x88, 0x98, 0x98, 0x98, 0x88, 0x98,
    0x8B, 0xBB, 0xBB, 0xBB, 0xBF, 0xBB, 0xBB, 0xBB, 0xFB, 0xBB, 0xBB, 0x6B, 0xBB, 0xBB, 0xBB, 0x98,
    0x99, 0x99, 0x99, 0x99, 0x99, 0x99, 0x99, 0x98, 0x98, 0x98, 0x98, 0x92, 0xBE, 0x98, 0x9E, 0x83,
    0x98, 0xE3, 0xEE, 0xE9, 0x8E, 0x3E, 0xAF, 0x99, 0xEE, 0xEE, 0x12, 0x12, 0x11, 0x12, 0xA1, 0xA1,
    0x1A, 0x11, 0x21, 0x11, 0x2A, 0x1A, 0x11, 0xE1, 0xAA, 0xAA, 0xA1, 0xA1, 0xAE, 0xEA, 0xEA, 0xEA,
    0xEE, 0xEA, 0xAA, 0xAA, 0x11, 0xA1, 0x11, 0x21, 0x11, 0x11, 0x21, 0x11, 0x1A, 0xEA, 0xEA, 0xAA,
    0xEE, 0xFC, 0xFB, 0xAE, 0xEA, 0xAA, 0xAE, 0x33, 0xFF, 0x8B, 0xFF, 0xFF, 0xB8, 0x66, 0x84, 0x84,
    0x84, 0x84, 0xB3, 0x99, 0x99, 0x39, 0x99, 0x33, 0x99, 0x99, 0x93, 0x33, 0x43, 0x78, 0xBB, 0xB8,
    0xBB, 0x84, 0x88, 0x88, 0x98, 0x88, 0x98, 0x98, 0x8B, 0xBB, 0xBB, 0xBB, 0xBF, 0xBB, 0xBB, 0xBB,
    0xFB, 0x4B, 0xBB, 0x6B, 0xBB, 0xBB, 0xB6, 0xFB, 0x88, 0x88, 0x88, 0x88, 0x8B, 0x88, 0x88, 0x88,
    0x88, 0x88, 0x88, 0x89, 0x88, 0xEE, 0x8E, 0x8E, 0xEE, 0x98, 0xE8, 0x9F, 0xA9, 0xBF, 0xF8, 0x09,
    0xE1, 0x21, 0xEE, 0xEE, 0xEE, 0xEE, 0x11, 0x21, 0x12, 0x11, 0x1E, 0xEE, 0xEE, 0xAE, 0xEE, 0xEE,
    0x21, 0x21, 0x21, 0x21, 0xEA, 0xEA, 0xEE, 0xAE, 0xAE, 0x21, 0x12, 0x12, 0x12, 0x11, 0x21, 0x11,
    0x21, 0xEE, 0xEE, 0xEE, 0xEE, 0xAE, 0xEA, 0xEE, 0xAE, 0x2F, 0xCC, 0xFA, 0xEA, 0xEE, 0xEA, 0xAE,
    0xFF, 0xFF, 0xFF, 0xFF, 0xFB, 0x83, 0xF8, 0x48, 0x48, 0x48, 0x4B, 0x39, 0x99, 0x93, 0x99, 0x99,
    0x33, 0x99, 0x99, 0x99, 0x93, 0x33, 0x33, 0x94, 0x87, 0xBB, 0x4B, 0x8B, 0xBB, 0x88, 0x88, 0x88,
    0x8B, 0xBB, 0xBB, 0xBB, 0xFF, 0xBF, 0xBB, 0xBB, 0xFB, 0xBB, 0xBB, 0xBF, 0xBB, 0xBB, 0xB6, 0xFB,
    0xB8, 0xB8, 0x8B, 0x8B, 0x88, 0x8B, 0x8B, 0x8B, 0x8B, 0x84, 0x86, 0x68, 0x26, 0x98, 0xE8, 0x11,
    0xAA, 0x11, 0x1B, 0x93, 0x4B, 0xB4, 0x44, 0x0A, 0xAE, 0xEE, 0xAE, 0xAE, 0xEA, 0xAE, 0xEE, 0xEE,
    0xEE, 0xEE, 0xEA, 0xE1, 0x2E, 0xEA, 0xEA, 0xE1, 0x11, 0xEE, 0xEE, 0xEE, 0xE2, 0x12, 0x12, 0x11,
    0x21, 0x11, 0x11, 0x11, 0x11, 0x11, 0xEE, 0xEE, 0xEE, 0xEA, 0xEA, 0xEA, 0xEA, 0xEA, 0xAE, 0xEA,
    0xEA, 0x88, 0x88, 0x88, 0x3E, 0xEA, 0xAE, 0xEA, 0xFF, 0xFF, 0xFF, 0xFF, 0xFF, 0xFF, 0x88, 0xFB,
    0xF6, 0x84, 0x84, 0x43, 0x39, 0x99, 0x99, 0x99, 0x99, 0x93, 0x33, 0x99, 0x99, 0x99, 0x99, 0x99,
    0x99, 0x99, 0x94, 0x48, 0x8B, 0xBB, 0xB8, 0x88, 0x8B, 0xBB, 0xBB, 0xBB, 0xBF, 0xFB, 0xBB, 0xBF,
    0xFB, 0xBB, 0xBF, 0xBB, 0xBB, 0xBB, 0xBB, 0xFB, 0xB8, 0x88, 0xFF, 0xFB, 0x88, 0x8B, 0x88, 0x98,
    0x99, 0x88, 0xF4, 0x22, 0x06, 0x1A, 0x11, 0x1A, 0x11, 0xAA, 0xAF, 0xFB, 0xBB, 0x44, 0xB0, 0x9A,
    0xEA, 0xEA, 0xEE, 0x2E, 0xEA, 0xEA, 0xAE, 0xAA, 0x21, 0x21, 0x21, 0x21, 0x11, 0x21, 0x21, 0xE2,
    0x12, 0x12, 0x12, 0x11, 0x21, 0x11, 0x11, 0x12, 0x11, 0xEE, 0xEE, 0xEE, 0xEE, 0xEE, 0xAE, 0xAE,
    0xAE, 0xAE, 0xEA, 0xEA, 0xEE, 0xEA, 0xEE, 0xAE, 0xAA, 0xE9, 0xE9, 0xE9, 0xE9, 0xAA, 0xAA, 0xEA,
    0xFF, 0xFF, 0xFF, 0x8F, 0xFF, 0xFF, 0xFF, 0x86, 0x02, 0xF8, 0x48, 0x84, 0x43, 0x39, 0x99, 0x99,
    0x99, 0x99, 0x53, 0x33, 0x99, 0x99, 0x99, 0x99, 0x93, 0x33, 0x39, 0x39, 0x43, 0x34, 0x8B, 0xBB,
    0xBB, 0xBB, 0xBB, 0xFB, 0xFF, 0xBB, 0xBB, 0xBB, 0xFB, 0xBB, 0xBB, 0xBF, 0xBB, 0xFB, 0xFB, 0x6B,
    0xBB, 0xBF, 0x72, 0x2B, 0x8B, 0x8F, 0x88, 0xB8, 0x88, 0x48, 0x62, 0x22, 0x1F, 0x11, 0x11, 0x11,
    0xA1, 0x11, 0x1A, 0x14, 0x49, 0xCB, 0xDB, 0x9E, 0xAE, 0xAE, 0xAE, 0x0A, 0xAE, 0xAE, 0xEA, 0xEE,
    0xEE, 0xE1, 0x11, 0x12, 0x11, 0x11, 0x11, 0x21, 0x11, 0x11, 0x11, 0x11, 0x1A, 0xAE, 0xEE, 0xEE,
    0xEE, 0xAE, 0xAE, 0xEE, 0xEA, 0xEA, 0xEA, 0xEA, 0xEA, 0xEA, 0xAE, 0xAE, 0xE1, 0x1A, 0x11, 0x1F,
    0x6E, 0xAA, 0xAA, 0xAE, 0xEA, 0xEE, 0xAE, 0xAE, 0xFF, 0xFF, 0xFB, 0x8B, 0xFF, 0xB8, 0xBF, 0xB6,
    0x88, 0x68, 0x84, 0x48, 0x48, 0x66, 0x66, 0x99, 0x99, 0x33, 0x99, 0x99, 0x99, 0x33, 0x99, 0x99,
    0x91, 0x91, 0x99, 0x33, 0x39, 0x39, 0x35, 0x99, 0x4B, 0xBB, 0xBB, 0xBB, 0xBF, 0xBB, 0xFB, 0xFB,
    0xFB, 0x6B, 0xFB, 0xBB, 0xBB, 0xBB, 0xBB, 0x6B, 0xBB, 0x8F, 0x92, 0x2F, 0xB8, 0x4B, 0xFF, 0xBB,
    0xBB, 0x88, 0x69, 0x22, 0x06, 0x1A, 0xEE, 0x11, 0x21, 0x11, 0x11, 0x18, 0xFD, 0xC8, 0x0C, 0xE1,
    0x11, 0x21, 0x11, 0x82, 0x11, 0x21, 0x21, 0x21, 0x12, 0x11, 0xEE, 0xEE, 0xEE, 0xEE, 0xEE, 0x11,
    0x21, 0x11, 0x11, 0x11, 0x1E, 0xEA, 0xA2, 0xEA, 0x11, 0x1E, 0xEE, 0xAE, 0xAE, 0xEA, 0xEA, 0xEA,
    0xEA, 0xF6, 0x66, 0xA1, 0x11, 0x12, 0x11, 0x6E, 0xD6, 0xA1, 0xA1, 0xAE, 0x21, 0x12, 0x11, 0x11,
    0xFF, 0xFF, 0xFF, 0x8F, 0xBF, 0xF6, 0x88, 0xF6, 0xD3, 0x66, 0x6F, 0x72, 0x20, 0x0B, 0xBB, 0x63,
    0x99, 0x99, 0x99, 0x99, 0x99, 0x95, 0x19, 0x93, 0x33, 0x39, 0xAA, 0xA0, 0xA9, 0x09, 0x93, 0x39,
    0x66, 0xBB, 0x66, 0xBB, 0xFF, 0xBB, 0xBB, 0xFB, 0xFB, 0x6B, 0xBB, 0xFB, 0xBB, 0xBF, 0xBB, 0x6B,
    0xB8, 0xB6, 0x72, 0x2B, 0x88, 0xBF, 0xFF, 0xFF, 0xBB, 0xB8, 0x46, 0xF7, 0xEF, 0xEE, 0xEE, 0xE1,
    0x11, 0x11, 0x88, 0x88, 0x11, 0x11, 0x11, 0x11, 0x11, 0x11, 0x12, 0x86, 0x11, 0x11, 0xEE, 0xEE,
    0xEE, 0xEE, 0xEE, 0xEA, 0x12, 0x12, 0x21, 0x21, 0x12, 0x12, 0x12, 0x12, 0x12, 0x12, 0x11, 0x12,
    0x11, 0x21, 0x21, 0x21, 0x21, 0x21, 0x21, 0x12, 0x16, 0xBB, 0xBB, 0x02, 0x22, 0x66, 0x66, 0x6D,
    0xD6, 0xAA, 0xEE, 0xEE, 0xEE, 0xA1, 0x11, 0x11, 0xFF, 0xFF, 0xFF, 0xFF, 0xFF, 0x6F, 0xFF, 0x90,
    0x59, 0x77, 0x74, 0x7B, 0x77, 0xB7, 0xB7, 0x70, 0x33, 0x99, 0x99, 0x99, 0x33, 0x9A, 0x9A, 0x1A,
    0x19, 0x93, 0x39, 0x9A, 0xA1, 0xA1, 0x1A, 0x19, 0x66, 0xBB, 0x66, 0xF6, 0xBF, 0xBB, 0xBF, 0xBB,
    0xFF, 0x6B, 0xBF, 0xBB, 0xBF, 0xBB, 0xBF, 0x6B, 0xBB, 0x88, 0xF6, 0xF4, 0x4B, 0x6F, 0x66, 0x66,
    0x66, 0x66, 0x88, 0x48, 0x9F, 0xEE, 0xEE, 0xEE, 0xEE, 0xE1, 0xE1, 0x1E, 0x1E, 0x11, 0x11, 0x21,
    0x1E, 0xE1, 0x11, 0x86, 0x21, 0x12, 0x11, 0x11, 0x11, 0x21, 0x21, 0x2A, 0xEE, 0xEE, 0xEE, 0xEE,
    0xEE, 0x11, 0x11, 0x11, 0x11, 0x11, 0x12, 0x11, 0x11, 0x11, 0x11, 0x11, 0x11, 0x11, 0x11, 0x11,
    0x6B, 0xB0, 0x77, 0xB7, 0xBB, 0x7B, 0x40, 0x78, 0x46, 0x83, 0xEE, 0xAE, 0xAE, 0xEA, 0xEA, 0xAE,
    0xFF, 0xFF, 0xF6, 0x66, 0x66, 0x20, 0x20, 0xBB, 0xBB, 0xBB, 0xBB, 0xB0, 0xBB, 0x7B, 0x07, 0xB7,
    0x63, 0x3A, 0x9A, 0x9A, 0x99, 0x93, 0x99, 0x99, 0xAA, 0xA1, 0x1A, 0x19, 0x99, 0x19, 0x11, 0xA1,
    0x16, 0xBB, 0x66, 0xFB, 0x6F, 0xBB, 0xBB, 0xBF, 0xBB, 0xBB, 0xB6, 0xF6, 0xBB, 0xBF, 0xBB, 0xFB,
    0xB8, 0xBB, 0xB4, 0x4B, 0x86, 0xB6, 0xBB, 0xBF, 0xBF, 0xFB, 0x48, 0xF2, 0x86, 0xEE, 0xEE, 0xEE,
    0xEE, 0xEE, 0xEE, 0xEE, 0xEE, 0xEE, 0xE1, 0x11, 0x12, 0xEE, 0x11, 0x96, 0xA2, 0x11, 0x11, 0x21,
    0x21, 0x11, 0x11, 0x11, 0x21, 0x21, 0x11, 0x11, 0x11, 0x21, 0x11, 0x21, 0x12, 0x12, 0x11, 0x11,
    0x12, 0x11, 0x21, 0x12, 0x11, 0x21, 0x12, 0x16, 0x0B, 0x70, 0xB5, 0xB0, 0x7B, 0xBB, 0xBB, 0xBB,
    0xB4, 0x00, 0x66, 0x66, 0x89, 0xEA, 0xEE, 0xEE, 0x6F, 0xFF, 0xF0, 0xBB, 0xBB, 0xB7, 0xB7, 0xB7,
    0x57, 0x07, 0xB0, 0x7B, 0x07, 0x00, 0x22, 0x7B, 0x68, 0x83, 0x39, 0x39, 0x9A, 0x99, 0x93, 0x33,
    0x35, 0x39, 0x91, 0x11, 0xA1, 0x99, 0x99, 0x11, 0xA1, 0x16, 0x66, 0xF6, 0x6B, 0xBB, 0xFB, 0xBB,
    0xFB, 0xBB, 0xBB, 0x66, 0xBB, 0x6B, 0xBB, 0x6B, 0xBB, 0x8F, 0xAF, 0x88, 0xBB, 0xF6, 0xBB, 0xCB,
    0xFC, 0x6B, 0x48, 0x80, 0x86, 0xEA, 0xEE, 0xE2, 0xEE, 0xEE, 0xEE, 0xEE, 0xEE, 0xEE, 0xEE, 0xEE,
    0xAE, 0xEE, 0xE2, 0x82, 0x81, 0x11, 0x12, 0xE1, 0x11, 0xEE, 0xEE, 0xEE, 0xE1, 0x11, 0x21, 0x12,
    0x11, 0x11, 0x21, 0x11, 0x21, 0x11, 0x11, 0x12, 0x11, 0x11, 0x11, 0xEE, 0xEE, 0xEE, 0xEE, 0xE6,
    0x77, 0xB0, 0x00, 0x07, 0xB0, 0x7B, 0x0B, 0xBB, 0xBB, 0xBB, 0xBB, 0xBB, 0x00, 0x07, 0x66, 0xAA,
    0xFF, 0xFF, 0xB0, 0x7B, 0xBB, 0xB0, 0x7B, 0x07, 0x7B, 0xB7, 0x07, 0x72, 0x0B, 0xB7, 0x0B, 0xBF,
    0x33, 0x38, 0x83, 0x83, 0x39, 0x93, 0x99, 0x99, 0x99, 0x35, 0x33, 0x30, 0x1A, 0x11, 0x1A, 0x99,
    0x9A, 0xAA, 0xA6, 0x74, 0xFF, 0xFF, 0x6F, 0xFB, 0xBB, 0xBB, 0xB6, 0x66, 0x66, 0xFF, 0xBB, 0x46,
    0xBB, 0xBF, 0x19, 0xB8, 0x66, 0x66, 0x66, 0x66, 0x66, 0x66, 0xFB, 0xF6, 0x62, 0xAA, 0x1E, 0xAE,
    0x2E, 0xEE, 0xE2, 0x1E, 0x1E, 0xEE, 0xEE, 0x2A, 0xEE, 0xEE, 0xEE, 0x8E, 0x8E, 0xEE, 0x1E, 0xE1,
    0x21, 0x21, 0x21, 0x21, 0x12, 0x11, 0x11, 0x11, 0x12, 0x11, 0x11, 0x21, 0x6E, 0x28, 0x12, 0x11,
    0x11, 0x12, 0x11, 0x21, 0x11, 0x12, 0x11, 0x12, 0x05, 0x70, 0xB0, 0x00, 0xBB, 0x07, 0x57, 0xB0,
    0x77, 0x57, 0x57, 0xBB, 0xBB, 0xBB, 0xB0, 0x9E, 0xFF, 0xFF, 0xF0, 0xB0, 0x70, 0xB0, 0xBB, 0x07,
    0x70, 0x7B, 0xB2, 0x77, 0x07, 0x7B, 0xB7, 0x0F, 0x88, 0x89, 0x88, 0x88, 0x83, 0x38, 0xAA, 0xA9,
    0xAA, 0x9A, 0x33, 0x33, 0x30, 0xA1, 0xA1, 0x1A, 0xA9, 0xA9, 0xA6, 0x7F, 0x66, 0x6B, 0xBB, 0xFF,
    0xFB, 0xBB, 0xB6, 0x66, 0xFF, 0x66, 0xBF, 0x66, 0xBB, 0x8B, 0xB8, 0xB4, 0x66, 0x66, 0x00, 0x00,
    0x00, 0x2F, 0x65, 0x59, 0x50, 0x91, 0x1E, 0x2E, 0xEE, 0xEE, 0xEE, 0x1E, 0x2E, 0xEE, 0xE1, 0xE1,
    0xEE, 0xEE, 0xEE, 0x3E, 0xBE, 0xE1, 0xEE, 0xEE, 0x12, 0x11, 0x11, 0x11, 0x11, 0x11, 0x21, 0x12,
    0x11, 0x11, 0x21, 0x66, 0x0B, 0xBB, 0x61, 0x11, 0x21, 0x11, 0x11, 0x11, 0x21, 0x11, 0x11, 0x11,
    0x16, 0xBB, 0x77, 0x07, 0x70, 0x0B, 0x0B, 0xB0, 0xB7, 0x0B, 0xBB, 0x7B, 0x7B, 0xBB, 0xB5, 0x99,
    0xFF, 0xFF, 0xB0, 0x70, 0xB7, 0x70, 0xB7, 0x02, 0x7B, 0x07, 0x2B, 0x7B, 0x7B, 0x7B, 0x72, 0x4B,
    0x98, 0x88, 0x38, 0x33, 0x88, 0x38, 0x39, 0x3A, 0xA9, 0xAA, 0x99, 0x99, 0x9D, 0x34, 0x91, 0x11,
    0x11, 0xAA, 0x96, 0x4C, 0xFF, 0x66, 0x1A, 0x66, 0x6B, 0xFB, 0xB6, 0x6F, 0xF6, 0xFF, 0xBB, 0xB6,
    0xF4, 0x44, 0x44, 0x44, 0x44, 0x76, 0x00, 0x02, 0x20, 0x06, 0xFB, 0xFF, 0xF6, 0xEE, 0xEE, 0xEE,
    0xEE, 0xEE, 0xEE, 0xEE, 0xEE, 0xE1, 0x11, 0xEE, 0x2E, 0x2E, 0xEA, 0x8E, 0x8E, 0x12, 0xEE, 0xE1,
    0x6A, 0x16, 0x61, 0x12, 0x1E, 0x1E, 0xA2, 0x11, 0xE1, 0x11, 0x11, 0x6B, 0xBB, 0xB8, 0x82, 0x21,
    0x11, 0x11, 0x12, 0x11, 0x11, 0x11, 0x12, 0x11, 0x11, 0xF5, 0x07, 0xBB, 0x7B, 0x7B, 0x70, 0x70,
    0xB7, 0x5B, 0xB0, 0xB7, 0xBF, 0xBB, 0x70, 0x9E, 0xFF, 0xFF, 0xF0, 0x70, 0x7B, 0xB0, 0x2B, 0x77,
    0xB7, 0xB7, 0xB7, 0xB0, 0x00, 0xF6, 0x6B, 0x48, 0xB8, 0x88, 0x88, 0x88, 0x88, 0x88, 0x38, 0xA9,
    0x93, 0x99, 0x39, 0xAA, 0xAA, 0x9A, 0xA9, 0xD4, 0x3A, 0x90, 0xA6, 0x6F, 0x4C, 0x66, 0x4D, 0xDD,
    0x83, 0x86, 0x66, 0x6F, 0x46, 0x66, 0x6B, 0xB6, 0xFF, 0xBF, 0xFB, 0xFB, 0xF0, 0xB6, 0x6F, 0xF6,
    0xFF, 0x6F, 0x66, 0x63, 0x38, 0xE8, 0x88, 0xEE, 0xEE, 0xEE, 0xEE, 0xE6, 0x81, 0x26, 0xEE, 0xEE,
    0x11, 0xEE, 0xEE, 0x8A, 0x81, 0xEE, 0xEE, 0xE8, 0x6F, 0xF6, 0xA6, 0xE1, 0x1E, 0xEE, 0xE1, 0x11,
    0xE1, 0x11, 0x11, 0x1B, 0x36, 0xBB, 0x78, 0x81, 0x12, 0x11, 0x11, 0x11, 0x11, 0x21, 0x11, 0x11,
    0x11, 0x12, 0x06, 0x66, 0x65, 0x50, 0xB7, 0xBB, 0xB0, 0x0B, 0x50, 0xB0, 0xB5, 0x70, 0xB7, 0x0E,
    0xFF, 0xFF, 0xB0, 0xB0, 0xB7, 0xB7, 0x77, 0xB7, 0x00, 0x06, 0x66, 0xF4, 0x74, 0x44, 0x44, 0xB8,
    0x8B, 0x8B, 0x84, 0x88, 0x88, 0x38, 0x88, 0x39, 0x88, 0x38, 0x9A, 0x9A, 0x9A, 0x9A, 0x9A, 0xA9,
    0x3D, 0xDD, 0xDD, 0xF4, 0xF6, 0x66, 0x4D, 0xDD, 0xCC, 0xDD, 0xDB, 0x6C, 0xF4, 0xFF, 0xFF, 0xBB,
    0x66, 0x66, 0x66, 0x66, 0x6F, 0x66, 0x66, 0x66, 0x66, 0x66, 0xB4, 0x4B, 0xBB, 0x88, 0x38, 0x88,
    0x88, 0xEE, 0xEB, 0xCC, 0xDD, 0xDA, 0xEE, 0xEE, 0xEE, 0xEE, 0xEE, 0x0E, 0x8E, 0xEE, 0xEE, 0x96,
    0xC6, 0xCC, 0xC6, 0xEE, 0xE1, 0xEE, 0xEE, 0xEE, 0xEA, 0xEE, 0xEE, 0xE9, 0x98, 0xC6, 0xFF, 0x61,
    0x11, 0x12, 0x11, 0x11, 0x11, 0x11, 0x11, 0x1E, 0x88, 0x1A, 0x11, 0x11, 0x00, 0x05, 0xFF, 0x77,
    0x7B, 0x7B, 0xBB, 0xB0, 0xB7, 0x57, 0xB0, 0x9E, 0xFF, 0xFF, 0xF0, 0x7B, 0x7B, 0xBB, 0x00, 0x00,
    0xFF, 0x64, 0x4B, 0x48, 0x88, 0x88, 0x8B, 0x88, 0xB8, 0x88, 0x88, 0x89, 0x8E, 0x88, 0x38, 0x88,
    0x38, 0x88, 0x88, 0x8B, 0x9A, 0x91, 0xD4, 0xD4, 0xD4, 0xDC, 0xCB, 0x6F, 0xF6, 0x66, 0xCB, 0xCC,
    0xBC, 0xDC, 0xBC, 0x6F, 0xF7, 0x66, 0x66, 0x66, 0x66, 0x66, 0x66, 0x66, 0x66, 0x66, 0x66, 0x66,
    0x66, 0x6F, 0xBD, 0x33, 0x43, 0xDB, 0xBB, 0x83, 0x88, 0xA8, 0x8B, 0x9C, 0xDD, 0xD3, 0x6A, 0xEE,
    0xEE, 0xEE, 0xEE, 0x0E, 0x8E, 0xEE, 0xEE, 0xE9, 0xCC, 0xC6, 0xC6, 0xEE, 0xEE, 0xEE, 0xE2, 0xEE,
    0xEE, 0xEE, 0xEE, 0xE9, 0xAD, 0xDD, 0x66, 0x61, 0x11, 0x11, 0x11, 0x21, 0x11, 0x11, 0x12, 0xBA,
    0x16, 0x26, 0x61, 0x11, 0x11, 0xA2, 0x1A, 0x6F, 0x65, 0x57, 0x7B, 0xB7, 0xBB, 0x7B, 0xB7, 0x0E,
    0xFF, 0xF6, 0xB0, 0x00, 0x76, 0x6F, 0xBB, 0xB6, 0xCF, 0x66, 0x88, 0x8B, 0x8B, 0x8B, 0x88, 0x88,
    0x88, 0x88, 0xE8, 0xE8, 0x88, 0xE8, 0x88, 0x38, 0x8B, 0x8B, 0xAB, 0xBB, 0x94, 0xDB, 0xBD, 0xDD,
    0xDD, 0xDD, 0x4C, 0xDC, 0xCD, 0xBD, 0xCD, 0xCD, 0xCC, 0xBC, 0xCB, 0x6F, 0xFB, 0x64, 0xB6, 0x66,
    0x6F, 0x66, 0x66, 0x91, 0xA0, 0xA0, 0xF6, 0x66, 0x66, 0xFC, 0x6A, 0x99, 0x94, 0xD3, 0xD3, 0x88,
    0xBB, 0xB8, 0xBB, 0x66, 0xDD, 0xDD, 0x6A, 0xE8, 0xEE, 0xEE, 0x8E, 0x0E, 0xBE, 0xEE, 0xEE, 0xE6,
    0x06, 0xCC, 0xFA, 0xEE, 0xEE, 0xEE, 0xEE, 0xEE, 0xEE, 0xEE, 0xEE, 0xEC, 0x36, 0xDD, 0xDD, 0xDF,
    0x11, 0xEA, 0x1E, 0x11, 0x21, 0x12, 0xA6, 0xDC, 0xDC, 0xCC, 0xC2, 0x11, 0xA2, 0x1A, 0x11, 0x6C,
    0xB6, 0x20, 0x66, 0xF7, 0x57, 0x77, 0xB0, 0x11, 0xFF, 0xF6, 0xF6, 0xFB, 0xFF, 0xFF, 0xFB, 0x8F,
    0xB4, 0x6F, 0xF8, 0x88, 0x88, 0x88, 0x88, 0x88, 0x98, 0x38, 0x88, 0x88, 0x88, 0x88, 0xB8, 0x3B,
    0xBB, 0xBB, 0xBB, 0xFB, 0xBB, 0xBB, 0xBD, 0xDB, 0xD4, 0xDD, 0xDD, 0x4D, 0x4D, 0xDC, 0xFC, 0xBC,
    0xBC, 0xDC, 0xBC, 0x6C, 0x74, 0x76, 0xF6, 0x66, 0xBC, 0xCB, 0xBC, 0xDC, 0xCA, 0xA3, 0xD6, 0x6F,
    0x66, 0xFF, 0x01, 0x1A, 0x1A, 0x19, 0x99, 0x34, 0x34, 0x84, 0x84, 0x9D, 0xDD, 0xDD, 0x63, 0x88,
    0x88, 0x8E, 0x8E, 0x88, 0x83, 0xEE, 0xEE, 0xE6, 0x3C, 0xC6, 0x66, 0x66, 0x66, 0xEE, 0xEE, 0x1E,
    0xEE, 0xEE, 0xEE, 0xEE, 0x6C, 0xCC, 0xCC, 0xCC, 0xCA, 0xE2, 0xEE, 0x1E, 0xE1, 0xEE, 0x16, 0xDC,
    0xCC, 0x6C, 0xDC, 0x81, 0x11, 0x11, 0x11, 0x6D, 0xC6, 0x1A, 0x11, 0x10, 0x20, 0x76, 0x66, 0x01,
    0xF6, 0xF6, 0xFF, 0xFF, 0xFF, 0xFF, 0xFF, 0xF6, 0xD3, 0x6F, 0xBF, 0xB8, 0x88, 0x38, 0x88, 0x98,
    0xE8, 0xE8, 0x18, 0x88, 0x88, 0xB8, 0xBB, 0xBB, 0xBB, 0xBF, 0xBB, 0xBB, 0xBB, 0xBB, 0xFB, 0x4B,
    0xDD, 0xB4, 0xDD, 0x4D, 0xD4, 0xD4, 0xDD, 0x4C, 0xCC, 0xBC, 0xDC, 0xDF, 0x46, 0x66, 0xF6, 0xF6,
    0xCB, 0xDC, 0xCC, 0xBC, 0xBC, 0xDC, 0xB6, 0x66, 0x6F, 0xC6, 0xA9, 0xA9, 0x11, 0xA1, 0xA9, 0x99,
    0x93, 0x3D, 0x3D, 0x93, 0xDD, 0xDC, 0x66, 0x66, 0x88, 0x88, 0x88, 0x88, 0xFE, 0xEE, 0x8E, 0xEE,
    0x46, 0x66, 0x00, 0x2F, 0x02, 0xFE, 0xEE, 0xEE, 0xEE, 0x2E, 0xEE, 0xEC, 0xAC, 0x6C, 0x8F, 0x88,
    0x8E, 0xEE, 0xEE, 0x21, 0x2A, 0x21, 0x16, 0xCC, 0xCC, 0xC6, 0xCC, 0x61, 0x11, 0x11, 0x11, 0x63,
    0xD6, 0x11, 0x11, 0x11, 0x11, 0x11, 0x11, 0x11, 0x6F, 0xFF, 0xFF, 0xFF, 0xF6, 0xFF, 0xFF, 0xF6,
    0xD3, 0x66, 0x88, 0xBB, 0x88, 0x88, 0x88, 0x8F, 0x88, 0x88, 0x88, 0x88, 0x88, 0xBB, 0xBF, 0xBB,
    0xFB, 0xFB, 0xBF, 0xBB, 0xFB, 0xBF, 0xBB, 0xFB, 0xBB, 0xBB, 0xDD, 0xDD, 0x4D, 0xDD, 0xD4, 0xDD,
    0xDB, 0xCC, 0xBC, 0xB6, 0xFF, 0x6B, 0xC6, 0x66, 0xBC, 0xCB, 0xDF, 0xCD, 0xCC, 0xBC, 0xDC, 0xBD,
    0xFD, 0xDD, 0xAA, 0x19, 0xA9, 0x91, 0x11, 0xA1, 0xA1, 0x99, 0x9D, 0x66, 0x53, 0xF9, 0x1A, 0x49,
    0x48, 0x88, 0x88, 0xB8, 0x86, 0x8E, 0x8E, 0xEE, 0x4B, 0x77, 0x6B, 0xBB, 0xFB, 0x7E, 0xEE, 0xE1,
    0xEE, 0x1E, 0xEE, 0x68, 0xDD, 0xC6, 0x6F, 0xFF, 0xBF, 0xEE, 0xE1, 0xEE, 0x1E, 0xEE, 0x16, 0x9C,
    0xCC, 0xC6, 0xCC, 0x6E, 0x1E, 0xEE, 0x1E, 0x63, 0xC6, 0x11, 0x11, 0x11, 0x11, 0x11, 0xA1, 0x11,
    0xFF, 0xFF, 0xF6, 0xFB, 0xBF, 0xFF, 0xFF, 0xF6, 0xD3, 0x6F, 0xFB, 0xBB, 0xFE, 0x88, 0xFF, 0x8F,
    0x88, 0x88, 0x88, 0x88, 0xBF, 0xBF, 0xBB, 0xF8, 0xBB, 0xBF, 0xBB, 0xBB, 0x8C, 0x8B, 0xBB, 0xBB,
    0xBB, 0xFB, 0xBB, 0xBD, 0xB4, 0xDD, 0xBD, 0xD4, 0xDD, 0x4D, 0x4C, 0xCD, 0xCF, 0xCF, 0xF6, 0x6C,
    0xDB, 0xCC, 0xFD, 0xCF, 0xDC, 0xBC, 0xCB, 0xCC, 0xDD, 0xD3, 0xAA, 0x99, 0x99, 0x9A, 0x99, 0x9A,
    0x1A, 0x16, 0xA7, 0x6F, 0x44, 0x4F, 0x47, 0x67, 0x4B, 0xB8, 0xBB, 0xB0, 0xBF, 0x88, 0x8E, 0xEF,
    0xB6, 0xFB, 0xBB, 0xBB, 0xFB, 0xBE, 0xEE, 0xEE, 0xEE, 0xEE, 0xEE, 0xAD, 0xCC, 0xC6, 0xFF, 0x88,
    0xB8, 0x6E, 0xEE, 0xEE, 0xEE, 0xEE, 0xE6, 0x1E, 0xDD, 0xC6, 0xCC, 0x61, 0x1E, 0x1E, 0xEE, 0x63,
    0xD6, 0xE1, 0x8A, 0xE6, 0x11, 0x11, 0x11, 0x11, 0xF6, 0x6F, 0x66, 0xBB, 0x8B, 0xFF, 0xFF, 0xF6,
    0xC3, 0x6F, 0xF8, 0x88, 0x88, 0xFB, 0xFF, 0x68, 0x88, 0x88, 0x88, 0x88, 0xFB, 0xBF, 0xBF, 0xBB,
    0xF8, 0xFB, 0xBF, 0xBF, 0xBB, 0xBF, 0xBF, 0xBB, 0xFB, 0xBB, 0xBB, 0xBD, 0xBF, 0xDD, 0xBB, 0xDD,
    0xDD, 0xDD, 0xD4, 0x4D, 0xF6, 0x66, 0x6F, 0xBC, 0xBC, 0xDF, 0xDC, 0xBC, 0xBD, 0xDD, 0x4D, 0xD4,
    0xDD, 0x59, 0x9A, 0xA9, 0xA9, 0xA9, 0x99, 0xAA, 0x99, 0x90, 0xDB, 0x6B, 0x44, 0x46, 0x4B, 0x6B,
    0x44, 0x34, 0x48, 0xBB, 0x86, 0xB8, 0x88, 0x83, 0xFB, 0xBF, 0xFB, 0xBB, 0x6B, 0x9E, 0x8E, 0xEE,
    0xEE, 0xEE, 0x83, 0xDC, 0xCC, 0xD6, 0xBF, 0xFB, 0xF8, 0xBE, 0xEE, 0xEE, 0x2E, 0xEE, 0xEE, 0x8D,
    0xDC, 0x66, 0x86, 0xE1, 0x1E, 0xE2, 0xEE, 0x63, 0xB6, 0xEA, 0x1E, 0x8F, 0xE1, 0x1E, 0xA1, 0x11,
    0xFF, 0xFF, 0xFF, 0xFF, 0xB8, 0xBF, 0xFF, 0xF6, 0xB3, 0x6F, 0xFF, 0x33, 0x88, 0xFF, 0xFF, 0xF8,
    0x88, 0x88, 0xBB, 0xFB, 0xB8, 0xBB, 0x8F, 0xBF, 0xBF, 0x8B, 0xBB, 0xBB, 0xBF, 0xBB, 0xBB, 0xFB,
    0xBB, 0xBF, 0xBF, 0xBF, 0xBB, 0xBD, 0xBC, 0x4D, 0x4D, 0xB4, 0xDD, 0xDD, 0xDD, 0xCF, 0xDC, 0xCD,
    0xCF, 0xDC, 0xCC, 0xDC, 0xDD, 0xDD, 0xDD, 0xDD, 0x91, 0x1A, 0xAA, 0xAA, 0xAA, 0xAA, 0xA9, 0x39,
    0x99, 0x6D, 0xFC, 0xB6, 0x64, 0xB6, 0x66, 0x66, 0x69, 0x3D, 0x3D, 0x3D, 0x46, 0xBB, 0xB8, 0x6D,
    0xC6, 0x66, 0xB6, 0xBB, 0xB9, 0xE8, 0xE8, 0xE8, 0x8E, 0xEE, 0x1D, 0xDC, 0xE6, 0xCD, 0xBF, 0xF8,
    0x88, 0x89, 0xEE, 0xEE, 0xEE, 0xEE, 0xEE, 0xEC, 0xCB, 0xBC, 0x6E, 0xE1, 0x12, 0xE1, 0xEE, 0x63,
    0xC6, 0xEA, 0x12, 0x1B, 0x82, 0xEE, 0xE1, 0x62, 0xFF, 0xFF, 0xFF, 0xFF, 0xFF, 0xB8, 0x6F, 0xF6,
    0xC3, 0x6F, 0xFF, 0xF6, 0x8F, 0xFF, 0xFB, 0xF6, 0x88, 0x88, 0x88, 0x88, 0xB8, 0x88, 0xF8, 0x88,
    0x88, 0xBB, 0x8F, 0xBB, 0xFB, 0xBF, 0xBB, 0xBB, 0xFB, 0xFB, 0xBB, 0xBB, 0xBF, 0xBB, 0xBB, 0xD4,
    0xDD, 0xBD, 0xD4, 0xDD, 0x4D, 0xDD, 0xD4, 0xCB, 0xDD, 0xD4, 0x4D, 0xDD, 0x4D, 0x4D, 0x9A, 0x9A,
    0xAA, 0x11, 0x19, 0xA9, 0xAA, 0x9A, 0xAA, 0xAA, 0xA0, 0xC6, 0xFC, 0xFC, 0x6F, 0xDC, 0x33, 0x3A,
    0x6A, 0x99, 0xDD, 0x3D, 0x86, 0x3D, 0x3C, 0xDD, 0xC6, 0xFB, 0xFF, 0xBB, 0xF6, 0x38, 0xE8, 0x88,
    0x8E, 0x31, 0xCD, 0x6E, 0xEC, 0xCC, 0xBB, 0xFF, 0xBB, 0xB8, 0xE1, 0xEE, 0xEE, 0xE6, 0xBE, 0x6B,
    0x6C, 0xC3, 0x33, 0xEE, 0xEE, 0xEE, 0xEE, 0x63, 0xD6, 0xEE, 0x29, 0x78, 0xBE, 0xEE, 0xFA, 0x94,
    0xF6, 0xFF, 0xFF, 0x6F, 0xFF, 0xFB, 0xB6, 0xF6, 0xD3, 0x6B, 0xF6, 0xF6, 0x8F, 0xFF, 0xF8, 0x8F,
    0x88, 0x88, 0x88, 0x88, 0x88, 0x88, 0x88, 0x66, 0x88, 0xFF, 0xBB, 0xB8, 0xBB, 0xBB, 0xFB, 0xFB,
    0xBB, 0xBB, 0xBB, 0xBF, 0xBB, 0xBB, 0xFB, 0xBF, 0xBB, 0xBD, 0x4D, 0xD0, 0xDD, 0x4D, 0xD4, 0xDD,
    0xD4, 0xDD, 0xDD, 0x9D, 0x5A, 0x9A, 0x9A, 0x9A, 0xAA, 0xA9, 0xA1, 0x11, 0x1A, 0xAA, 0x9A, 0x9A,
    0xA9, 0x96, 0xCB, 0xFF, 0xCD, 0x36, 0xE3, 0x39, 0x4A, 0x9A, 0xA9, 0x99, 0x96, 0x4D, 0xDD, 0xEC,
    0xC6, 0xBB, 0xF6, 0x44, 0xF6, 0x6E, 0xE8, 0x88, 0x80, 0x1D, 0xC6, 0xC6, 0x96, 0xD6, 0xBB, 0xBB,
    0xB8, 0xB8, 0xEE, 0xEE, 0x1E, 0xE6, 0x66, 0x65, 0xBD, 0xCC, 0xDD, 0xCE, 0xEE, 0xEE, 0xEE, 0x63,
    0xC6, 0xE8, 0xC0, 0xFD, 0xBB, 0x18, 0xB8, 0xB4, 0xFF, 0xFF, 0xFF, 0x66, 0xFF, 0xFF, 0xF6, 0x66,
    0xB3, 0x68, 0xB6, 0x66, 0xBF, 0xFF, 0xF8, 0xB8, 0x68, 0x88, 0x88, 0x88, 0x88, 0x88, 0x88, 0x6F,
    0x88, 0x8F, 0x8B, 0xF8, 0xFB, 0xFB, 0xBB, 0xBB, 0xFB, 0xFB, 0x8F, 0xBB, 0x8B, 0xFB, 0xBB, 0xBB,
    0xBF, 0xBF, 0xDB, 0xD3, 0xDD, 0xDD, 0xDD, 0xDD, 0xDD, 0xDD, 0x91, 0x11, 0x1A, 0xAA, 0xAA, 0x99,
    0x99, 0xAA, 0xAA, 0x91, 0x11, 0x1A, 0xAA, 0xAA, 0xA0, 0xF6, 0xBC, 0xBC, 0xCD, 0x36, 0x3D, 0x3C,
    0x31, 0xAA, 0x1A, 0xA9, 0x36, 0x9A, 0x3C, 0x3D, 0x66, 0xBB, 0xF6, 0xBF, 0xF5, 0x68, 0x38, 0x88,
    0x63, 0x76, 0x64, 0x56, 0x66, 0xCD, 0x6F, 0xFF, 0xBF, 0xBE, 0xEE, 0xEE, 0x1E, 0xED, 0xAD, 0x0B,
    0x4C, 0xCD, 0xCD, 0xCA, 0xEE, 0xEE, 0xEE, 0x63, 0xC6, 0xE3, 0x60, 0x08, 0xBD, 0xFB, 0xDB, 0xDD,
    0x66, 0x6F, 0xF6, 0xFF, 0x66, 0xFF, 0xFF, 0xF6, 0xD3, 0x6F, 0xBB, 0x8B, 0xFF, 0xFF, 0xF8, 0x68,
    0x88, 0x88, 0x88, 0x88, 0x88, 0x88, 0x88, 0x36, 0x88, 0x68, 0xB8, 0x8F, 0x88, 0x8B, 0x3F, 0xBB,
    0xEB, 0xBF, 0x8B, 0xFB, 0xBF, 0x8B, 0xBF, 0xBB, 0x8B, 0xBB, 0xFB, 0xDD, 0xDD, 0xD9, 0x99, 0x9A,
    0x9A, 0xAA, 0x9A, 0x9A, 0x9A, 0x1A, 0x9A, 0xAA, 0xA9, 0x99, 0x9A, 0xA9, 0xA9, 0x11, 0x11, 0xAA,
    0x91, 0xC8, 0x8B, 0x6F, 0x6C, 0xD3, 0x6E, 0x36, 0xE9, 0x91, 0xA1, 0xAA, 0xC9, 0x66, 0x63, 0xCC,
    0xC6, 0xBF, 0x67, 0x44, 0xB9, 0x6B, 0xBB, 0xB8, 0x36, 0x66, 0x8F, 0x88, 0x88, 0xDC, 0xCC, 0x66,
    0x66, 0xEE, 0xEE, 0xEE, 0xEE, 0xEC, 0x66, 0x54, 0xFC, 0xD6, 0xCC, 0xC6, 0xEE, 0xAE, 0xEE, 0x63,
    0xC6, 0xEE, 0xEF, 0x90, 0xBC, 0x8B, 0xDD, 0xBB, 0xFF, 0x6F, 0x66, 0x66, 0xFF, 0xF6, 0xFF, 0xF6,
    0xB3, 0x6F, 0xFF, 0xF6, 0x6F, 0xFF, 0xF8, 0x8B, 0x68, 0x88, 0x88, 0x68, 0x8F, 0x88, 0x6F, 0xFF,
    0x88, 0x68, 0xB8, 0x88, 0x8B, 0x8F, 0x8B, 0xBB, 0xBF, 0xBB, 0xFB, 0xBB, 0xBB, 0xBF, 0xBE, 0x8F,
    0x8B, 0x8C, 0x38, 0x3E, 0x8E, 0xAA, 0x99, 0xAA, 0xAA, 0x9A, 0xAA, 0xAA, 0xAA, 0x9A, 0xAA, 0x19,
    0xAA, 0x99, 0xA9, 0x9A, 0xAA, 0xA9, 0xA1, 0x11, 0x19, 0xBB, 0xCC, 0x6F, 0x38, 0x63, 0x33, 0x3E,
    0x3A, 0x19, 0x39, 0xA1, 0xCA, 0x6D, 0xCD, 0xCC, 0x66, 0xBB, 0x67, 0xB6, 0x67, 0x98, 0x8B, 0x8B,
    0xBB, 0xB8, 0x86, 0xCB, 0x88, 0x66, 0x66, 0x66, 0x66, 0xEE, 0xEE, 0xEE, 0x1E, 0xEE, 0x97, 0x0B,
    0xFC, 0xD6, 0xDD, 0xDC, 0xEE, 0x12, 0xEE, 0x63, 0xC6, 0xE3, 0xEE, 0x60, 0x48, 0x83, 0xBB, 0xD0,
    0xFF, 0xF6, 0xFF, 0xFF, 0xFF, 0xFF, 0xFF, 0x66, 0xD3, 0x6F, 0xFF, 0xFF, 0xFF, 0xFF, 0xFF, 0x86,
    0x68, 0x88, 0x88, 0x88, 0x83, 0x88, 0x86, 0xFF, 0x8F, 0xB8, 0x6E, 0xF8, 0x88, 0x88, 0x88, 0x8B,
    0xFB, 0xBF, 0x8F, 0xBF, 0x8F, 0x88, 0xB8, 0x88, 0x88, 0x88, 0x83, 0x88, 0x38, 0xE8, 0xE9, 0x3A,
    0x9A, 0x9A, 0x9A, 0x9A, 0x9A, 0xA9, 0xA9, 0xAA, 0xA1, 0x11, 0x9A, 0x99, 0x99, 0xA9, 0x9A, 0x9A,
    0xA1, 0x6C, 0xB8, 0x6C, 0x6C, 0x6D, 0xCC, 0x66, 0x66, 0xAA, 0xAA, 0x99, 0x96, 0x96, 0xC6, 0xAA,
    0xD6, 0xBB, 0x6B, 0x4B, 0xB4, 0x54, 0xD3, 0xD8, 0xD8, 0xBB, 0xB6, 0xC3, 0x66, 0xCC, 0xCC, 0xFF,
    0xF6, 0xBE, 0xBE, 0xEE, 0xEE, 0xEE, 0xFB, 0xBB, 0x6D, 0xCC, 0xDD, 0xDC, 0xEE, 0xEE, 0x1E, 0x63,
    0xC6, 0xE8, 0xE8, 0x90, 0x9D, 0x48, 0x4D, 0xB1, 0xFF, 0xF6, 0xFF, 0xF6, 0xFF, 0xFF, 0x6F, 0xF6,
    0xB3, 0x6F, 0xFF, 0xFF, 0xF6, 0xFF, 0xB8, 0x66, 0x88, 0x88, 0x8F, 0x88, 0x8B, 0x88, 0x8F, 0x6F,
    0x8B, 0xEF, 0x88, 0x68, 0x88, 0x38, 0x3B, 0x88, 0xBF, 0xEF, 0x8F, 0x3B, 0xBE, 0x8E, 0xE8, 0x88,
    0x38, 0xE8, 0xE8, 0xE3, 0xE8, 0xE8, 0xA1, 0x8A, 0xAA, 0xAA, 0xA1, 0xAA, 0xA9, 0xAA, 0x9A, 0xA9,
    0xA9, 0x11, 0x9A, 0x9A, 0xA9, 0xA9, 0x39, 0x9A, 0xAA, 0xA6, 0x6A, 0xF6, 0xDC, 0x6D, 0x6C, 0xA1,
    0xA6, 0xAA, 0xAA, 0xA9, 0x95, 0x6A, 0xAA, 0xAA, 0xDC, 0x6F, 0x64, 0xBB, 0xBB, 0x66, 0xD3, 0xD3,
    0xDD, 0xD8, 0x36, 0xD6, 0xA3, 0xFC, 0xF6, 0x6F, 0x68, 0x8E, 0x8E, 0x8E, 0x8E, 0xEE, 0x36, 0xBB,
    0x6C, 0xDC, 0xDD, 0xDC, 0x8E, 0x1E, 0xAE, 0x63, 0xD6, 0xE8, 0xE8, 0xE6, 0x49, 0x6A, 0xBB, 0x6A,
    0x6F, 0xFB, 0xBF, 0x6F, 0xFF, 0xFF, 0x6F, 0xF6, 0xD3, 0x6F, 0xFF, 0x66, 0xFF, 0xFF, 0x66, 0x59,
    0x96, 0x66, 0x6F, 0x8B, 0x88, 0x88, 0x6F, 0x86, 0x6F, 0x88, 0x68, 0x88, 0x88, 0xB8, 0x8B, 0x88,
    0x8F, 0xF8, 0x88, 0x88, 0x88, 0x8E, 0x88, 0x38, 0xEE, 0x88, 0xA8, 0x8E, 0xAE, 0xA3, 0x8A, 0x8A,
    0x13, 0x9A, 0x9A, 0xA9, 0xAA, 0xAD, 0x9A, 0xAA, 0xAA, 0x9A, 0xA1, 0x19, 0x9A, 0x9A, 0x9A, 0x99,
    0x99, 0xAA, 0xAA, 0xCF, 0xDD, 0x6D, 0x33, 0x3C, 0xDD, 0xAA, 0x9A, 0xAA, 0xA9, 0x69, 0xAA, 0xAA,
    0xCC, 0x6F, 0xFF, 0xBF, 0x60, 0x6A, 0x93, 0xDD, 0x36, 0x66, 0xD6, 0xCC, 0x6C, 0xFC, 0xFC, 0x63,
    0xB8, 0x88, 0x88, 0x8E, 0x88, 0xEB, 0xE3, 0x64, 0x6C, 0xCC, 0xCC, 0xCC, 0x8E, 0x81, 0xEE, 0x64,
    0xC6, 0xEE, 0xEB, 0xBB, 0x64, 0xFE, 0x3B, 0xEB, 0xFF, 0x6B, 0x8B, 0xF6, 0xF6, 0xBB, 0xF6, 0x66,
    0xB3, 0x66, 0xF6, 0xFB, 0xBF, 0x64, 0x44, 0x4B, 0x77, 0x97, 0x11, 0xF6, 0xFF, 0xF8, 0x88, 0xFF,
    0xFF, 0x68, 0x86, 0x88, 0x38, 0x83, 0x88, 0x83, 0x88, 0x88, 0xE8, 0x83, 0x83, 0x8E, 0x8E, 0x88,
    0xE8, 0xA8, 0xEE, 0x8A, 0x8A, 0x88, 0xA8, 0x8A, 0xE9, 0xAA, 0xAE, 0x93, 0xA9, 0xAA, 0xDD, 0xD1,
    0x9A, 0xAA, 0x9A, 0xA1, 0x11, 0x1A, 0x9A, 0x9A, 0x99, 0x35, 0x3A, 0xFC, 0x6C, 0x8D, 0xCC, 0xCC,
    0x6A, 0xAA, 0xAA, 0xAA, 0xA5, 0x6A, 0xA9, 0x3A, 0xDD, 0xCD, 0xCC, 0xC6, 0xAA, 0x69, 0x0A, 0xAA,
    0x64, 0x7F, 0x66, 0x66, 0xDC, 0xF6, 0x6C, 0x66, 0x59, 0xFF, 0x88, 0x88, 0x88, 0xEB, 0xEE, 0x0B,
    0x76, 0x6C, 0xCC, 0xC3, 0xEE, 0x88, 0xEE, 0x63, 0xD6, 0xEE, 0xEE, 0xE3, 0xEF, 0x8E, 0x89, 0xEE,
    0x6F, 0x6B, 0xB4, 0xBF, 0x6F, 0xB8, 0xB6, 0x66, 0xC3, 0x6B, 0xF8, 0xB8, 0xF6, 0x44, 0xB4, 0x44,
    0x87, 0x79, 0x7A, 0x1C, 0xF8, 0xBB, 0x88, 0x86, 0xFF, 0xFF, 0xF3, 0xCB, 0x88, 0x88, 0x88, 0xB8,
    0x38, 0x38, 0x88, 0x88, 0x88, 0x83, 0x88, 0x38, 0xE8, 0xA8, 0xE8, 0x8E, 0x88, 0xE8, 0xEE, 0xEE,
    0xE8, 0x8A, 0x9E, 0xA3, 0xAA, 0xAA, 0xAA, 0x9A, 0x3A, 0x9A, 0xA9, 0xAA, 0xA1, 0x11, 0x1A, 0xA9,
    0xAA, 0xA3, 0x93, 0xBC, 0xB6, 0x6C, 0xCC, 0xC6, 0x3C, 0x91, 0x9A, 0x9A, 0xA9, 0x6A, 0xAA, 0xAC,
    0x6C, 0xCC, 0xCC, 0xC9, 0xAA, 0x99, 0x11, 0xA0, 0x60, 0xAC, 0xC6, 0x6C, 0xCF, 0xC6, 0x6C, 0x66,
    0x66, 0x95, 0x66, 0xBB, 0xBB, 0xE8, 0x83, 0x7B, 0xB4, 0xF6, 0x66, 0xEE, 0xEE, 0xEB, 0xEE, 0x63,
    0xC6, 0xEE, 0xE8, 0xEE, 0xEE, 0x8E, 0xEE, 0xEE, 0xB6, 0x68, 0xB8, 0xFB, 0xBB, 0x8B, 0x68, 0xB6,
    0xB3, 0x6B, 0xBB, 0xBB, 0x6B, 0xBB, 0x4B, 0x4F, 0xB4, 0xB7, 0x37, 0x91, 0x68, 0x8F, 0x68, 0x8F,
    0xFF, 0xFF, 0x83, 0xE8, 0x88, 0x88, 0x88, 0x36, 0x88, 0x88, 0x38, 0x38, 0x88, 0x8F, 0x81, 0x9A,
    0x68, 0x38, 0xE8, 0x38, 0x8E, 0x88, 0xAE, 0xAE, 0xAE, 0x83, 0x8E, 0x33, 0xA9, 0xAA, 0xAA, 0xAA,
    0x9A, 0xAA, 0xAA, 0xA9, 0xA1, 0x11, 0x11, 0x1A, 0x1A, 0x9A, 0xAA, 0x66, 0xBC, 0xFF, 0xFF, 0xBB,
    0x40, 0x0A, 0xAA, 0xAA, 0x95, 0x6A, 0xAA, 0xA6, 0xDC, 0xCF, 0xCF, 0xFD, 0xAA, 0xA9, 0x39, 0xA6,
    0xF9, 0xAC, 0x9C, 0x63, 0xF6, 0x69, 0x66, 0xDB, 0xDB, 0xFF, 0x6B, 0xB8, 0xB8, 0x8B, 0xB8, 0x6B,
    0xF6, 0x66, 0x66, 0xE3, 0xE8, 0xE8, 0xEE, 0x63, 0xD6, 0xE3, 0xEB, 0xEE, 0xEE, 0xEE, 0xEE, 0xEE,
    0x8B, 0xBB, 0xBB, 0xF8, 0xB8, 0xBB, 0xB8, 0xB6, 0xD3, 0x6B, 0xFF, 0xF6, 0xCF, 0xD4, 0xBC, 0xB4,
    0x44, 0x44, 0xDB, 0x59, 0x9F, 0x88, 0xB6, 0x6F, 0xFF, 0x8F, 0xB8, 0x8B, 0x88, 0x86, 0x86, 0x68,
    0x83, 0x88, 0x88, 0x88, 0xF8, 0xFF, 0x44, 0x79, 0xAF, 0x83, 0x88, 0x8E, 0x8F, 0x38, 0x88, 0x8A,
    0x8E, 0xEE, 0xE8, 0xAA, 0xAA, 0x9A, 0xA9, 0xAA, 0xA9, 0xA9, 0xA9, 0xAA, 0x9A, 0xA9, 0x11, 0x11,
    0x9A, 0xAA, 0xA9, 0xBF, 0xFF, 0xFF, 0xFF, 0x6B, 0x46, 0xAA, 0xA9, 0xAA, 0xA3, 0x69, 0x9A, 0xA6,
    0xCF, 0xFF, 0x6C, 0xD6, 0xAA, 0xA9, 0x3A, 0xA6, 0x7A, 0x9C, 0x9C, 0x68, 0xBC, 0x6A, 0x66, 0xC6,
    0xFF, 0xFF, 0x6D, 0x8B, 0xBB, 0xB8, 0xBB, 0x67, 0xBF, 0xBF, 0xB6, 0x8E, 0xEB, 0xEE, 0xBE, 0xFD,
    0xC6, 0x8E, 0xEE, 0xE3, 0xEE, 0xEE, 0x3E, 0xFE, 0xB8, 0xFF, 0xFB, 0xFB, 0xBB, 0xFB, 0x8B, 0x86,
    0xF3, 0x6F, 0xFF, 0xF6, 0xF4, 0x4F, 0xC4, 0xBD, 0x44, 0x44, 0x44, 0x79, 0x96, 0xB8, 0x6F, 0xFF,
    0xFF, 0x38, 0xB8, 0x88, 0x88, 0x86, 0x8F, 0x68, 0x88, 0xE8, 0x83, 0x8B, 0xBC, 0xFD, 0xFB, 0x34,
    0x7E, 0x61, 0xF8, 0xEF, 0x8B, 0x8E, 0x8E, 0x88, 0x8E, 0xEE, 0xAE, 0xA8, 0xA3, 0xAA, 0x99, 0x9A,
    0x9A, 0xAA, 0xAA, 0xA9, 0xAA, 0x9A, 0xAA, 0xA1, 0x11, 0x9A, 0x9A, 0xBF, 0xFF, 0xF6, 0xFF, 0x9C,
    0x63, 0x9A, 0xA1, 0xAA, 0xA4, 0x63, 0x9A, 0x1F, 0xBC, 0xFC, 0x6F, 0x86, 0xAA, 0x9A, 0xA9, 0xA6,
    0x71, 0xDC, 0x6A, 0x06, 0xDC, 0x69, 0xCC, 0x6D, 0xCC, 0x76, 0xBC, 0xD8, 0x88, 0xBB, 0xBB, 0xC4,
    0xBF, 0x6B, 0x6D, 0x8B, 0xEB, 0x88, 0x88, 0xFD, 0xD6, 0xEB, 0xE3, 0xEB, 0xEE, 0xBE, 0xEB, 0xEE,
    0xBF, 0xB8, 0xBF, 0xFB, 0xFB, 0xBB, 0xBB, 0x66, 0xF4, 0x6F, 0xFB, 0xF6, 0xCF, 0xDF, 0x4C, 0xBB,
    0xF4, 0x44, 0x44, 0x49, 0x5A, 0x66, 0xFF, 0xFF, 0xFF, 0xB3, 0x8F, 0x88, 0x88, 0x88, 0xFF, 0x36,
    0x88, 0x88, 0x88, 0x8B, 0xFB, 0x8B, 0xCB, 0xE8, 0x4E, 0x6E, 0x88, 0x8B, 0x88, 0x88, 0x88, 0x8A,
    0x88, 0xAE, 0xEE, 0x38, 0xBE, 0x8A, 0x9B, 0xAA, 0xA9, 0xA9, 0x99, 0xAA, 0xAA, 0xAA, 0x9A, 0x9A,
    0x11, 0x1A, 0xA6, 0xFF, 0xFF, 0x6F, 0xF4, 0xA9, 0x93, 0xDA, 0x9A, 0xA9, 0x87, 0x69, 0xA9, 0xA8,
    0xCF, 0xCA, 0x6F, 0xD6, 0xAA, 0xAA, 0xAA, 0xAF, 0x4A, 0xC6, 0xCA, 0x96, 0x8F, 0x66, 0xD6, 0x6C,
    0x5C, 0xA5, 0x6B, 0x3D, 0x3D, 0xD8, 0xD8, 0x7B, 0xB6, 0xDB, 0x6B, 0xBB, 0x8B, 0x88, 0xEE, 0xFD,
    0xB8, 0x3B, 0xEE, 0xEB, 0xEE, 0xBE, 0xEB, 0xE3, 0xFB, 0xF8, 0x6B, 0xBB, 0x86, 0xBB, 0x88, 0x86,
    0xB3, 0x6B, 0xBB, 0xB6, 0xBF, 0xFF, 0xFF, 0x44, 0x84, 0xB4, 0x44, 0x8B, 0x49, 0x6F, 0xFF, 0xFF,
    0xFF, 0xFF, 0x83, 0x36, 0x88, 0x38, 0x86, 0x86, 0x68, 0x88, 0xFB, 0xBB, 0xBB, 0xFB, 0x8F, 0x8F,
    0x88, 0x88, 0x88, 0x88, 0xB8, 0x8E, 0x88, 0xE6, 0xE3, 0x88, 0x8A, 0x8E, 0xEE, 0x89, 0x88, 0x8A,
    0x9A, 0x4D, 0x4D, 0xA9, 0xA9, 0xA9, 0xAA, 0xAA, 0x9A, 0xA1, 0x16, 0xFF, 0xF6, 0x5F, 0xF4, 0x9A,
    0xA9, 0x39, 0x3A, 0x9A, 0x44, 0xF9, 0xAA, 0x0D, 0xFC, 0x6A, 0x6B, 0x86, 0xAA, 0x9A, 0xA9, 0xA6,
    0xBA, 0x1A, 0x9A, 0xA6, 0xDC, 0x6C, 0xC6, 0xB6, 0xDC, 0xAA, 0x4F, 0x54, 0xDD, 0x3D, 0x3D, 0x9F,
    0xB4, 0x6F, 0x6B, 0x8B, 0xBB, 0xBE, 0xBE, 0xFB, 0xBB, 0xB8, 0xEE, 0x88, 0xEE, 0xEF, 0xEB, 0xEB,
    0xFF, 0xBF, 0xB6, 0xF8, 0x6B, 0x8B, 0xBF, 0x66, 0xD3, 0x66, 0x8F, 0xBF, 0xBF, 0xBF, 0xF8, 0x88,
    0x88, 0x84, 0xFB, 0x88, 0x8F, 0xF8, 0xFF, 0x6F, 0xFF, 0xFF, 0xF6, 0x6E, 0x98, 0x6F, 0x6B, 0x88,
    0x88, 0x88, 0x88, 0x88, 0x88, 0x83, 0x88, 0x88, 0x88, 0x88, 0x38, 0x88, 0x88, 0x88, 0xFD, 0xBF,
    0xEE, 0x8E, 0x88, 0x88, 0xE8, 0xBA, 0xB9, 0xA9, 0xAA, 0xAA, 0xAA, 0xA9, 0xAD, 0xD1, 0x9A, 0x9A,
    0xA9, 0xA9, 0x3F, 0xFF, 0x69, 0x06, 0xBF, 0x69, 0xA9, 0xA9, 0xA9, 0xA3, 0x46, 0x69, 0x11, 0x18,
    0xFB, 0xA1, 0x6C, 0xF3, 0x9A, 0xAA, 0xAA, 0xAD, 0xF0, 0x91, 0xA9, 0x46, 0x6F, 0x66, 0xC6, 0xC6,
    0xCC, 0xF1, 0xAF, 0x6A, 0xA9, 0x93, 0xDD, 0x7B, 0x64, 0x6B, 0xB6, 0xB8, 0xB8, 0xBF, 0x8E, 0xBB,
    0xBB, 0xBE, 0xBB, 0x38, 0xEF, 0xE8, 0xBB, 0xEB, 0xFF, 0xFF, 0x88, 0xBB, 0x6B, 0xBF, 0x86, 0xB6,
    0xBD, 0xF6, 0xBB, 0xFB, 0xFB, 0xFB, 0xF8, 0x88, 0xF8, 0xF8, 0x86, 0xFB, 0xFF, 0xFF, 0x8F, 0x8F,
    0xFF, 0x86, 0xF8, 0xBF, 0xBB, 0xF8, 0xBF, 0x8F, 0x88, 0x88, 0xFC, 0x88, 0x83, 0x88, 0x83, 0x88,
    0x83, 0x88, 0x38, 0x83, 0x83, 0x88, 0xCF, 0xFC, 0xE8, 0x8E, 0x88, 0x8E, 0x8E, 0x33, 0xB8, 0xB8,
    0x8A, 0x99, 0xA9, 0xAA, 0xAA, 0xAA, 0xAA, 0xA9, 0xAA, 0xAA, 0x3B, 0xFF, 0x69, 0xA6, 0xFF, 0x6A,
    0x9A, 0xA9, 0xAA, 0xA9, 0x9A, 0xCB, 0xAA, 0x0D, 0xCF, 0x11, 0x1F, 0xCF, 0x0A, 0xA9, 0xA9, 0xA3,
    0x64, 0xAA, 0xA0, 0x66, 0xB6, 0x69, 0x6C, 0xCC, 0xDC, 0x6B, 0xAF, 0x6A, 0x9A, 0x93, 0x99, 0x9F,
    0x6D, 0x47, 0xFB, 0xDD, 0x8B, 0xC8, 0xF8, 0xEB, 0x8F, 0x8B, 0xEF, 0x88, 0xBB, 0x8E, 0xBB, 0xEB,
    0xFF, 0xF6, 0x88, 0xB8, 0xFB, 0xFF, 0x8F, 0xF6, 0xFB, 0xF6, 0x86, 0xBB, 0xB8, 0x8B, 0x8B, 0x88,
    0xFF, 0xF8, 0xBB, 0xF8, 0x66, 0xFF, 0x66, 0xFF, 0xFF, 0x98, 0x88, 0x88, 0x38, 0x66, 0x6B, 0x8F,
    0x88, 0x88, 0x88, 0x8E, 0x88, 0x83, 0x88, 0x83, 0x83, 0x8E, 0x98, 0x18, 0x88, 0x88, 0x6F, 0xCB,
    0x38, 0xA8, 0xE8, 0x8E, 0xE8, 0xE8, 0xB3, 0xBA, 0xA8, 0x89, 0xAA, 0x99, 0xA9, 0xAA, 0x9A, 0x9A,
    0xA9, 0xA9, 0x4F, 0xF4, 0x9A, 0x96, 0xFF, 0x90, 0xA9, 0xAA, 0xA9, 0xAA, 0x9A, 0x3C, 0x9A, 0xA8,
    0xFF, 0x1A, 0x1C, 0xFC, 0x61, 0x1A, 0xAA, 0x9A, 0x6B, 0x45, 0x90, 0x64, 0xBD, 0x66, 0x96, 0x46,
    0xCC, 0x6C, 0xA6, 0x69, 0xAA, 0x9A, 0x9A, 0x7F, 0x6D, 0xD6, 0xCB, 0x8D, 0xDD, 0x8F, 0x8B, 0xEB,
    0xBB, 0xFB, 0xEB, 0xBE, 0xF3, 0xBE, 0xBE, 0xBB, 0xFF, 0xFF, 0xF8, 0xFB, 0xBB, 0x68, 0x6B, 0x6B,
    0xBF, 0xB8, 0x6B, 0xFB, 0x8F, 0x88, 0x88, 0x86, 0xFF, 0xF8, 0x88, 0x88, 0x88, 0x86, 0xFF, 0xFF,
    0xFF, 0xFF, 0x83, 0x86, 0x66, 0x66, 0xFF, 0x86, 0x88, 0x88, 0x8E, 0x88, 0x88, 0x88, 0x88, 0x88,
    0x8E, 0x8F, 0x44, 0x08, 0x38, 0x38, 0xCB, 0xC8, 0x88, 0xA8, 0x83, 0xB8, 0x88, 0xE8, 0x88, 0xEA,
    0x98, 0x8A, 0xA9, 0xAA, 0x9A, 0x9A, 0x9A, 0xA9, 0xA9, 0xAA, 0xDF, 0xF4, 0x9A, 0x9A, 0xFB, 0xFD,
    0x1A, 0xA9, 0x9A, 0x9A, 0xA9, 0x96, 0x9A, 0x98, 0xCC, 0x11, 0xA1, 0xFC, 0x61, 0x11, 0x11, 0x1A,
    0xA9, 0x6F, 0xF6, 0x64, 0xCF, 0x6A, 0xA6, 0xF9, 0x93, 0x49, 0x9F, 0x65, 0x39, 0xAA, 0x9A, 0x3F,
    0x6A, 0xA9, 0x44, 0x63, 0xD4, 0xDD, 0x8B, 0xBB, 0xBB, 0xBB, 0xBB, 0xBB, 0xBB, 0xBB, 0xB8, 0xBB,
    0xFF, 0xFF, 0x6F, 0xFB, 0x8B, 0xF8, 0x6B, 0x8B, 0xB6, 0x8F, 0xF8, 0x8F, 0xFF, 0xB8, 0xFF, 0x88,
    0xF6, 0xF6, 0x88, 0xFF, 0x8F, 0xFF, 0xFF, 0xFF, 0xFF, 0xFF, 0x6F, 0xB8, 0x8F, 0xFF, 0xF6, 0xF8,
    0xFC, 0x8F, 0x88, 0xC8, 0x88, 0xE8, 0x83, 0x8A, 0x88, 0x8F, 0xBB, 0x88, 0x88, 0x86, 0xBC, 0xBB,
    0x38, 0xEE, 0x88, 0x8E, 0xE8, 0x88, 0x88, 0x93, 0x3E, 0x88, 0xA8, 0x8A, 0xAA, 0xD3, 0x19, 0xA9,
    0xAA, 0x9A, 0x4F, 0xFB, 0x9A, 0x99, 0x6B, 0xB4, 0xC1, 0x1A, 0xAA, 0xA9, 0xAA, 0xA6, 0xAA, 0xA6,
    0xF6, 0x9A, 0x9E, 0x66, 0xB6, 0x11, 0x11, 0x11, 0x1D, 0x4D, 0x49, 0xAA, 0x09, 0x0A, 0xA6, 0xB9,
    0xD4, 0x99, 0xA6, 0x6A, 0xAA, 0x99, 0xA9, 0xBB, 0x69, 0xA9, 0x6F, 0xC9, 0xAD, 0x3D, 0xDD, 0x8D,
    0x8C, 0xBB, 0xBD, 0x8B, 0xBB, 0xBB, 0xBB, 0xBB, 0xBF, 0x6F, 0xF6, 0xBB, 0xBF, 0x88, 0xFB, 0xBB,
    0xF6, 0x8F, 0x8B, 0xFF, 0xFF, 0xFF, 0xF8, 0xFF, 0x6F, 0x68, 0x88, 0xFF, 0x86, 0x6F, 0xFF, 0xFF,
    0xFF, 0xFF, 0x6B, 0xFF, 0xFF, 0xFF, 0xFF, 0xF6, 0x88, 0x8F, 0x88, 0x68, 0x88, 0xE8, 0x88, 0x8E,
    0xE8, 0x36, 0x67, 0xC8, 0x83, 0x6B, 0xDF, 0xC6, 0x88, 0x88, 0x8E, 0x8A, 0x88, 0x3F, 0x88, 0xA8,
    0xE9, 0x8A, 0xA8, 0xA9, 0xA9, 0x4D, 0xDA, 0x9A, 0x9A, 0xAA, 0x4F, 0xB6, 0x9A, 0xAA, 0x96, 0xF7,
    0x6A, 0x11, 0x9A, 0x9A, 0x9A, 0x96, 0x9A, 0x96, 0xF6, 0xA9, 0xAA, 0x6C, 0xDC, 0x69, 0x11, 0x11,
    0xDD, 0xDD, 0xDD, 0xAA, 0xAA, 0xAA, 0xAA, 0xF5, 0xA9, 0xAA, 0x9F, 0x5A, 0xA9, 0xAA, 0xC6, 0xDF,
    0x69, 0xAA, 0x9C, 0xD6, 0xAA, 0xD3, 0xD3, 0xDD, 0xD8, 0xCB, 0x8D, 0xD8, 0xBD, 0x8B, 0xBB, 0xBB,
    0xFB, 0xFF, 0xF6, 0x8F, 0xFB, 0xBF, 0xBB, 0x8F, 0xF8, 0xFB, 0x8F, 0xF6, 0x68, 0x86, 0xFF, 0x88,
    0xFF, 0x8F, 0x6F, 0x88, 0x8F, 0x66, 0xFF, 0x6F, 0xFF, 0xFF, 0xFF, 0xFF, 0xBF, 0xBF, 0x6F, 0xFE,
    0x88, 0x8F, 0x86, 0x88, 0x88, 0x8E, 0x88, 0x88, 0xA8, 0x6B, 0x44, 0x83, 0x86, 0xCB, 0xBC, 0xF6,
    0x8E, 0xE8, 0x88, 0x8E, 0x88, 0x8A, 0xBC, 0x8A, 0x88, 0x8A, 0x39, 0xA8, 0xAA, 0xA9, 0xA9, 0xAA,
    0x9A, 0x96, 0xCF, 0xB6, 0x9A, 0x9A, 0x90, 0x6D, 0xDA, 0x99, 0x1A, 0x9A, 0xA9, 0xA6, 0xA6, 0xDB,
    0xCC, 0x93, 0xAA, 0xCC, 0xFC, 0x9A, 0x9A, 0x9D, 0xDA, 0xAA, 0xAD, 0x0A, 0x39, 0xAA, 0xAA, 0x4B,
    0x09, 0xAA, 0x4F, 0x9A, 0x9A, 0xAA, 0xCD, 0xCC, 0x6A, 0x9A, 0x6D, 0xC6, 0x9A, 0xAA, 0x9A, 0xAD,
    0xDD, 0x8D, 0xD9, 0x3D, 0xC3, 0xD8, 0xBB, 0xBB, 0xFF, 0xBF, 0xFB, 0x6F, 0x6F, 0x86, 0xBB, 0xF6,
    0xBB, 0x88, 0xF6, 0xB8, 0xBB, 0x6F, 0x6F, 0xFF, 0xFF, 0x6F, 0xF4, 0x6B, 0x8F, 0xFF, 0x6F, 0x6F,
    0xF6, 0xFF, 0xF8, 0x6F, 0x6F, 0xFF, 0xFF, 0xFF, 0x8F, 0xFF, 0x33, 0x86, 0x88, 0x8E, 0xBB, 0x38,
    0x8A, 0xBC, 0x47, 0xB8, 0x86, 0xBC, 0xF6, 0x48, 0xB3, 0x8B, 0x83, 0x8A, 0x88, 0x83, 0xBB, 0x88,
    0x83, 0x88, 0x88, 0x89, 0xA9, 0x8A, 0x9A, 0x9A, 0x9A, 0x6D, 0xDC, 0xC6, 0xA9, 0xA9, 0xA9, 0x6D,
    0xC6, 0xAA, 0x9A, 0xA9, 0xAA, 0x9D, 0x9D, 0x6C, 0xCB, 0xAA, 0x99, 0xCC, 0xC9, 0x9A, 0x9A, 0x9D,
    0x9A, 0xAA, 0x99, 0xDA, 0xA9, 0xA9, 0x99, 0xA6, 0xBB, 0x44, 0xF9, 0x9A, 0xA9, 0xA9, 0x4D, 0x66,
    0x6A, 0xAA, 0xCC, 0x6A, 0xAA, 0x9D, 0xDD, 0xDD, 0xDD, 0xDD, 0x33, 0x9A, 0x4D, 0xDD, 0xBD, 0x8C,
    0xFB, 0xFF, 0xFF, 0xF8, 0xF6, 0x8F, 0xBF, 0xFF, 0xBF, 0x8F, 0xF8, 0x8F, 0xFF, 0xFF, 0x8B, 0x6F,
    0xFF, 0xFF, 0xBF, 0xB8, 0xFF, 0x6F, 0xFF, 0xFF, 0xF6, 0xFF, 0xF8, 0x86, 0xFF, 0xFF, 0x6F, 0xFF,
    0xBF, 0xFF, 0xB6, 0x8C, 0x88, 0x88, 0xBB, 0x8F, 0xBC, 0xBB, 0x88, 0xA8, 0xF6, 0xCF, 0xC6, 0x88,
    0x88, 0x88, 0xBA, 0x8E, 0xB8, 0x8B, 0xEB, 0xB3, 0x88, 0x8E, 0xB8, 0x8A, 0x98, 0x9A, 0x9A, 0xA9,
    0xA9, 0xBC, 0xCC, 0xD6, 0xAA, 0x9A, 0x93, 0xCC, 0xC6, 0x9A, 0x9A, 0x9A, 0x9A, 0xDD, 0x9D, 0xDC,
    0xCC, 0xA9, 0xAA, 0xCF, 0xC9, 0x9A, 0xAA, 0xAD, 0xA9, 0xDD, 0x90, 0xDD, 0x39, 0xAA, 0xA9, 0xA4,
    0xC6, 0x66, 0xCA, 0xA9, 0xA9, 0xAA, 0x34, 0xDD, 0xD9, 0xA9, 0xCC, 0xDD, 0x9A, 0x99, 0x93, 0x9A,
    0xAA, 0x3D, 0xD4, 0xD3, 0xD3, 0xDD, 0xDD, 0xD4, 0xFF, 0xFF, 0xFB, 0xFB, 0xBF, 0xFB, 0xBF, 0x6B,
    0xBF, 0xF6, 0x8B, 0xFF, 0x66, 0x88, 0xF6, 0xF6, 0xFF, 0xF6, 0xFF, 0xFF, 0x6F, 0xFF, 0x66, 0xFF,
    0xFF, 0xFF, 0xFF, 0x63, 0x86, 0xF6, 0x6F, 0xFF, 0xBF, 0xFF, 0xB8, 0x6B, 0xB8, 0x88, 0xEA, 0x8F,
    0xB8, 0xFC, 0xE8, 0xA8, 0xB4, 0x6F, 0xF8, 0x38, 0x88, 0x88, 0xBA, 0x8A, 0x88, 0x88, 0xE8, 0x88,
    0x38, 0x83, 0x88, 0x88, 0xE8, 0xA9, 0xAA, 0x9A, 0xA9, 0xDD, 0x6D, 0xC6, 0xA9, 0xAA, 0x96, 0xDC,
    0xFA, 0xA9, 0xA9, 0xAA, 0x9A, 0xD3, 0xAD, 0xDD, 0xDD, 0xA9, 0xA9, 0xDD, 0xDD, 0xAA, 0x9A, 0x9D,
    0x9A, 0xD4, 0xA9, 0xDD, 0x4D, 0xDD, 0xA1, 0xDD, 0xDD, 0x4D, 0x9A, 0x9A, 0x9A, 0xA9, 0xAA, 0xDD,
    0xDD, 0x9A, 0x9D, 0xDD, 0xD9, 0xA9, 0x9A, 0x99, 0xA9, 0xAD, 0x4D, 0xDA, 0x9A, 0x9D, 0x3D, 0xD3,
    0xFF, 0xFB, 0xFF, 0xFB, 0xBF, 0xFB, 0xBF, 0x6B, 0x6F, 0x68, 0xBF, 0xFB, 0xF8, 0x8F, 0xBF, 0xBF,
    0xFF, 0x8B, 0x6F, 0x8F, 0x6F, 0x66, 0x46, 0x6F, 0x66, 0xFF, 0x6F, 0x6F, 0x8F, 0xFF, 0x6F, 0x6B,
    0x6F, 0xF6, 0xF8, 0x86, 0x88, 0x88, 0x8E, 0x8F, 0xF8, 0xFF, 0x89, 0x3B, 0x8B, 0x88, 0x88, 0x8B,
    0x8B, 0x88, 0xBA, 0x88, 0x88, 0x8B, 0xE8, 0x3B, 0x8B, 0x88, 0x8B, 0xEA, 0x88, 0xA3, 0x88, 0x93,
    0x9A, 0x9D, 0xDD, 0xDA, 0xA9, 0xA9, 0xAC, 0x66, 0xD9, 0xA9, 0xAA, 0x9A, 0xA9, 0xDA, 0x9A, 0xDD,
    0xDA, 0x9A, 0xAD, 0x4D, 0xDA, 0x9A, 0x93, 0xAD, 0xDA, 0x9D, 0xA9, 0xDD, 0xDD, 0x4D, 0xDD, 0xDA,
    0x99, 0x9D, 0xD9, 0xA9, 0x93, 0xA9, 0xAA, 0xA4, 0xDD, 0xDA, 0xA9, 0xDD, 0xDD, 0x9A, 0x93, 0xAA,
    0x9A, 0xA9, 0xDD, 0xDA, 0xA9, 0xAA, 0x9A, 0x3D, 0xF6, 0xBB, 0xFF, 0xFB, 0xFF, 0xFB, 0xB6, 0xBB,
    0xFF, 0x8B, 0xFF, 0xFF, 0x88, 0xFB, 0xBF, 0xBF, 0xF6, 0xF8, 0x6F, 0xFF, 0xFF, 0xFF, 0xFF, 0xF6,
    0xFF, 0x6F, 0x66, 0xF6, 0xFF, 0xFF, 0x66, 0x6F, 0xFF, 0x6F, 0xB6, 0x8F, 0x8F, 0x88, 0x8B, 0x88,
    0xCB, 0x8F, 0xB8, 0x98, 0x88, 0x38, 0x88, 0x88, 0x8F, 0x83, 0xBB, 0x83, 0xBB, 0x8E, 0x88, 0x88,
    0x8B, 0x83, 0x8B, 0xF8, 0x8A, 0x83, 0x8A, 0x99, 0x39, 0xDD, 0xDD, 0x99, 0x9A, 0xA9, 0xDD, 0xDD,
    0xDE, 0x9A, 0xA9, 0xAA, 0x9D, 0x9A, 0x9D, 0xDD, 0xD9, 0xA9, 0x9D, 0xDD, 0x99, 0xAA, 0xAA, 0x99,
    0xDD, 0x3D, 0xDD, 0xAD, 0xD4, 0xDD, 0xDD, 0xD9, 0x3D, 0x3D, 0xD9, 0xAA, 0xA9, 0x39, 0x39, 0xAA,
    0xDD, 0xDD, 0xA9, 0xAD, 0xDD, 0x3A, 0x9A, 0x99, 0x99, 0x99, 0xDD, 0xDD, 0xA9, 0x93, 0x34, 0xAA,
    0xFF, 0xFF, 0xFF, 0xFB, 0xF6, 0xFB, 0xFF, 0xBF, 0xFF, 0x8F, 0xF6, 0xFF, 0xBF, 0xFB, 0xFB, 0xFF,
    0xFB, 0x8B, 0xFF, 0xBF, 0xFF, 0xFF, 0xFF, 0xF6, 0xFF, 0xF6, 0xFF, 0xFF, 0x6F, 0xFF, 0x6B, 0x66,
    0xF6, 0x6F, 0x88, 0x66, 0x8F, 0x88, 0x8F, 0x88, 0xBF, 0x88, 0xF8, 0xF8, 0x88, 0x88, 0x38, 0x88,
    0xF8, 0x88, 0xFB, 0x88, 0xBF, 0xBA, 0xFB, 0xFE, 0xB8, 0xB8, 0xB8, 0x88, 0x8A, 0x88, 0x88, 0xAA,
    0xAD, 0xDD, 0xDD, 0x9A, 0xA9, 0x9D, 0xDD, 0xDD, 0xA9, 0xA9, 0xA9, 0xDA, 0x9D, 0xA9, 0xAD, 0xDD,
    0xD9, 0xAD, 0xDD, 0xDD, 0x9A, 0xAA, 0x99, 0xA9, 0xAD, 0xDD, 0xDD, 0xDD, 0xDD, 0xA9, 0x4D, 0xDD,
    0xDD, 0x99, 0xDD, 0xA9, 0xA9, 0xA9, 0x33, 0x9A, 0xAD, 0xDD, 0xDA, 0x9D, 0xDD, 0x39, 0xA9, 0xA9,
    0x9A, 0xDD, 0xAD, 0xDD, 0x9A, 0xAD, 0xDD, 0xD9,
};

}  // namespace road_east::assets
