// AUTOGENERATED by scripts/build_firmware_assets.py — DO NOT EDIT.
// Source: data/sprites.json + assets/sprites/*.png
// Regenerate via: python scripts/build_firmware_assets.py

#pragma once

#include <cstdint>
#include "game_data_types.h"

namespace road_east::assets {

// walk: 2 frame(s) of 24x25, sheet 48x25.
// RGB565, row-major, sheetWidth * frameHeight; 0x0000 where the mask bit is clear.
inline constexpr uint16_t kSpriteWalkPixels[1200] = {
    0x0000, 0x0000, 0x0000, 0x0000, 0x0000, 0x0000, 0x0000, 0x0000, 0x0000, 0x0000, 0x4946, 0x5986,
    0x5986, 0x7A68, 0x5166, 0x0000, 0x0000, 0x0000, 0x0000, 0x0000, 0x0000, 0x0000, 0x0000, 0x0000,
    0x0000, 0x0000, 0x0000, 0x0000, 0x0000, 0x0000, 0x0000, 0x0000, 0x0000, 0x0000, 0x0000, 0x0000,
    0x5166, 0x7227, 0x5146, 0x5166, 0x7247, 0x0000, 0x0000, 0x0000, 0x0000, 0x0000, 0x0000, 0x0000,
    0x0000, 0x0000, 0x0000, 0x0000, 0x0000, 0x0000, 0x0000, 0x0000, 0x0000, 0x0000, 0x5985, 0x5166,
    0x30E4, 0x30C3, 0x30C3, 0x38E4, 0x0000, 0x0000, 0x0000, 0x0000, 0x0000, 0x0000, 0x0000, 0x0000,
    0x0000, 0x0000, 0x0000, 0x0000, 0x0000, 0x0000, 0x0000, 0x0000, 0x0000, 0x0000, 0x0000, 0x5187,
    0x4986, 0x0000, 0x6287, 0x49E6, 0x5A8A, 0x0000, 0x0000, 0x0000, 0x0000, 0x0000, 0x0000, 0x0000,
    0x0000, 0x0000, 0x0000, 0x0000, 0x0000, 0x0000, 0x0000, 0x0000, 0x0000, 0x4145, 0x4209, 0x5A88,
    0x4209, 0x4209, 0x6B0A, 0x4A6A, 0x0000, 0x0000, 0x0000, 0x0000, 0x0000, 0x0000, 0x0000, 0x0000,
    0x0000, 0x0000, 0x0000, 0x0000, 0x0000, 0x0000, 0x0000, 0x0000, 0x0000, 0x0000, 0x0000, 0x0000,
    0x424A, 0x20C3, 0x1882, 0x1062, 0x18A2, 0x0000, 0x0000, 0x0000, 0x0000, 0x0000, 0x0000, 0x0000,
    0x0000, 0x0000, 0x0000, 0x0000, 0x0000, 0x0000, 0x0000, 0x0000, 0x3A0A, 0x422A, 0x0801, 0xA36C,
    0xBBCC, 0xDCAF, 0x932C, 0x1883, 0x0000, 0x0000, 0x0000, 0x0000, 0x0000, 0x0000, 0x0000, 0x0000,
    0x0000, 0x0000, 0x0000, 0x0000, 0x0000, 0x0000, 0x0000, 0x0000, 0x0000, 0x0000, 0x0000, 0x1083,
    0x4966, 0xC40E, 0x7228, 0xECEF, 0x9B2C, 0x0000, 0x0000, 0x0000, 0x0000, 0x0000, 0x0000, 0x0000,
    0x0000, 0x0000, 0x0000, 0x0000, 0x0000, 0x0000, 0x0000, 0x0000, 0x0863, 0xDCD1, 0x69E6, 0xEE9A,
    0x71E7, 0xED30, 0x2883, 0x0000, 0x0000, 0x0000, 0x0000, 0x0000, 0x0000, 0x0000, 0x0000, 0x0000,
    0x0000, 0x0000, 0x0000, 0x0000, 0x0000, 0x0000, 0x0000, 0x0000, 0x0000, 0x0000, 0x0000, 0xB34B,
    0x8267, 0xED30, 0xB38B, 0xED30, 0xC3CC, 0x0000, 0x0000, 0x0000, 0x0000, 0x0000, 0x0000, 0x0000,
    0x0000, 0x0000, 0x0000, 0x0000, 0x0000, 0x0000, 0x0000, 0x0000, 0x0000, 0xF593, 0xDCF0, 0xED0F,
    0xED0F, 0xED31, 0xED30, 0x0000, 0x0000, 0x0000, 0x0000, 0x0000, 0x0000, 0x0000, 0x0000, 0x0000,
    0x0000, 0x0000, 0x0000, 0x0000, 0x0000, 0x0000, 0x0000, 0x0000, 0x630C, 0x6B6D, 0x51C7, 0x5A48,
    0x9B0B, 0xED0F, 0xED50, 0xE531, 0xED0F, 0x0000, 0x0000, 0x0000, 0x0000, 0x0000, 0x0000, 0x0000,
    0x0000, 0x0000, 0x0000, 0x0000, 0x0000, 0x0000, 0x0000, 0x5B4D, 0x8288, 0x1882, 0x69E7, 0xED30,
    0xED51, 0xED10, 0xED10, 0x0000, 0x0000, 0x0000, 0x0000, 0x0000, 0x0000, 0x0000, 0x0000, 0x0000,
    0x0000, 0x0000, 0x0000, 0x0000, 0x0000, 0x0000, 0x0000, 0x0000, 0x424A, 0x634D, 0x4A8B, 0x4A69,
    0x1063, 0xED0F, 0xED50, 0xED71, 0xE551, 0x0000, 0x0000, 0x0000, 0x0000, 0x0000, 0x0000, 0x0000,
    0x0000, 0x0000, 0x0000, 0x0000, 0x0000, 0x4A6A, 0x4A4B, 0x4AAB, 0x3105, 0x4209, 0x1801, 0x8A67,
    0xED51, 0xED51, 0x0000, 0x0000, 0x0000, 0x0000, 0x0000, 0x0000, 0x0000, 0x0000, 0x0000, 0x0000,
    0x0000, 0x0000, 0x0000, 0x0000, 0x0000, 0x0000, 0x0000, 0x0000, 0x2106, 0x4A4A, 0x39E9, 0x2104,
    0x20E3, 0xAB0A, 0x8289, 0x7A69, 0x39A7, 0x0000, 0x0000, 0x0000, 0x0000, 0x0000, 0x0000, 0x0000,
    0x0000, 0x0000, 0x0000, 0x0000, 0x0000, 0x0821, 0x2987, 0x422A, 0x18A3, 0x7247, 0x5A88, 0xD4B0,
    0xC40D, 0x20C3, 0x7227, 0x0000, 0x0000, 0x0000, 0x0000, 0x0000, 0x0000, 0x0000, 0x0000, 0x0000,
    0x0000, 0x0000, 0x0000, 0x0000, 0x0000, 0x0000, 0x0000, 0x0000, 0x422A, 0x39E9, 0x5268, 0x6A07,
    0x61E7, 0x5248, 0xDCCF, 0x8AEB, 0x2041, 0x1041, 0x0000, 0x0000, 0x0000, 0x0000, 0x0000, 0x0000,
    0x0000, 0x0000, 0x0000, 0x0000, 0x0000, 0x0000, 0x6A07, 0x5A88, 0x4207, 0x4924, 0x6207, 0x0820,
    0xB531, 0x4A07, 0x0800, 0x0800, 0x0000, 0x0000, 0x0000, 0x0000, 0x0000, 0x0000, 0x0000, 0x0000,
    0x0000, 0x0000, 0x0000, 0x0000, 0x0000, 0x0000, 0x0000, 0x0000, 0x7247, 0x5A89, 0x5AA8, 0x2125,
    0x8287, 0x3166, 0xA4B1, 0xBD53, 0x5268, 0x82C9, 0x0000, 0x0000, 0x0000, 0x0000, 0x0000, 0x0000,
    0x0000, 0x0000, 0x0000, 0x0000, 0x0000, 0x0000, 0x59E7, 0x5A87, 0x5247, 0x7AAB, 0x69E6, 0x5A67,
    0xAD12, 0x4A07, 0x1841, 0x9B6B, 0x0000, 0x0000, 0x0000, 0x0000, 0x0000, 0x0000, 0x0000, 0x0000,
    0x0000, 0x0000, 0x0000, 0x0000, 0x0000, 0x0000, 0x0000, 0x0000, 0x6A07, 0x5AA7, 0x5AA8, 0x2861,
    0xCC4E, 0x51E8, 0x4A27, 0x62AA, 0x1862, 0xDCF0, 0x51E8, 0x0000, 0x0000, 0x0000, 0x0000, 0x0000,
    0x0000, 0x0000, 0x0000, 0x0000, 0x0000, 0x28A3, 0x1081, 0x5A87, 0x3986, 0xED50, 0xE4F0, 0x5A68,
    0x39A5, 0x5248, 0x2082, 0xE4EF, 0x61E7, 0x0000, 0x0000, 0x0000, 0x0000, 0x0000, 0x0000, 0x0000,
    0x0000, 0x0000, 0x0000, 0x0000, 0x0000, 0x0000, 0x0000, 0x0000, 0x49A7, 0x5A87, 0x4208, 0xED71,
    0xED50, 0x38C3, 0x5A67, 0x5A89, 0x1882, 0xED30, 0x8A67, 0x0000, 0x0000, 0x0000, 0x0000, 0x0000,
    0x0000, 0x0000, 0x0000, 0x0000, 0x0000, 0x7248, 0x5A88, 0x5288, 0x2903, 0xC3EC, 0x4966, 0x5267,
    0x41C6, 0x5288, 0x5268, 0x5986, 0x5227, 0x0000, 0x0000, 0x0000, 0x0000, 0x0000, 0x0000, 0x0000,
    0x0000, 0x0000, 0x0000, 0x0000, 0x0000, 0x0000, 0x0000, 0x4145, 0x2105, 0x39A6, 0x5A87, 0xD48F,
    0x48C2, 0x62A8, 0x5AA8, 0x5A89, 0x5267, 0x30C3, 0x59E6, 0x0000, 0x0000, 0x0000, 0x0000, 0x0000,
    0x0000, 0x0000, 0x0000, 0x0000, 0x0000, 0x6A27, 0x5AA8, 0x5AA8, 0x4209, 0x49A7, 0x3986, 0x5AA7,
    0x3145, 0x4A07, 0x5287, 0x2082, 0x4A48, 0x0000, 0x0000, 0x0000, 0x0000, 0x0000, 0x0000, 0x0000,
    0x0000, 0x0000, 0x0000, 0x0000, 0x0000, 0x0000, 0x0000, 0x4165, 0x41E8, 0x5A87, 0x4A48, 0x3146,
    0x4165, 0x5AA8, 0x5A88, 0x5A89, 0x5A87, 0x3925, 0x5268, 0x0000, 0x0000, 0x0000, 0x0000, 0x0000,
    0x0000, 0x0000, 0x0000, 0x0000, 0x0000, 0x6A07, 0x51A6, 0x1883, 0x51A6, 0x1041, 0x5A88, 0x5AA7,
    0x3185, 0x0820, 0x5267, 0x0000, 0x0000, 0x0000, 0x0000, 0x0000, 0x0000, 0x0000, 0x0000, 0x0000,
    0x0000, 0x0000, 0x0000, 0x0000, 0x0000, 0x0000, 0x0000, 0x3105, 0x6A07, 0x1001, 0x3104, 0x28A3,
    0x5268, 0x5AA7, 0x5AA9, 0x9450, 0x5AA8, 0x0000, 0x0842, 0x0000, 0x0000, 0x0000, 0x0000, 0x0000,
    0x0000, 0x0000, 0x0000, 0x0000, 0x0000, 0x6A28, 0x59A6, 0x5186, 0x4229, 0x4207, 0x5A87, 0x5AA7,
    0x2965, 0x0820, 0x5A87, 0x0000, 0x0000, 0x0000, 0x0000, 0x0000, 0x0000, 0x0000, 0x0000, 0x0000,
    0x0000, 0x0000, 0x0000, 0x0000, 0x0000, 0x0000, 0x0000, 0x0001, 0x7A88, 0x59A6, 0x39A7, 0x4209,
    0x5A87, 0x5A87, 0x5A89, 0x8C30, 0x5A88, 0x0000, 0x0000, 0x0000, 0x0000, 0x0000, 0x0000, 0x0000,
    0x0000, 0x0000, 0x0000, 0x0000, 0x0000, 0x0000, 0x30E4, 0x4966, 0x4229, 0x4209, 0x4A28, 0x5AA7,
    0x51E7, 0x28E4, 0x4A49, 0x0000, 0x0000, 0x0000, 0x0000, 0x0000, 0x0000, 0x0000, 0x0000, 0x0000,
    0x0000, 0x0000, 0x0000, 0x0000, 0x0000, 0x0000, 0x0000, 0x0000, 0x5186, 0x7A68, 0x3987, 0x4229,
    0x5268, 0x5AA7, 0x0801, 0x49E8, 0x5AA8, 0x0000, 0x0000, 0x0000, 0x0000, 0x0000, 0x0000, 0x0000,
    0x0000, 0x0000, 0x0000, 0x0000, 0x0000, 0x0000, 0x0000, 0x0000, 0x0001, 0x6A68, 0x6267, 0x6248,
    0x5A27, 0x8309, 0x832A, 0x0000, 0x0000, 0x0000, 0x0000, 0x0000, 0x0000, 0x0000, 0x0000, 0x0000,
    0x0000, 0x0000, 0x0000, 0x0000, 0x0000, 0x0000, 0x0000, 0x0000, 0x0000, 0x0000, 0x0020, 0x5A48,
    0x51E7, 0x6A88, 0x72A8, 0x5A28, 0x0000, 0x0000, 0x0000, 0x0000, 0x0000, 0x0000, 0x0000, 0x0000,
    0x0000, 0x0000, 0x0000, 0x0000, 0x0000, 0x0000, 0x0000, 0x0000, 0x20A3, 0x7B09, 0x8329, 0x6268,
    0x5A08, 0x8329, 0x8329, 0x0000, 0x0000, 0x0000, 0x0000, 0x0000, 0x0000, 0x0000, 0x0000, 0x0000,
    0x0000, 0x0000, 0x0000, 0x0000, 0x0000, 0x0000, 0x0000, 0x0000, 0x0000, 0x0000, 0x0000, 0x0000,
    0x6247, 0x8329, 0x8329, 0x7B09, 0x0000, 0x0000, 0x0000, 0x0000, 0x0000, 0x0000, 0x0000, 0x0000,
    0x0000, 0x0000, 0x0000, 0x0000, 0x0000, 0x0000, 0x0000, 0x0000, 0x5A28, 0x7B09, 0x8329, 0x0000,
    0x0000, 0x6A68, 0x8309, 0x6268, 0x0000, 0x0000, 0x0000, 0x0000, 0x0000, 0x0000, 0x0000, 0x0000,
    0x0000, 0x0000, 0x0000, 0x0000, 0x0000, 0x0000, 0x0000, 0x0000, 0x0000, 0x0000, 0x0000, 0x28E4,
    0x51E8, 0x6227, 0x8309, 0x7AE8, 0x0000, 0x0000, 0x0000, 0x0000, 0x0000, 0x0000, 0x0000, 0x0000,
    0x0000, 0x0000, 0x0000, 0x0000, 0x0000, 0x0000, 0x0000, 0x0000, 0x7AC8, 0x7AE9, 0x51E6, 0x0000,
    0x0000, 0x6227, 0x6A87, 0x6A88, 0x0000, 0x0000, 0x0000, 0x0000, 0x0000, 0x0000, 0x0000, 0x0000,
    0x0000, 0x0000, 0x0000, 0x0000, 0x0000, 0x0000, 0x0000, 0x0000, 0x0000, 0x0000, 0x0000, 0x5A27,
    0x51E6, 0x49C6, 0x72C8, 0x6A87, 0x0000, 0x0000, 0x0000, 0x0000, 0x0000, 0x0000, 0x0000, 0x0000,
    0x0000, 0x0000, 0x0000, 0x0000, 0x0000, 0x0000, 0x0000, 0x6248, 0x6A67, 0x7AE9, 0x0000, 0x0000,
    0x0000, 0x6268, 0x7B09, 0x6A68, 0x0000, 0x0000, 0x0000, 0x0000, 0x0000, 0x0000, 0x0000, 0x0000,
    0x0000, 0x0000, 0x0000, 0x0000, 0x0000, 0x0000, 0x0000, 0x0000, 0x0000, 0x0000, 0x5A07, 0x5A27,
    0x5207, 0x0000, 0x5207, 0x7B08, 0x8329, 0x0000, 0x0000, 0x0000, 0x0000, 0x0000, 0x0000, 0x0000,
    0x0000, 0x0000, 0x0000, 0x0000, 0x0000, 0x0000, 0x0000, 0x5185, 0x6269, 0x0000, 0x0000, 0x0000,
    0x0000, 0x0000, 0x6228, 0x6206, 0x0000, 0x1883, 0x0000, 0x0000, 0x0000, 0x0000, 0x0000, 0x0000,
    0x0000, 0x0000, 0x0000, 0x0000, 0x0000, 0x0000, 0x0000, 0x0000, 0x0000, 0x6A48, 0x61E7, 0x28E3,
    0x0000, 0x0000, 0x1042, 0x6268, 0x5A27, 0x0000, 0x0000, 0x0000, 0x0000, 0x0000, 0x0000, 0x0000,
    0x0000, 0x0000, 0x0000, 0x0000, 0x0000, 0x0000, 0x0000, 0x6A27, 0x0000, 0x0000, 0x0000, 0x0000,
    0x0000, 0x0000, 0x59E7, 0x7247, 0x59C7, 0x28A3, 0x0000, 0x0000, 0x0000, 0x0000, 0x0000, 0x0000,
    0x0000, 0x0000, 0x0000, 0x0000, 0x0000, 0x0000, 0x0000, 0x0000, 0x0000, 0x61E7, 0x5985, 0x0000,
    0x0000, 0x0000, 0x0000, 0x2083, 0x61E6, 0x28A2, 0x7AA8, 0x20A3, 0x0000, 0x0000, 0x0000, 0x0000,
    0x0000, 0x0000, 0x0000, 0x0000, 0x0000, 0x0000, 0x0000, 0x59C6, 0x59C6, 0x0000, 0x0000, 0x0000,
    0x0000, 0x0000, 0x0000, 0x20A4, 0x0000, 0x0000, 0x0000, 0x0000, 0x0000, 0x0000, 0x0000, 0x0000,
    0x0000, 0x0000, 0x0000, 0x0000, 0x0000, 0x0000, 0x0000, 0x0000, 0x0000, 0x0000, 0x82E9, 0x82E9,
    0x0000, 0x0000, 0x0000, 0x0000, 0x61E7, 0x51A7, 0x3925, 0x0021, 0x0000, 0x0000, 0x0000, 0x0000,
};

// 1bpp opacity mask, MSB-first, 6 byte(s) per row; bit set = opaque.
inline constexpr uint8_t kSpriteWalkMask[150] = {
    0x00, 0x3E, 0x00, 0x00, 0x0F, 0x80, 0x00, 0x3F, 0x00, 0x00, 0x1F, 0x80, 0x00, 0x7F, 0x00, 0x00,
    0x0F, 0x80, 0x00, 0xFF, 0x00, 0x00, 0x1F, 0x80, 0x00, 0xFF, 0x00, 0x00, 0x1F, 0x80, 0x00, 0xFF,
    0x00, 0x00, 0xFF, 0x80, 0x01, 0xFE, 0x00, 0x00, 0xFF, 0x80, 0x07, 0xFC, 0x00, 0x00, 0xFF, 0x80,
    0x07, 0xFE, 0x00, 0x00, 0xFF, 0xE0, 0x07, 0xFF, 0x00, 0x00, 0xFF, 0xE0, 0x07, 0xFF, 0x00, 0x00,
    0xFF, 0xF0, 0x07, 0xFF, 0xC0, 0x01, 0xFF, 0xF0, 0x07, 0xFF, 0xC0, 0x01, 0xFF, 0xF0, 0x07, 0xFF,
    0xC0, 0x01, 0xFF, 0xF0, 0x07, 0xFF, 0xC0, 0x01, 0xFF, 0xF0, 0x07, 0xFE, 0x00, 0x01, 0xFF, 0xC0,
    0x07, 0xFE, 0x00, 0x01, 0xFF, 0x80, 0x07, 0xFE, 0x00, 0x01, 0xFF, 0x80, 0x00, 0xFE, 0x00, 0x00,
    0x7F, 0x80, 0x00, 0xE7, 0x00, 0x00, 0x3F, 0x00, 0x00, 0xE7, 0x00, 0x00, 0x3F, 0x00, 0x01, 0xC7,
    0x00, 0x00, 0x3F, 0x80, 0x01, 0x83, 0xC0, 0x00, 0xFF, 0x80, 0x01, 0xC3, 0xC0, 0x00, 0xFF, 0xF0,
    0x01, 0xC1, 0xC0, 0x00, 0xF9, 0xF0,
};

// bike: 2 frame(s) of 32x28, sheet 64x28.
// RGB565, row-major, sheetWidth * frameHeight; 0x0000 where the mask bit is clear.
inline constexpr uint16_t kSpriteBikePixels[1792] = {
    0x0000, 0x0000, 0x0000, 0x0000, 0x0000, 0x0000, 0x0000, 0x0000, 0x0000, 0x0000, 0x0000, 0x0000,
    0x0000, 0x0000, 0x0000, 0x0000, 0x0000, 0x0000, 0x0000, 0x0000, 0x0000, 0x0000, 0x0000, 0x0000,
    0x0000, 0x0000, 0x0000, 0x0000, 0x0000, 0x0000, 0x0000, 0x0000, 0x0000, 0x0000, 0x0000, 0x0000,
    0x0000, 0x0000, 0x0000, 0x0000, 0x0000, 0x0000, 0x0000, 0x0000, 0x0000, 0x0000, 0x0000, 0x0000,
    0x0000, 0x0000, 0x0000, 0x0000, 0x0000, 0x0000, 0x0000, 0x0000, 0x0000, 0x0000, 0x0000, 0x0000,
    0x0000, 0x0000, 0x0000, 0x0000, 0x0000, 0x0000, 0x0000, 0x0000, 0x0000, 0x0000, 0x0000, 0x0000,
    0x0000, 0x0000, 0x0000, 0x0000, 0x0000, 0x0000, 0x0000, 0x0000, 0x0000, 0x0000, 0x0000, 0x0000,
    0x0000, 0x0000, 0x0000, 0x0000, 0x0000, 0x0000, 0x0000, 0x0000, 0x0000, 0x0000, 0x0000, 0x0000,
    0x0000, 0x0000, 0x0000, 0x0000, 0x0000, 0x0000, 0x0000, 0x0000, 0x0000, 0x0000, 0x0000, 0x0000,
    0x0000, 0x0000, 0x0000, 0x0000, 0x0000, 0x0000, 0x0000, 0x0000, 0x0000, 0x0000, 0x0000, 0x0000,
    0x0000, 0x0000, 0x0000, 0x0000, 0x0000, 0x0000, 0x0000, 0x0000, 0x0000, 0x0000, 0x0000, 0x0000,
    0x0000, 0x0000, 0x0000, 0x0000, 0x0000, 0x0000, 0x0000, 0xF621, 0xF621, 0xF621, 0x0000, 0x0000,
    0x0000, 0x0000, 0x0000, 0x0000, 0x0000, 0x0000, 0x0000, 0x0000, 0x0000, 0x0000, 0x0000, 0x0000,
    0x0000, 0x0000, 0x0000, 0x0000, 0x0000, 0x0000, 0x0000, 0x0000, 0x0000, 0x0000, 0x0000, 0x0000,
    0x0000, 0x0000, 0x0000, 0x0000, 0x0000, 0x0000, 0x0000, 0xF621, 0xF621, 0xF621, 0x0000, 0x0000,
    0x0000, 0x0000, 0x0000, 0x0000, 0x0000, 0x0000, 0x0000, 0x0000, 0x0000, 0x0000, 0x0000, 0x0000,
    0x0000, 0x0000, 0x0000, 0x0000, 0x0000, 0x0000, 0x0000, 0x0000, 0x0000, 0x0000, 0x18C3, 0x18C3,
    0x18C3, 0x18C3, 0x18C3, 0x0000, 0x0000, 0x0000, 0x0000, 0x0000, 0x0000, 0x0000, 0x0000, 0x0000,
    0x0000, 0x0000, 0x0000, 0x0000, 0x0000, 0x0000, 0x0000, 0x0000, 0x0000, 0x0000, 0x0000, 0x0000,
    0x0000, 0x0000, 0x0000, 0x0000, 0x0000, 0x0000, 0x0000, 0x0000, 0x0000, 0x0000, 0x18C3, 0x18C3,
    0x18C3, 0x18C3, 0x18C3, 0x0000, 0x0000, 0x0000, 0x0000, 0x0000, 0x0000, 0x0000, 0x0000, 0x0000,
    0x0000, 0x0000, 0x0000, 0x0000, 0x0000, 0x0000, 0x0000, 0x0000, 0x0000, 0x0000, 0x0000, 0x0000,
    0x0000, 0x0000, 0x18C3, 0xF621, 0xF621, 0xF621, 0x18C3, 0x0000, 0x0000, 0x0000, 0x0000, 0x0000,
    0x0000, 0x0000, 0x0000, 0x0000, 0x0000, 0x0000, 0x0000, 0x0000, 0x0000, 0x0000, 0x0000, 0x0000,
    0x0000, 0x0000, 0x0000, 0x0000, 0x0000, 0x0000, 0x0000, 0x0000, 0x0000, 0x0000, 0x0000, 0x0000,
    0x0000, 0x0000, 0x18C3, 0xF621, 0xF621, 0xF621, 0x18C3, 0x0000, 0x0000, 0x0000, 0x0000, 0x0000,
    0x0000, 0x0000, 0x0000, 0x0000, 0x0000, 0x0000, 0x0000, 0x0000, 0x0000, 0x0000, 0x0000, 0x0000,
    0x0000, 0x0000, 0x0000, 0x0000, 0x0000, 0x0000, 0x18C3, 0xF621, 0xF621, 0xF621, 0x18C3, 0x0000,
    0x0000, 0x0000, 0x0000, 0x0000, 0x0000, 0x0000, 0x0000, 0x0000, 0x0000, 0x0000, 0x0000, 0x0000,
    0x0000, 0x0000, 0x0000, 0x0000, 0x0000, 0x0000, 0x0000, 0x0000, 0x0000, 0x0000, 0x0000, 0x0000,
    0x0000, 0x0000, 0x0000, 0x0000, 0x0000, 0x0000, 0x18C3, 0xF621, 0xF621, 0xF621, 0x18C3, 0x0000,
    0x0000, 0x0000, 0x0000, 0x0000, 0x0000, 0x0000, 0x0000, 0x0000, 0x0000, 0x0000, 0x0000, 0x0000,
    0x0000, 0x0000, 0x0000, 0x0000, 0x0000, 0x0000, 0x0000, 0x0000, 0x0000, 0x0000, 0x0000, 0xF621,
    0xF621, 0xF621, 0x0000, 0x0000, 0x0000, 0x0000, 0x0000, 0x0000, 0x0000, 0x0000, 0x0000, 0x0000,
    0x0000, 0x0000, 0x0000, 0x0000, 0x0000, 0x0000, 0x0000, 0x0000, 0x0000, 0x0000, 0x0000, 0x0000,
    0x0000, 0x0000, 0x0000, 0x0000, 0x0000, 0x0000, 0x0000, 0x0000, 0x0000, 0x0000, 0x0000, 0xF621,
    0xF621, 0xF621, 0x0000, 0x0000, 0x0000, 0x0000, 0x0000, 0x0000, 0x0000, 0x0000, 0x0000, 0x0000,
    0x0000, 0x0000, 0x0000, 0x0000, 0x0000, 0x0000, 0x0000, 0x0000, 0x0000, 0x0000, 0x0000, 0x0000,
    0x0000, 0x0000, 0x0000, 0x34DB, 0x34DB, 0x34DB, 0x0000, 0x0000, 0x0000, 0x0000, 0x0000, 0x0000,
    0x0000, 0x0000, 0x0000, 0x0000, 0x0000, 0x0000, 0x0000, 0x0000, 0x0000, 0x0000, 0x0000, 0x0000,
    0x0000, 0x0000, 0x0000, 0x0000, 0x0000, 0x0000, 0x0000, 0x0000, 0x0000, 0x0000, 0x0000, 0x0000,
    0x0000, 0x0000, 0x0000, 0x34DB, 0x34DB, 0x34DB, 0x0000, 0x0000, 0x0000, 0x0000, 0x0000, 0x0000,
    0x0000, 0x0000, 0x0000, 0x0000, 0x0000, 0x0000, 0x0000, 0x0000, 0x0000, 0x0000, 0x0000, 0x0000,
    0x0000, 0x0000, 0x0000, 0x0000, 0x0000, 0x0000, 0x34DB, 0x34DB, 0x34DB, 0x34DB, 0x34DB, 0x0000,
    0x0000, 0x0000, 0x0000, 0x0000, 0x0000, 0x0000, 0x0000, 0x0000, 0x0000, 0x0000, 0x0000, 0x0000,
    0x0000, 0x0000, 0x0000, 0x0000, 0x0000, 0x0000, 0x0000, 0x0000, 0x0000, 0x0000, 0x0000, 0x0000,
    0x0000, 0x0000, 0x0000, 0x0000, 0x0000, 0x0000, 0x34DB, 0x34DB, 0x34DB, 0x34DB, 0x34DB, 0x0000,
    0x0000, 0x0000, 0x0000, 0x0000, 0x0000, 0x0000, 0x0000, 0x0000, 0x0000, 0x0000, 0x0000, 0x0000,
    0x0000, 0x0000, 0x0000, 0x0000, 0x0000, 0x0000, 0x0000, 0x0000, 0x0000, 0x34DB, 0x34DB, 0x34DB,
    0x34DB, 0x34DB, 0x34DB, 0x34DB, 0x0000, 0x0000, 0x0000, 0x0000, 0x0000, 0x0000, 0x0000, 0x0000,
    0x0000, 0x0000, 0x0000, 0x0000, 0x0000, 0x0000, 0x0000, 0x0000, 0x0000, 0x0000, 0x0000, 0x0000,
    0x0000, 0x0000, 0x0000, 0x0000, 0x0000, 0x0000, 0x0000, 0x0000, 0x0000, 0x34DB, 0x34DB, 0x34DB,
    0x34DB, 0x34DB, 0x34DB, 0x34DB, 0x0000, 0x0000, 0x0000, 0x0000, 0x0000, 0x0000, 0x0000, 0x0000,
    0x0000, 0x0000, 0x0000, 0x0000, 0x0000, 0x0000, 0x0000, 0x0000, 0x0000, 0x0000, 0x0000, 0x0000,
    0x0000, 0x0000, 0x34DB, 0x34DB, 0x34DB, 0x34DB, 0x34DB, 0x0000, 0x0000, 0x0000, 0x0000, 0x0000,
    0x0000, 0x0000, 0x0000, 0x0000, 0x0000, 0x0000, 0x0000, 0x0000, 0x0000, 0x0000, 0x0000, 0x0000,
    0x0000, 0x0000, 0x0000, 0x0000, 0x0000, 0x0000, 0x0000, 0x0000, 0x0000, 0x0000, 0x0000, 0x0000,
    0x0000, 0x0000, 0x34DB, 0x34DB, 0x34DB, 0x34DB, 0x34DB, 0x0000, 0x0000, 0x0000, 0x0000, 0x0000,
    0x0000, 0x0000, 0x0000, 0x0000, 0x0000, 0x0000, 0x0000, 0x0000, 0x0000, 0x0000, 0x0000, 0x0000,
    0x0000, 0x0000, 0x0000, 0x0000, 0x0000, 0x0000, 0x0000, 0x34DB, 0x34DB, 0x34DB, 0x0000, 0x0000,
    0x0000, 0x0000, 0x0000, 0x0000, 0x0000, 0x0000, 0x0000, 0x0000, 0x0000, 0x0000, 0x0000, 0x0000,
    0x0000, 0x0000, 0x0000, 0x0000, 0x0000, 0x0000, 0x0000, 0x0000, 0x0000, 0x0000, 0x0000, 0x0000,
    0x0000, 0x0000, 0x0000, 0x0000, 0x0000, 0x0000, 0x0000, 0x34DB, 0x34DB, 0x34DB, 0x0000, 0x0000,
    0x0000, 0x0000, 0x0000, 0x0000, 0x0000, 0x0000, 0x0000, 0x0000, 0x0000, 0x0000, 0x0000, 0x0000,
    0x0000, 0x0000, 0x0000, 0x0000, 0x0000, 0x0000, 0x0000, 0x0000, 0x0000, 0x0000, 0x0000, 0x324B,
    0x324B, 0x324B, 0x0000, 0x0000, 0x0000, 0x0000, 0x0000, 0x0000, 0x0000, 0x0000, 0x0000, 0x0000,
    0x0000, 0x0000, 0x0000, 0x0000, 0x0000, 0x0000, 0x0000, 0x0000, 0x0000, 0x0000, 0x0000, 0x0000,
    0x0000, 0x0000, 0x0000, 0x0000, 0x0000, 0x0000, 0x0000, 0x0000, 0x0000, 0x0000, 0x0000, 0x324B,
    0x324B, 0x324B, 0x0000, 0x0000, 0x0000, 0x0000, 0x0000, 0x0000, 0x0000, 0x0000, 0x0000, 0x0000,
    0x0000, 0x0000, 0x0000, 0x0000, 0x0000, 0x0000, 0x0000, 0x0000, 0x0000, 0x0000, 0x0000, 0x0000,
    0x0000, 0x0000, 0x324B, 0x324B, 0x324B, 0x324B, 0x324B, 0x0000, 0x0000, 0x0000, 0x0000, 0x0000,
    0x0000, 0x0000, 0x0000, 0x0000, 0x0000, 0x0000, 0x0000, 0x0000, 0x0000, 0x0000, 0x0000, 0x0000,
    0x0000, 0x0000, 0x0000, 0x0000, 0x0000, 0x0000, 0x0000, 0x0000, 0x0000, 0x0000, 0x0000, 0x0000,
    0x0000, 0x0000, 0x324B, 0x324B, 0x324B, 0x324B, 0x324B, 0x0000, 0x0000, 0x0000, 0x0000, 0x0000,
    0x0000, 0x0000, 0x0000, 0x0000, 0x0000, 0x0000, 0x0000, 0x0000, 0x0000, 0x0000, 0x0000, 0x0000,
    0x0000, 0x0000, 0x0000, 0x0000, 0x0000, 0x9534, 0x9534, 0x0000, 0x0000, 0x0000, 0x9534, 0x9534,
    0x0000, 0x0000, 0x0000, 0x0000, 0x0000, 0x0000, 0x0000, 0x0000, 0x0000, 0x0000, 0x0000, 0x0000,
    0x0000, 0x0000, 0x0000, 0x0000, 0x0000, 0x0000, 0x0000, 0x0000, 0x0000, 0x0000, 0x0000, 0x0000,
    0x0000, 0x0000, 0x0000, 0x0000, 0x0000, 0x9534, 0x9534, 0x0000, 0x0000, 0x0000, 0x9534, 0x9534,
    0x0000, 0x0000, 0x0000, 0x0000, 0x0000, 0x0000, 0x0000, 0x0000, 0x0000, 0x0000, 0x0000, 0x0000,
    0x0000, 0x0000, 0x0000, 0x0000, 0x0000, 0x0000, 0x0000, 0x0000, 0x9534, 0x9534, 0x0000, 0x0000,
    0x9534, 0x0000, 0x0000, 0x9534, 0x9534, 0x0000, 0x0000, 0x0000, 0x0000, 0x0000, 0x0000, 0x0000,
    0x0000, 0x0000, 0x0000, 0x0000, 0x0000, 0x0000, 0x0000, 0x0000, 0x0000, 0x0000, 0x0000, 0x0000,
    0x0000, 0x0000, 0x0000, 0x0000, 0x0000, 0x0000, 0x0000, 0x0000, 0x9534, 0x9534, 0x0000, 0x0000,
    0x9534, 0x0000, 0x0000, 0x9534, 0x9534, 0x0000, 0x0000, 0x0000, 0x0000, 0x0000, 0x0000, 0x0000,
    0x0000, 0x0000, 0x0000, 0x0000, 0x0000, 0x0000, 0x0000, 0x0000, 0x0000, 0x0000, 0x0000, 0x9534,
    0x9534, 0x0000, 0x0000, 0x9534, 0x9534, 0x9534, 0x0000, 0x0000, 0x9534, 0x9534, 0x0000, 0x0000,
    0x0000, 0x0000, 0x0000, 0x0000, 0x0000, 0x0000, 0x0000, 0x0000, 0x0000, 0x0000, 0x0000, 0x0000,
    0x0000, 0x0000, 0x0000, 0x0000, 0x0000, 0x0000, 0x0000, 0x0000, 0x0000, 0x0000, 0x0000, 0x9534,
    0x9534, 0x0000, 0x0000, 0x9534, 0x9534, 0x9534, 0x0000, 0x0000, 0x9534, 0x9534, 0x0000, 0x0000,
    0x0000, 0x0000, 0x0000, 0x0000, 0x0000, 0x0000, 0x0000, 0x0000, 0x0000, 0x0000, 0x0000, 0x0000,
    0x0000, 0x0000, 0x9534, 0x9534, 0x0000, 0x0000, 0x9534, 0x9534, 0x9534, 0x9534, 0x9534, 0x0000,
    0x0000, 0x9534, 0x9534, 0x0000, 0x0000, 0x0000, 0x0000, 0x0000, 0x0000, 0x0000, 0x0000, 0x0000,
    0x0000, 0x0000, 0x0000, 0x0000, 0x0000, 0x0000, 0x0000, 0x0000, 0x0000, 0x0000, 0x0000, 0x0000,
    0x0000, 0x0000, 0x9534, 0x9534, 0x0000, 0x0000, 0x9534, 0x9534, 0x9534, 0x9534, 0x9534, 0x0000,
    0x0000, 0x9534, 0x9534, 0x0000, 0x0000, 0x0000, 0x0000, 0x0000, 0x0000, 0x0000, 0x0000, 0x0000,
    0x0000, 0x0000, 0x0000, 0x0000, 0x0000, 0x9534, 0x9534, 0x0000, 0x0000, 0x9534, 0x9534, 0x9534,
    0x9534, 0x9534, 0x9534, 0x9534, 0x0000, 0x0000, 0x9534, 0x9534, 0x0000, 0x0000, 0x0000, 0x0000,
    0x0000, 0x0000, 0x0000, 0x0000, 0x0000, 0x0000, 0x0000, 0x0000, 0x0000, 0x0000, 0x0000, 0x0000,
    0x0000, 0x0000, 0x0000, 0x0000, 0x0000, 0x9534, 0x9534, 0x0000, 0x0000, 0x9534, 0x9534, 0x9534,
    0x9534, 0x9534, 0x9534, 0x9534, 0x0000, 0x0000, 0x9534, 0x9534, 0x0000, 0x0000, 0x0000, 0x0000,
    0x0000, 0x0000, 0x0000, 0x0000, 0x0000, 0x0000, 0x0000, 0x0000, 0x9534, 0x9534, 0x9534, 0x0000,
    0x9534, 0x9534, 0x9534, 0x0000, 0x0000, 0x0000, 0x9534, 0x9534, 0x9534, 0x0000, 0x9534, 0x9534,
    0x9534, 0x0000, 0x0000, 0x0000, 0x0000, 0x0000, 0x0000, 0x0000, 0x0000, 0x0000, 0x0000, 0x0000,
    0x0000, 0x0000, 0x0000, 0x0000, 0x0000, 0x0000, 0x0000, 0x0000, 0x9534, 0x9534, 0x9534, 0x0000,
    0x9534, 0x9534, 0x9534, 0x0000, 0x0000, 0x0000, 0x9534, 0x9534, 0x9534, 0x0000, 0x9534, 0x9534,
    0x9534, 0x0000, 0x0000, 0x0000, 0x0000, 0x0000, 0x0000, 0x0000, 0x0000, 0x0000, 0x0000, 0x18C3,
    0x18C3, 0x18C3, 0x18C3, 0x18C3, 0x0000, 0x9534, 0x9534, 0x9534, 0x9534, 0x9534, 0x9534, 0x9534,
    0x0000, 0x18C3, 0x18C3, 0x18C3, 0x18C3, 0x18C3, 0x0000, 0x0000, 0x0000, 0x0000, 0x0000, 0x0000,
    0x0000, 0x0000, 0x0000, 0x0000, 0x0000, 0x0000, 0x0000, 0x0000, 0x0000, 0x0000, 0x0000, 0x18C3,
    0x18C3, 0x18C3, 0x18C3, 0x18C3, 0x0000, 0x9534, 0x9534, 0x9534, 0x9534, 0x9534, 0x9534, 0x9534,
    0x0000, 0x18C3, 0x18C3, 0x18C3, 0x18C3, 0x18C3, 0x0000, 0x0000, 0x0000, 0x0000, 0x0000, 0x0000,
    0x0000, 0x0000, 0x18C3, 0x18C3, 0x52AA, 0x52AA, 0x52AA, 0x18C3, 0x18C3, 0x0000, 0x9534, 0x9534,
    0x9534, 0x9534, 0x9534, 0x0000, 0x18C3, 0x18C3, 0x52AA, 0x52AA, 0x52AA, 0x18C3, 0x18C3, 0x0000,
    0x0000, 0x0000, 0x0000, 0x0000, 0x0000, 0x0000, 0x0000, 0x0000, 0x0000, 0x0000, 0x0000, 0x0000,
    0x0000, 0x0000, 0x18C3, 0x18C3, 0x52AA, 0x52AA, 0x52AA, 0x18C3, 0x18C3, 0x0000, 0x9534, 0x9534,
    0x9534, 0x9534, 0x9534, 0x0000, 0x18C3, 0x18C3, 0x52AA, 0x52AA, 0x52AA, 0x18C3, 0x18C3, 0x0000,
    0x0000, 0x0000, 0x0000, 0x0000, 0x0000, 0x0000, 0x18C3, 0x52AA, 0x52AA, 0x52AA, 0x52AA, 0x52AA,
    0x18C3, 0x0000, 0x0000, 0x9534, 0x9534, 0x9534, 0x0000, 0x0000, 0x18C3, 0x52AA, 0x52AA, 0x52AA,
    0x52AA, 0x52AA, 0x18C3, 0x0000, 0x0000, 0x0000, 0x0000, 0x0000, 0x0000, 0x0000, 0x0000, 0x0000,
    0x0000, 0x0000, 0x0000, 0x0000, 0x0000, 0x0000, 0x18C3, 0x52AA, 0x52AA, 0x52AA, 0x52AA, 0x52AA,
    0x18C3, 0x0000, 0x0000, 0x9534, 0x9534, 0x9534, 0x0000, 0x0000, 0x18C3, 0x52AA, 0x52AA, 0x52AA,
    0x52AA, 0x52AA, 0x18C3, 0x0000, 0x0000, 0x0000, 0x0000, 0x0000, 0x0000, 0x0000, 0x18C3, 0x52AA,
    0x52AA, 0x52AA, 0x52AA, 0x52AA, 0x18C3, 0x0000, 0x0000, 0x0000, 0x9534, 0x0000, 0x0000, 0x0000,
    0x18C3, 0x52AA, 0x52AA, 0x52AA, 0x52AA, 0x52AA, 0x18C3, 0x0000, 0x0000, 0x0000, 0x0000, 0x0000,
    0x0000, 0x0000, 0x0000, 0x0000, 0x0000, 0x0000, 0x0000, 0x0000, 0x0000, 0x0000, 0x18C3, 0x52AA,
    0x52AA, 0x52AA, 0x52AA, 0x52AA, 0x18C3, 0x0000, 0x0000, 0x0000, 0x9534, 0x0000, 0x0000, 0x0000,
    0x18C3, 0x52AA, 0x52AA, 0x52AA, 0x52AA, 0x52AA, 0x18C3, 0x0000, 0x0000, 0x0000, 0x0000, 0x0000,
    0x0000, 0x0000, 0x18C3, 0x52AA, 0x52AA, 0x52AA, 0x52AA, 0x52AA, 0x18C3, 0x0000, 0x0000, 0x9534,
    0x9534, 0x9534, 0x0000, 0x0000, 0x18C3, 0x52AA, 0x52AA, 0x52AA, 0x52AA, 0x52AA, 0x18C3, 0x0000,
    0x0000, 0x0000, 0x0000, 0x0000, 0x0000, 0x0000, 0x0000, 0x0000, 0x0000, 0x0000, 0x0000, 0x0000,
    0x0000, 0x0000, 0x18C3, 0x52AA, 0x52AA, 0x52AA, 0x52AA, 0x52AA, 0x18C3, 0x0000, 0x0000, 0x9534,
    0x9534, 0x9534, 0x0000, 0x0000, 0x18C3, 0x52AA, 0x52AA, 0x52AA, 0x52AA, 0x52AA, 0x18C3, 0x0000,
    0x0000, 0x0000, 0x0000, 0x0000, 0x0000, 0x0000, 0x18C3, 0x18C3, 0x52AA, 0x52AA, 0x52AA, 0x18C3,
    0x18C3, 0x0000, 0x9534, 0x9534, 0x9534, 0x9534, 0x9534, 0x0000, 0x18C3, 0x18C3, 0x52AA, 0x52AA,
    0x52AA, 0x18C3, 0x18C3, 0x0000, 0x0000, 0x0000, 0x0000, 0x0000, 0x0000, 0x0000, 0x0000, 0x0000,
    0x0000, 0x0000, 0x0000, 0x0000, 0x0000, 0x0000, 0x18C3, 0x18C3, 0x52AA, 0x52AA, 0x52AA, 0x18C3,
    0x18C3, 0x0000, 0x9534, 0x9534, 0x9534, 0x9534, 0x9534, 0x0000, 0x18C3, 0x18C3, 0x52AA, 0x52AA,
    0x52AA, 0x18C3, 0x18C3, 0x0000, 0x0000, 0x0000, 0x0000, 0x0000, 0x0000, 0x0000, 0x0000, 0x18C3,
    0x18C3, 0x18C3, 0x18C3, 0x18C3, 0x0000, 0x9534, 0x9534, 0x9534, 0x9534, 0x9534, 0x9534, 0x9534,
    0x0000, 0x18C3, 0x18C3, 0x18C3, 0x18C3, 0x18C3, 0x0000, 0x0000, 0x0000, 0x0000, 0x0000, 0x0000,
    0x0000, 0x0000, 0x0000, 0x0000, 0x0000, 0x0000, 0x0000, 0x0000, 0x0000, 0x0000, 0x0000, 0x18C3,
    0x18C3, 0x18C3, 0x18C3, 0x18C3, 0x0000, 0x9534, 0x9534, 0x9534, 0x9534, 0x9534, 0x9534, 0x9534,
    0x0000, 0x18C3, 0x18C3, 0x18C3, 0x18C3, 0x18C3, 0x0000, 0x0000, 0x0000, 0x0000, 0x0000, 0x0000,
    0x0000, 0x0000, 0x0000, 0x0000, 0x18C3, 0x18C3, 0x18C3, 0x0000, 0x9534, 0x9534, 0x9534, 0x0000,
    0x0000, 0x0000, 0x9534, 0x9534, 0x9534, 0x0000, 0x18C3, 0x18C3, 0x18C3, 0x0000, 0x0000, 0x0000,
    0x0000, 0x0000, 0x0000, 0x0000, 0x0000, 0x0000, 0x0000, 0x0000, 0x0000, 0x0000, 0x0000, 0x0000,
    0x0000, 0x0000, 0x0000, 0x0000, 0x18C3, 0x18C3, 0x18C3, 0x0000, 0x9534, 0x9534, 0x9534, 0x0000,
    0x0000, 0x0000, 0x9534, 0x9534, 0x9534, 0x0000, 0x18C3, 0x18C3, 0x18C3, 0x0000, 0x0000, 0x0000,
    0x0000, 0x0000, 0x0000, 0x0000,
};

// 1bpp opacity mask, MSB-first, 8 byte(s) per row; bit set = opaque.
inline constexpr uint8_t kSpriteBikeMask[224] = {
    0x00, 0x00, 0x00, 0x00, 0x00, 0x00, 0x00, 0x00, 0x00, 0x00, 0x00, 0x00, 0x00, 0x00, 0x00, 0x00,
    0x00, 0x1C, 0x00, 0x00, 0x00, 0x01, 0xC0, 0x00, 0x00, 0x3E, 0x00, 0x00, 0x00, 0x03, 0xE0, 0x00,
    0x00, 0x3E, 0x00, 0x00, 0x00, 0x03, 0xE0, 0x00, 0x00, 0x3E, 0x00, 0x00, 0x00, 0x03, 0xE0, 0x00,
    0x00, 0x1C, 0x00, 0x00, 0x00, 0x01, 0xC0, 0x00, 0x00, 0x1C, 0x00, 0x00, 0x00, 0x01, 0xC0, 0x00,
    0x00, 0x3E, 0x00, 0x00, 0x00, 0x03, 0xE0, 0x00, 0x00, 0x7F, 0x00, 0x00, 0x00, 0x07, 0xF0, 0x00,
    0x00, 0x3E, 0x00, 0x00, 0x00, 0x03, 0xE0, 0x00, 0x00, 0x1C, 0x00, 0x00, 0x00, 0x01, 0xC0, 0x00,
    0x00, 0x1C, 0x00, 0x00, 0x00, 0x01, 0xC0, 0x00, 0x00, 0x3E, 0x00, 0x00, 0x00, 0x03, 0xE0, 0x00,
    0x00, 0x63, 0x00, 0x00, 0x00, 0x06, 0x30, 0x00, 0x00, 0xC9, 0x80, 0x00, 0x00, 0x0C, 0x98, 0x00,
    0x01, 0x9C, 0xC0, 0x00, 0x00, 0x19, 0xCC, 0x00, 0x03, 0x3E, 0x60, 0x00, 0x00, 0x33, 0xE6, 0x00,
    0x06, 0x7F, 0x30, 0x00, 0x00, 0x67, 0xF3, 0x00, 0x0E, 0xE3, 0xB8, 0x00, 0x00, 0xEE, 0x3B, 0x80,
    0x1F, 0x7F, 0x7C, 0x00, 0x01, 0xF7, 0xF7, 0xC0, 0x3F, 0xBE, 0xFE, 0x00, 0x03, 0xFB, 0xEF, 0xE0,
    0x3F, 0x9C, 0xFE, 0x00, 0x03, 0xF9, 0xCF, 0xE0, 0x3F, 0x88, 0xFE, 0x00, 0x03, 0xF8, 0x8F, 0xE0,
    0x3F, 0x9C, 0xFE, 0x00, 0x03, 0xF9, 0xCF, 0xE0, 0x3F, 0xBE, 0xFE, 0x00, 0x03, 0xFB, 0xEF, 0xE0,
    0x1F, 0x7F, 0x7C, 0x00, 0x01, 0xF7, 0xF7, 0xC0, 0x0E, 0xE3, 0xB8, 0x00, 0x00, 0xEE, 0x3B, 0x80,
};

// uaz: 1 frame(s) of 84x46, sheet 84x46.
// RGB565, row-major, sheetWidth * frameHeight; 0x0000 where the mask bit is clear.
inline constexpr uint16_t kSpriteUazPixels[3864] = {
    0x0000, 0x0000, 0x0000, 0x0000, 0x0000, 0x0000, 0x0000, 0x0000, 0x0000, 0x3146, 0x3146, 0x3146,
    0x3146, 0x3146, 0x3146, 0x3146, 0x3146, 0x3146, 0x3146, 0x41A7, 0x41A7, 0x41A7, 0x41A7, 0x3146,
    0x20C4, 0x3146, 0x41A7, 0x3146, 0x41A7, 0x41A7, 0x41A7, 0x41A7, 0x3146, 0x3146, 0x3146, 0x3146,
    0x3146, 0x3146, 0x3146, 0x41A7, 0x41A7, 0x41A7, 0x41A7, 0x41A7, 0x41A7, 0x3146, 0x3146, 0x3146,
    0x3146, 0x3146, 0x3146, 0x3146, 0x3146, 0x41A7, 0x41A7, 0x41A7, 0x41A7, 0x3146, 0x3146, 0x3146,
    0x3146, 0x3146, 0x3146, 0x3146, 0x3146, 0x3146, 0x3146, 0x41A7, 0x1062, 0x3146, 0x3146, 0x0000,
    0x0000, 0x0000, 0x0000, 0x0000, 0x0000, 0x0000, 0x0000, 0x0000, 0x0000, 0x0000, 0x0000, 0x0000,
    0x0000, 0x0000, 0x0000, 0x0000, 0x0000, 0x0000, 0x0000, 0xAD33, 0xAD33, 0xAD33, 0xAD33, 0xAD33,
    0xAD33, 0x83EE, 0xAD33, 0xAD33, 0xAD33, 0xAD33, 0xAD33, 0xAD33, 0xAD33, 0xAD33, 0xAD33, 0xAD33,
    0x8C50, 0xAD33, 0xAD33, 0xAD33, 0xAD33, 0xAD33, 0xAD33, 0xAD33, 0xAD33, 0xAD33, 0x8C50, 0xAD33,
    0xAD33, 0xAD33, 0xAD33, 0xAD33, 0xAD33, 0xAD33, 0xAD33, 0xAD33, 0xAD33, 0x9CB1, 0xAD33, 0xAD33,
    0xAD33, 0xAD33, 0xAD33, 0xAD33, 0xAD33, 0xAD33, 0xAD33, 0xAD33, 0xAD33, 0xAD33, 0xAD33, 0xAD33,
    0xAD33, 0xAD33, 0xAD33, 0xAD33, 0xAD33, 0xAD33, 0xAD33, 0xAD33, 0xAD33, 0xAD33, 0xAD33, 0xAD33,
    0xAD33, 0x0000, 0x0000, 0x0000, 0x0000, 0x0000, 0x0000, 0x0000, 0x0000, 0x0000, 0x0000, 0x0000,
    0x0000, 0x0000, 0x0000, 0x0000, 0x0000, 0x9CB1, 0x8C50, 0x8C50, 0x8C50, 0x8C50, 0x8C50, 0x8C50,
    0x83EE, 0x7BAD, 0x8C50, 0x8C50, 0x8C50, 0x8C50, 0x8C50, 0x8C50, 0x8C50, 0x8C50, 0x8C50, 0x7BAD,
    0x7BAD, 0x8C70, 0x8C50, 0x8C50, 0x8C50, 0x8C50, 0x8C50, 0x8C50, 0x734C, 0x8C50, 0x7BAD, 0x7BAD,
    0x8C70, 0x8C50, 0x8C50, 0x8C50, 0x8C50, 0x8C50, 0x8C50, 0x8C50, 0x8C50, 0x7BAD, 0x7BAD, 0x8C50,
    0x8C50, 0x8C50, 0x8C50, 0x8C50, 0x8C50, 0x8C70, 0x8C70, 0x8C50, 0x7BAD, 0x7BAD, 0x8C50, 0x8C50,
    0x8C50, 0x8C50, 0x8C50, 0x8C50, 0x8C70, 0x8C70, 0x8C70, 0x8C70, 0x8C70, 0x8C50, 0x8C50, 0x8C50,
    0x8C50, 0x8C50, 0x0000, 0x0000, 0x0000, 0x0000, 0x0000, 0x0000, 0x0000, 0x0000, 0x0000, 0x0000,
    0x0000, 0x0000, 0x0000, 0x0000, 0x20C4, 0x20C4, 0x20C4, 0x20C4, 0x20C4, 0x20C4, 0x20C4, 0x20C4,
    0x20C4, 0x20C4, 0x20C4, 0x20C4, 0x20C4, 0x3146, 0x1062, 0x1062, 0x1062, 0x3146, 0x20C4, 0x20C4,
    0x20C4, 0x20C4, 0x20C4, 0x20C4, 0x3146, 0x3146, 0x1062, 0x1062, 0x1062, 0x3146, 0x20C4, 0x20C4,
    0x20C4, 0x20C4, 0x20C4, 0x20C4, 0x3146, 0x1062, 0x1062, 0x1062, 0x1062, 0x1062, 0x1062, 0x41A7,
    0x20C4, 0x20C4, 0x20C4, 0x20C4, 0x20C4, 0x20C4, 0x20C4, 0x3146, 0x1062, 0x1062, 0x1062, 0x1062,
    0x1062, 0x1062, 0x3146, 0x3146, 0x3146, 0x20C4, 0x3146, 0x3146, 0x1062, 0x1062, 0x1062, 0x3146,
    0x3146, 0x3146, 0x0000, 0x0000, 0x0000, 0x0000, 0x0000, 0x0000, 0x0000, 0x0000, 0x0000, 0x0000,
    0x0000, 0x0000, 0x0000, 0x0000, 0x5ACB, 0x734C, 0x734C, 0x734C, 0x734C, 0x734C, 0x734C, 0x734C,
    0x734C, 0x734C, 0x734C, 0x734C, 0x734C, 0x734C, 0x734C, 0x734C, 0x734C, 0x734C, 0x734C, 0x734C,
    0x734C, 0x734C, 0x734C, 0x734C, 0x734C, 0x8C50, 0x8C50, 0x8C50, 0x5ACB, 0x8C50, 0x734C, 0x734C,
    0x734C, 0x734C, 0x734C, 0x734C, 0x8C50, 0x8C50, 0x8C50, 0x8C50, 0x8C50, 0x5ACB, 0x5ACB, 0x3146,
    0x734C, 0x734C, 0x734C, 0x734C, 0x734C, 0x734C, 0x734C, 0x734C, 0x7BAD, 0x734C, 0x3146, 0x5ACB,
    0x5ACB, 0x5ACB, 0x5ACB, 0x5ACB, 0x5ACB, 0x5ACB, 0x5ACB, 0x5ACB, 0x5ACB, 0x5ACB, 0x5ACB, 0x5228,
    0x20C4, 0x20C4, 0x0000, 0x0000, 0x0000, 0x0000, 0x0000, 0x0000, 0x0000, 0x0000, 0x0000, 0x0000,
    0x0000, 0x0000, 0x0000, 0x0000, 0x8C50, 0xAD33, 0x734C, 0x734C, 0x734C, 0x734C, 0x8C70, 0x8C70,
    0x8C70, 0x734C, 0x734C, 0x734C, 0x734C, 0x734C, 0x734C, 0x734C, 0x734C, 0x734C, 0x734C, 0x734C,
    0x734C, 0x734C, 0x734C, 0x734C, 0x8C50, 0x8C50, 0x8C50, 0x8C70, 0x1062, 0x1062, 0x20C4, 0x20C4,
    0x20C4, 0x20C4, 0x20C4, 0x1062, 0x1062, 0x1062, 0x1062, 0x1062, 0x1062, 0x8C50, 0x8C70, 0x7BAD,
    0x9CB1, 0x9CB1, 0x9CB1, 0x734C, 0x734C, 0x734C, 0x5ACB, 0x5ACB, 0x20C4, 0x8C50, 0x3146, 0x8C50,
    0x20C4, 0x1062, 0x20C4, 0x20C4, 0x20C4, 0x20C4, 0x1062, 0x1062, 0x1062, 0x1062, 0x8C50, 0x3146,
    0x41A7, 0x41A7, 0x0000, 0x0000, 0x0000, 0x0000, 0x0000, 0x0000, 0x0000, 0x0000, 0x0000, 0x0000,
    0x0000, 0x0000, 0x0000, 0x0000, 0xAD33, 0xAD33, 0x7BAD, 0x8C70, 0x8C70, 0x8C70, 0x8C70, 0x8C70,
    0x734C, 0x734C, 0x8C70, 0x8C70, 0x8C70, 0x8C70, 0x8C50, 0x8C50, 0x8C50, 0x8C50, 0x8C70, 0x7BAD,
    0x7BAD, 0x8C70, 0x8C70, 0x8C70, 0x734C, 0x8C50, 0x8C50, 0x20C4, 0x41A7, 0x41A7, 0x3146, 0x3146,
    0x41A7, 0x3146, 0x3146, 0x3146, 0x41A7, 0x41A7, 0x3146, 0x3146, 0x3146, 0x41A7, 0x8C70, 0x3146,
    0x9CB1, 0x9CB1, 0x734C, 0x8C70, 0x8C70, 0x8C50, 0x8C50, 0x8C50, 0x734C, 0x8C70, 0x3146, 0x8C50,
    0x3146, 0x41A7, 0x41A7, 0x41A7, 0x3146, 0x3146, 0x3146, 0x3146, 0x3146, 0x3146, 0x20C4, 0x41A7,
    0x9CB1, 0x7BAD, 0x83EE, 0x0000, 0x0000, 0x0000, 0x0000, 0x0000, 0x0000, 0x0000, 0x0000, 0x0000,
    0x0000, 0x0000, 0x0000, 0x0000, 0xAD33, 0x7BAD, 0x8C50, 0x8C70, 0x8C70, 0x8C70, 0x8C70, 0x8C70,
    0x734C, 0x8C70, 0x8C70, 0x9CB1, 0x9CB1, 0x9CB1, 0x9CB1, 0x9CB1, 0x8C50, 0x8C70, 0x8C70, 0x7BAD,
    0x8C70, 0x8C70, 0x8C70, 0x8C50, 0x8C50, 0x8C50, 0x8C50, 0x41A7, 0x41A7, 0x41A7, 0x41A7, 0x41A7,
    0x41A7, 0x20C4, 0x5ACB, 0x5ACB, 0x5ACB, 0x5ACB, 0x5ACB, 0x5ACB, 0x5ACB, 0x41A7, 0x8C70, 0x41A7,
    0x9CB1, 0x9CB1, 0x8C70, 0x8C70, 0x8C70, 0x8C50, 0x8C50, 0x8C50, 0x8C50, 0x8C70, 0x3146, 0x8C70,
    0x5ACB, 0x5ACB, 0x5ACB, 0x5ACB, 0x5ACB, 0x5ACB, 0x5ACB, 0x3146, 0x20C4, 0x41A7, 0x41A7, 0x8C70,
    0x9CB1, 0x7BAD, 0x7BAD, 0x0000, 0x0000, 0x0000, 0x0000, 0x0000, 0x0000, 0x0000, 0x0000, 0x0000,
    0x0000, 0x0000, 0x0000, 0x83EE, 0xAD33, 0x7BAD, 0x8C50, 0x8C50, 0x8C70, 0x8C70, 0x8C70, 0x8C70,
    0x734C, 0x8C50, 0x8C50, 0x9CB1, 0x9CB1, 0x9CB1, 0x9CB1, 0x9CB1, 0x8C70, 0x8C70, 0x8C70, 0x8C70,
    0x8C70, 0x8C70, 0x8C70, 0x8C50, 0x8C50, 0x8C50, 0x8C50, 0x41A7, 0x41A7, 0x41A7, 0x41A7, 0x5ACB,
    0x41A7, 0x20C4, 0x5ACB, 0x5ACB, 0x5ACB, 0x5ACB, 0x5ACB, 0x5ACB, 0x5ACB, 0x41A7, 0x8C70, 0x41A7,
    0x41A7, 0x9CB1, 0x8C70, 0x8C70, 0x8C70, 0x8C50, 0x8C70, 0x8C70, 0x8C70, 0x8C70, 0x3146, 0x8C70,
    0x5ACB, 0x5ACB, 0x5ACB, 0x5ACB, 0x5ACB, 0x5ACB, 0x5ACB, 0x41A7, 0x41A7, 0x5ACB, 0x41A7, 0x9CB1,
    0x9CB1, 0x9CB1, 0x7BAD, 0x83EE, 0x0000, 0x0000, 0x0000, 0x0000, 0x0000, 0x0000, 0x0000, 0x0000,
    0x0000, 0x0000, 0x0000, 0xAD33, 0x7BAD, 0x8C50, 0x8C50, 0x8C50, 0x8C70, 0x8C70, 0x8C70, 0x8C70,
    0x734C, 0x8C50, 0x8C50, 0x5ACB, 0x5ACB, 0x5ACB, 0x5ACB, 0x5ACB, 0x8C70, 0x8C70, 0x8C70, 0x8C70,
    0x8C70, 0x8C70, 0x8C70, 0x8C70, 0x8C50, 0x8C50, 0x8C50, 0x41A7, 0x41A7, 0x41A7, 0x5ACB, 0x5ACB,
    0x41A7, 0x20C4, 0x5ACB, 0x5ACB, 0x5ACB, 0x5ACB, 0x5ACB, 0x5ACB, 0x5ACB, 0x41A7, 0x41A7, 0x41A7,
    0x41A7, 0x8C70, 0x8C70, 0x8C70, 0x8C70, 0x8C70, 0x8C70, 0x8C70, 0x8C50, 0x8C70, 0x3146, 0x8C70,
    0x5ACB, 0x5ACB, 0x5ACB, 0x5ACB, 0x5ACB, 0x5ACB, 0x5ACB, 0x41A7, 0x41A7, 0x734C, 0x5228, 0x20C4,
    0x5ACB, 0x9CB1, 0x7BAD, 0x7BAD, 0x0000, 0x0000, 0x0000, 0x0000, 0x0000, 0x0000, 0x0000, 0x0000,
    0x0000, 0x0000, 0x0000, 0xAD33, 0x7BAD, 0x8C50, 0x8C50, 0x8C50, 0x8C50, 0x8C70, 0x8C70, 0x8C70,
    0x734C, 0x8C50, 0x8C50, 0x5ACB, 0x5ACB, 0x5ACB, 0x5ACB, 0x5ACB, 0x8C70, 0x8C70, 0x8C70, 0x8C70,
    0x8C70, 0x8C70, 0x8C70, 0x8C50, 0x8C50, 0x8C70, 0x8C50, 0x20C4, 0x41A7, 0x41A7, 0x5ACB, 0x5ACB,
    0x41A7, 0x20C4, 0x5ACB, 0x5ACB, 0x5ACB, 0x5ACB, 0x5ACB, 0x5ACB, 0x5ACB, 0x41A7, 0x8C50, 0x3146,
    0x83EE, 0x8C70, 0x8C70, 0x8C70, 0x8C50, 0x8C50, 0x8C50, 0x8C50, 0x8C70, 0x8C70, 0x3146, 0x8C70,
    0x5ACB, 0x5ACB, 0x5ACB, 0x5ACB, 0x5ACB, 0x5ACB, 0x7BAD, 0x41A7, 0x41A7, 0x734C, 0x5228, 0x5228,
    0x5ACB, 0xAD33, 0x7BAD, 0x7BAD, 0x7BAD, 0x0000, 0x0000, 0x0000, 0x0000, 0x0000, 0x0000, 0x0000,
    0x0000, 0x0000, 0x0000, 0x8C50, 0x7BAD, 0x8C50, 0x8C50, 0x8C50, 0x8C50, 0x8C70, 0x8C70, 0x8C70,
    0x734C, 0x8C50, 0x8C50, 0x8C50, 0x8C70, 0x8C70, 0x8C70, 0x8C70, 0x8C70, 0x8C70, 0x8C70, 0x8C70,
    0x8C70, 0x8C50, 0x8C70, 0x8C50, 0x8C50, 0x8C70, 0x8C70, 0x20C4, 0x41A7, 0x41A7, 0x5ACB, 0x5ACB,
    0x41A7, 0x20C4, 0x5ACB, 0x5ACB, 0x5ACB, 0x5ACB, 0x5ACB, 0x5ACB, 0x41A7, 0x41A7, 0x8C70, 0x3146,
    0x8C70, 0x8C70, 0x8C70, 0x8C70, 0x8C70, 0x8C70, 0x8C70, 0x8C70, 0x8C70, 0x9CB1, 0x3146, 0x8C70,
    0x5ACB, 0x5ACB, 0x5ACB, 0x5ACB, 0x5ACB, 0x5ACB, 0x7BAD, 0x41A7, 0x41A7, 0x734C, 0x7BAD, 0x5228,
    0x5228, 0x3146, 0x3146, 0x7BAD, 0x7BAD, 0x0000, 0x0000, 0x0000, 0x0000, 0x0000, 0x0000, 0x0000,
    0x0000, 0x0000, 0x0000, 0x9CB1, 0x7BAD, 0x8C50, 0x8C50, 0x8C50, 0x8C50, 0x8C50, 0x8C70, 0x8C70,
    0x734C, 0x8C50, 0x8C50, 0x8C70, 0x8C70, 0x8C70, 0x8C70, 0x8C70, 0x8C70, 0x8C70, 0x8C70, 0x8C50,
    0x8C50, 0x8C50, 0x8C50, 0x8C50, 0x8C50, 0x8C70, 0x8C70, 0x41A7, 0x41A7, 0x5ACB, 0x5ACB, 0x5ACB,
    0x41A7, 0x41A7, 0x5ACB, 0x5ACB, 0x5ACB, 0x5ACB, 0x5ACB, 0x5ACB, 0x41A7, 0x41A7, 0x8C50, 0x3146,
    0x8C70, 0x8C70, 0x8C50, 0x8C70, 0x8C70, 0x8C70, 0x8C70, 0x8C70, 0x8C70, 0x9CB1, 0x3146, 0x8C70,
    0x3146, 0x5ACB, 0x5ACB, 0x5ACB, 0x7BAD, 0x7BAD, 0x5ACB, 0x41A7, 0x41A7, 0x734C, 0x7BAD, 0x20C4,
    0x5228, 0x20C4, 0x8C70, 0x41A7, 0x734C, 0x0000, 0x0000, 0x0000, 0x0000, 0x0000, 0x0000, 0x0000,
    0x0000, 0x0000, 0x7BAD, 0xAD33, 0x7BAD, 0x8C50, 0x8C50, 0x8C50, 0x8C50, 0x8C50, 0x8C70, 0x8C70,
    0x83EE, 0x8C50, 0x8C70, 0x8C70, 0x8C70, 0x8C70, 0x8C70, 0x8C70, 0x8C70, 0x8C50, 0x8C50, 0x734C,
    0x8C50, 0x8C50, 0x8C50, 0x8C50, 0x8C50, 0x8C70, 0x8C70, 0x41A7, 0x41A7, 0x41A7, 0x5ACB, 0x5ACB,
    0x41A7, 0x41A7, 0x5ACB, 0x5ACB, 0x5ACB, 0x5ACB, 0x5ACB, 0x5ACB, 0x41A7, 0x41A7, 0x8C50, 0x3146,
    0x8C50, 0x8C50, 0x8C50, 0x8C50, 0x8C70, 0x8C70, 0x8C70, 0x8C70, 0x8C70, 0x9CB1, 0x3146, 0x8C70,
    0x41A7, 0x41A7, 0x5ACB, 0x7BAD, 0x7BAD, 0x7BAD, 0x5ACB, 0x41A7, 0x41A7, 0x7BAD, 0x5228, 0x20C4,
    0x5228, 0x20C4, 0x3146, 0xAD33, 0x734C, 0x734C, 0x0000, 0x0000, 0x0000, 0x0000, 0x0000, 0x0000,
    0x0000, 0x0000, 0x83EE, 0x8C70, 0xAD33, 0x8C50, 0x8C50, 0x8C50, 0x8C50, 0x8C50, 0x8C50, 0x8C70,
    0x9CB1, 0x8C50, 0x8C70, 0x8C70, 0x8C70, 0x8C70, 0x8C70, 0x8C70, 0x8C70, 0x8C50, 0x8C50, 0x8C50,
    0x8C50, 0x8C50, 0x8C50, 0x8C50, 0x8C50, 0x8C70, 0x8C70, 0x41A7, 0x41A7, 0x41A7, 0x41A7, 0x41A7,
    0x3146, 0x3146, 0x41A7, 0x41A7, 0x41A7, 0x41A7, 0x41A7, 0x41A7, 0x41A7, 0x41A7, 0x8C50, 0x3146,
    0x8C50, 0x8C50, 0xAD33, 0x8C50, 0x8C50, 0x8C70, 0x8C70, 0x8C70, 0x8C70, 0x9CB1, 0x3146, 0x8C70,
    0x20C4, 0x41A7, 0x41A7, 0x41A7, 0x41A7, 0x41A7, 0x41A7, 0x41A7, 0x41A7, 0x41A7, 0x5228, 0x20C4,
    0x5228, 0x20C4, 0x5ACB, 0x9CB1, 0x20C4, 0x5ACB, 0x1062, 0x0000, 0x0000, 0x0000, 0x0000, 0x0000,
    0x0000, 0x0000, 0x8C50, 0x8C70, 0x8C70, 0x8C70, 0x8C70, 0x8C50, 0x8C50, 0x8C50, 0x8C50, 0x8C50,
    0x8C50, 0x8C50, 0x8C70, 0x8C70, 0x8C70, 0x7BAD, 0x8C70, 0x8C70, 0x8C70, 0x8C50, 0x8C50, 0x8C50,
    0x8C50, 0x8C50, 0x8C70, 0x8C70, 0x8C70, 0x8C70, 0x9CB1, 0x9CB1, 0x9CB1, 0x8C70, 0x8C70, 0x8C70,
    0x8C70, 0x8C70, 0x8C70, 0x8C70, 0x8C70, 0x8C70, 0x9CB1, 0x9CB1, 0x9CB1, 0x8C70, 0x8C50, 0x3146,
    0x8C50, 0x8C50, 0x8C50, 0x8C50, 0x8C50, 0x8C70, 0x8C70, 0x9CB1, 0x9CB1, 0x9CB1, 0x3146, 0x8C70,
    0x8C70, 0x8C70, 0x8C70, 0x8C70, 0x8C70, 0x9CB1, 0x9CB1, 0x9CB1, 0x9CB1, 0x9CB1, 0x9CB1, 0x8C70,
    0x20C4, 0x41A7, 0x8C50, 0x8C50, 0x9CB1, 0x9CB1, 0x9CB1, 0x9CB1, 0x0000, 0x0000, 0x0000, 0x0000,
    0x0000, 0x1062, 0xBDD5, 0xBDD5, 0xBDD5, 0xBDD5, 0xBDD5, 0xBDD5, 0xBDD5, 0xAD33, 0xAD33, 0xAD33,
    0x9CB1, 0x9CB1, 0x9CB1, 0x9CB1, 0x9CB1, 0xAD33, 0xAD33, 0xAD33, 0xBDD5, 0xBDD5, 0xBDD5, 0xBDD5,
    0xBDD5, 0xBDD5, 0xBDD5, 0xBDD5, 0xBDD5, 0xBDD5, 0xBDD5, 0xBDD5, 0xBDD5, 0xBDD5, 0xBDD5, 0xBDD5,
    0xBDD5, 0xBDD5, 0xBDD5, 0xBDD5, 0xBDD5, 0xBDD5, 0xBDD5, 0xBDD5, 0xBDD5, 0x9CB1, 0x83EE, 0x3146,
    0xBDD5, 0xBDD5, 0xBDD5, 0xBDD5, 0xBDD5, 0xBDD5, 0xBDD5, 0xBDD5, 0xBDD5, 0x8C50, 0x3146, 0xBDD5,
    0xBDD5, 0x8C70, 0xBDD5, 0xBDD5, 0xBDD5, 0xBDD5, 0xBDD5, 0x9CB1, 0x9CB1, 0xBDD5, 0xBDD5, 0xBDD5,
    0x8C50, 0x20C4, 0xAD33, 0x20C4, 0x9CB1, 0xBDD5, 0x9CB1, 0x9CB1, 0x0000, 0x0000, 0x0000, 0x0000,
    0x0000, 0x83EE, 0x9CB1, 0x8C70, 0x8C70, 0x8C70, 0x8C50, 0x8C70, 0x8C70, 0x8C50, 0x8C50, 0x8C50,
    0x7BAD, 0x7BAD, 0x7BAD, 0x7BAD, 0x7BAD, 0x734C, 0x734C, 0x7BAD, 0x8C70, 0x8C70, 0x8C50, 0x8C50,
    0x83EE, 0x7BAD, 0x7BAD, 0x8C50, 0x8C70, 0x8C70, 0x9CB1, 0x9CB1, 0x8C70, 0x8C70, 0x8C70, 0x8C50,
    0x7BAD, 0x7BAD, 0x7BAD, 0x8C70, 0x8C70, 0x8C70, 0x8C70, 0x8C70, 0x7BAD, 0x7BAD, 0x7BAD, 0x734C,
    0x8C50, 0x8C50, 0x8C70, 0x8C70, 0x8C70, 0xBDD5, 0xBDD5, 0x8C70, 0x8C50, 0x83EE, 0x3146, 0x8C50,
    0x8C50, 0x8C70, 0x8C70, 0x8C70, 0x8C70, 0x8C70, 0x8C70, 0x8C70, 0x8C70, 0x8C50, 0x7BAD, 0x734C,
    0x734C, 0x734C, 0x9CB1, 0x7BAD, 0x9CB1, 0xBDD5, 0xBDD5, 0x9CB1, 0x8C70, 0x0000, 0x0000, 0x0000,
    0x0000, 0x83EE, 0x9CB1, 0x8C70, 0x8C70, 0x8C70, 0x8C70, 0x8C70, 0x8C70, 0x8C50, 0x8C50, 0x7BAD,
    0x8C70, 0x8C70, 0x8C70, 0x8C70, 0x7BAD, 0x8C70, 0x7BAD, 0x8C50, 0x8C70, 0x8C50, 0x8C50, 0x8C50,
    0x8C50, 0x8C50, 0x8C50, 0x8C70, 0x8C70, 0x8C70, 0x9CB1, 0x5228, 0x5ACB, 0x5228, 0x41A7, 0x8C50,
    0x8C50, 0x7BAD, 0x8C50, 0x8C70, 0x8C70, 0x8C70, 0x8C70, 0x8C70, 0x8C70, 0x734C, 0x734C, 0x3146,
    0x8C50, 0x8C50, 0x8C50, 0x8C70, 0x8C70, 0x734C, 0xBDD5, 0x8C70, 0x8C70, 0x8C70, 0x3146, 0x8C50,
    0x5228, 0x41A7, 0x5228, 0x5228, 0x8C70, 0x8C70, 0x8C70, 0x8C70, 0x8C70, 0x8C70, 0x8C50, 0x734C,
    0x7BAD, 0x8C50, 0x9CB1, 0x7BAD, 0x20C4, 0x8C70, 0x8C70, 0xBDD5, 0x9CB1, 0x5228, 0x0000, 0x0000,
    0x0000, 0x8C50, 0x9CB1, 0x8C70, 0x8C70, 0x8C70, 0x8C70, 0x8C70, 0x8C70, 0x8C70, 0x8C50, 0x8C70,
    0x8C70, 0x8C70, 0x8C70, 0x8C70, 0x8C70, 0x8C70, 0x8C70, 0x8C70, 0x8C70, 0x8C70, 0x8C50, 0x8C70,
    0x8C70, 0x8C70, 0x8C70, 0x8C70, 0x8C70, 0x8C70, 0x9CB1, 0x3146, 0x3146, 0x5228, 0x41A7, 0x8C50,
    0x8C70, 0x7BAD, 0x8C70, 0x8C70, 0x8C70, 0x8C70, 0x8C70, 0x8C70, 0x8C70, 0x8C50, 0x8C50, 0x3146,
    0x8C50, 0x8C50, 0x8C70, 0x8C70, 0x8C70, 0x734C, 0xBDD5, 0x8C70, 0x8C70, 0x8C70, 0x3146, 0x8C50,
    0x3146, 0x3146, 0x5228, 0x41A7, 0x8C70, 0x8C70, 0x8C70, 0x8C70, 0x8C70, 0x8C70, 0x8C50, 0x8C50,
    0x8C50, 0x8C70, 0x8C70, 0x3146, 0x5ACB, 0x8C70, 0x8C70, 0xBDD5, 0x9CB1, 0x7BAD, 0x0000, 0x0000,
    0x0000, 0x8C50, 0x9CB1, 0x8C70, 0x8C70, 0x8C70, 0x8C70, 0x8C70, 0x8C70, 0x8C70, 0x8C70, 0x8C70,
    0x8C70, 0x8C70, 0x8C70, 0x8C70, 0x8C70, 0x8C70, 0x8C70, 0x8C70, 0x8C70, 0x8C70, 0x8C70, 0x8C70,
    0x8C70, 0x8C70, 0x8C70, 0x8C70, 0x8C70, 0x8C70, 0x8C70, 0x8C70, 0x8C50, 0x8C50, 0x8C70, 0x8C70,
    0x8C70, 0x8C70, 0x8C70, 0x8C70, 0x8C70, 0x8C70, 0x8C70, 0x8C70, 0x8C70, 0x8C70, 0x8C70, 0x3146,
    0x8C70, 0x8C70, 0x8C70, 0x8C70, 0x8C70, 0xBDD5, 0xBDD5, 0x8C70, 0x8C70, 0x8C50, 0x3146, 0x8C50,
    0x8C70, 0x8C70, 0x8C70, 0x8C70, 0x8C70, 0x8C70, 0x8C70, 0x8C70, 0x8C70, 0x8C70, 0x8C50, 0x8C50,
    0x8C70, 0x8C70, 0x8C70, 0x8C70, 0x3146, 0x8C70, 0x9CB1, 0x9CB1, 0xBDD5, 0x7BAD, 0x0000, 0x0000,
    0x0000, 0x83EE, 0x8C50, 0x8C70, 0x8C70, 0x8C70, 0x8C70, 0x8C70, 0x8C70, 0x8C70, 0x8C70, 0x8C70,
    0x8C70, 0x8C70, 0x8C70, 0x8C70, 0x8C70, 0x8C70, 0x8C70, 0x8C70, 0x8C70, 0x8C70, 0x8C70, 0x8C70,
    0x8C70, 0x8C70, 0x8C70, 0x8C70, 0x8C70, 0x8C70, 0x8C70, 0x8C70, 0x8C70, 0x8C70, 0x8C70, 0x8C70,
    0x8C70, 0x8C70, 0x8C70, 0x8C70, 0x8C70, 0x8C70, 0x8C70, 0x8C70, 0x8C70, 0x8C70, 0x8C70, 0x3146,
    0x8C70, 0x8C70, 0x8C70, 0x8C70, 0x8C70, 0x8C70, 0x8C70, 0x8C70, 0x8C70, 0x8C70, 0x41A7, 0x8C70,
    0x8C70, 0x8C70, 0x8C70, 0x8C70, 0x8C70, 0x8C70, 0x8C70, 0x8C70, 0x8C70, 0x8C70, 0x8C50, 0x8C50,
    0x8C70, 0x8C70, 0x8C70, 0x8C70, 0x8C70, 0x8C70, 0x8C70, 0x9CB1, 0xBDD5, 0x20C4, 0x20C4, 0x0000,
    0x0000, 0x41A7, 0x8C50, 0x8C70, 0x8C70, 0x8C70, 0x8C70, 0x8C70, 0x8C70, 0x8C70, 0x8C70, 0x8C70,
    0x8C70, 0x8C70, 0x8C70, 0x8C70, 0x8C70, 0x8C70, 0x8C70, 0x8C70, 0x8C70, 0x8C70, 0x8C70, 0x8C70,
    0x8C70, 0x8C70, 0x8C70, 0x8C70, 0x8C70, 0x8C70, 0x8C50, 0x8C70, 0x8C70, 0x8C70, 0x8C70, 0x8C70,
    0x8C70, 0x8C70, 0x8C70, 0x8C70, 0x8C70, 0x8C70, 0x8C70, 0x8C70, 0x8C70, 0x8C70, 0x8C70, 0x41A7,
    0x8C70, 0x8C70, 0x8C70, 0x8C70, 0x8C70, 0x8C70, 0x8C70, 0x8C70, 0x8C70, 0x8C70, 0x41A7, 0x8C70,
    0x8C70, 0x8C70, 0x8C70, 0x8C70, 0x8C70, 0x8C70, 0x8C70, 0x8C70, 0x8C70, 0x8C70, 0x8C70, 0x8C70,
    0x8C70, 0x8C70, 0x8C70, 0x8C70, 0x8C70, 0x8C50, 0x8C50, 0x8C70, 0xBDD5, 0x20C4, 0xBDD5, 0x0000,
    0x20C4, 0x7BAD, 0x8C50, 0x8C70, 0x8C70, 0x8C70, 0x8C70, 0x8C70, 0x8C70, 0x8C70, 0x8C70, 0x8C70,
    0x8C70, 0x8C70, 0x8C70, 0x8C70, 0x8C70, 0x8C70, 0x8C70, 0x8C70, 0x8C70, 0x8C70, 0x8C70, 0x8C70,
    0x8C70, 0x8C70, 0x8C70, 0x8C70, 0x8C70, 0x83EE, 0x8C50, 0x8C70, 0x8C70, 0x8C70, 0x8C70, 0x8C70,
    0x8C70, 0x8C70, 0x8C70, 0x8C70, 0x8C70, 0x8C70, 0x8C70, 0x8C70, 0x8C70, 0x8C70, 0x8C70, 0x3146,
    0x9CB1, 0x8C70, 0x8C70, 0x8C70, 0x8C70, 0x8C70, 0x8C70, 0x8C70, 0x8C70, 0x8C70, 0x41A7, 0x8C70,
    0x8C70, 0x8C70, 0x8C70, 0x8C70, 0x8C70, 0x8C70, 0x8C70, 0x8C70, 0x8C70, 0x8C70, 0x8C70, 0x8C70,
    0x8C70, 0x8C70, 0x8C70, 0x8C70, 0x8C70, 0x8C50, 0x8C50, 0x8C70, 0xAD33, 0x20C4, 0x5ACB, 0x0000,
    0x20C4, 0x3146, 0x8C50, 0x83EE, 0x8C70, 0x8C70, 0x8C70, 0x8C70, 0x8C70, 0x8C70, 0x8C70, 0x83EE,
    0x8C70, 0x8C70, 0x8C70, 0x8C70, 0x8C70, 0x8C70, 0x83EE, 0x8C70, 0x8C70, 0x8C70, 0x8C70, 0x83EE,
    0x8C70, 0x8C70, 0x8C70, 0x8C70, 0x8C70, 0x83EE, 0x8C50, 0x8C70, 0x8C70, 0x8C70, 0x8C70, 0x8C70,
    0x8C70, 0x8C70, 0x8C70, 0x8C70, 0x8C70, 0x8C70, 0x8C70, 0x8C70, 0x8C70, 0x8C70, 0x8C70, 0x734C,
    0x9CB1, 0x8C70, 0x8C70, 0x8C70, 0x8C70, 0x83EE, 0x83EE, 0x8C70, 0x8C70, 0x8C70, 0x41A7, 0x83EE,
    0x8C70, 0x8C70, 0x8C70, 0x8C70, 0x8C70, 0x8C70, 0x83EE, 0x83EE, 0x8C70, 0x8C70, 0x8C70, 0x8C70,
    0x8C70, 0x8C70, 0x8C70, 0x8C70, 0x8C70, 0x8C50, 0x8C50, 0x8C50, 0x9CB1, 0x20C4, 0x5ACB, 0x0000,
    0x20C4, 0x3146, 0x83EE, 0x83EE, 0x8C70, 0x8C70, 0x83EE, 0x83EE, 0x83EE, 0x83EE, 0x83EE, 0x83EE,
    0x83EE, 0x83EE, 0x83EE, 0x8C70, 0x83EE, 0x83EE, 0x83EE, 0x83EE, 0x83EE, 0x83EE, 0x8C70, 0x83EE,
    0x83EE, 0x83EE, 0x83EE, 0x8C70, 0x83EE, 0x7BAD, 0x7BAD, 0x7BAD, 0x8C70, 0x8C70, 0x8C70, 0x8C70,
    0x8C70, 0x8C70, 0x8C70, 0x8C70, 0x8C70, 0x8C70, 0x8C70, 0x83EE, 0x83EE, 0x83EE, 0x83EE, 0x41A7,
    0x83EE, 0x83EE, 0x83EE, 0x83EE, 0x41A7, 0x3146, 0x83EE, 0x83EE, 0x83EE, 0x83EE, 0x41A7, 0x83EE,
    0x83EE, 0x83EE, 0x8C70, 0x83EE, 0x83EE, 0x83EE, 0x83EE, 0x83EE, 0x8C70, 0x8C70, 0x83EE, 0x83EE,
    0x8C70, 0x8C70, 0x8C70, 0x8C70, 0x8C70, 0x8C50, 0x8C50, 0x8C50, 0x9CB1, 0x1062, 0x1062, 0x0000,
    0x0000, 0x3146, 0x83EE, 0x83EE, 0x83EE, 0x83EE, 0x83EE, 0x83EE, 0x83EE, 0x83EE, 0x83EE, 0x83EE,
    0x83EE, 0x83EE, 0x83EE, 0x83EE, 0x83EE, 0x83EE, 0x83EE, 0x83EE, 0x83EE, 0x83EE, 0x83EE, 0x83EE,
    0x83EE, 0x83EE, 0x83EE, 0x83EE, 0x83EE, 0x83EE, 0x7BAD, 0x7BAD, 0x83EE, 0x8C70, 0x8C70, 0x8C70,
    0x8C70, 0x8C70, 0x8C70, 0x8C70, 0x83EE, 0x83EE, 0x83EE, 0x83EE, 0x83EE, 0x83EE, 0x83EE, 0x3146,
    0x83EE, 0x83EE, 0x83EE, 0x83EE, 0x41A7, 0x5228, 0x83EE, 0x83EE, 0x83EE, 0x83EE, 0x41A7, 0x83EE,
    0x83EE, 0x83EE, 0x83EE, 0x83EE, 0x83EE, 0x83EE, 0x83EE, 0x83EE, 0x83EE, 0x83EE, 0x83EE, 0x83EE,
    0x83EE, 0x8C70, 0x83EE, 0x83EE, 0x83EE, 0x8C50, 0x8C50, 0x8C50, 0x9CB1, 0x5ACB, 0x20C4, 0x0000,
    0x0000, 0x83EE, 0x83EE, 0x83EE, 0x83EE, 0x83EE, 0x83EE, 0x83EE, 0x83EE, 0x83EE, 0x83EE, 0x83EE,
    0x83EE, 0x83EE, 0x83EE, 0x83EE, 0x83EE, 0x83EE, 0x83EE, 0x83EE, 0x83EE, 0x83EE, 0x83EE, 0x83EE,
    0x734C, 0x83EE, 0x83EE, 0x83EE, 0x83EE, 0x83EE, 0x83EE, 0x7BAD, 0x83EE, 0x83EE, 0x83EE, 0x83EE,
    0x8C70, 0x8C70, 0x83EE, 0x83EE, 0x83EE, 0x83EE, 0x83EE, 0x83EE, 0x83EE, 0x83EE, 0x83EE, 0x3146,
    0x83EE, 0x83EE, 0x83EE, 0x7BAD, 0x41A7, 0x3146, 0x83EE, 0x83EE, 0x83EE, 0x83EE, 0x41A7, 0x72A9,
    0x83EE, 0x734C, 0x83EE, 0x83EE, 0x83EE, 0x83EE, 0x72A9, 0x72A9, 0x83EE, 0x83EE, 0x83EE, 0x83EE,
    0x83EE, 0x83EE, 0x83EE, 0x83EE, 0x83EE, 0x8C50, 0x8C50, 0x8C50, 0x8C50, 0x41A7, 0x20C4, 0x0000,
    0x0000, 0x734C, 0x83EE, 0x83EE, 0x83EE, 0x83EE, 0x83EE, 0x83EE, 0x83EE, 0x83EE, 0x83EE, 0x83EE,
    0x83EE, 0x83EE, 0x83EE, 0x83EE, 0x83EE, 0x83EE, 0x734C, 0x83EE, 0x83EE, 0x83EE, 0x83EE, 0x734C,
    0x7BAD, 0x83EE, 0x83EE, 0x83EE, 0x83EE, 0x83EE, 0x83EE, 0x83EE, 0x83EE, 0x83EE, 0x83EE, 0x83EE,
    0x83EE, 0x83EE, 0x83EE, 0x83EE, 0x83EE, 0x83EE, 0x7BAD, 0x7BAD, 0x7BAD, 0x7BAD, 0x7BAD, 0x3146,
    0x5ACB, 0x83EE, 0x83EE, 0x83EE, 0x3146, 0x3146, 0x83EE, 0x83EE, 0x83EE, 0x7BAD, 0x72A9, 0x72A9,
    0x7BAD, 0x734C, 0x72A9, 0x734C, 0x734C, 0x72A9, 0x72A9, 0x72A9, 0x72A9, 0x72A9, 0x72A9, 0x83EE,
    0x83EE, 0x83EE, 0x83EE, 0x83EE, 0x83EE, 0x83EE, 0x83EE, 0x8C50, 0x8C50, 0x3146, 0x20C4, 0x0000,
    0x0000, 0x72A9, 0x7BAD, 0x83EE, 0x83EE, 0x83EE, 0x83EE, 0x83EE, 0x83EE, 0x83EE, 0x83EE, 0x83EE,
    0x83EE, 0x734C, 0x734C, 0x734C, 0x83EE, 0x734C, 0x7BAD, 0x83EE, 0x83EE, 0x83EE, 0x72A9, 0x734C,
    0x72A9, 0x72A9, 0x7BAD, 0x83EE, 0x83EE, 0x83EE, 0x83EE, 0x83EE, 0x83EE, 0x7BAD, 0x7BAD, 0x7BAD,
    0x83EE, 0x7BAD, 0x83EE, 0x7BAD, 0x7BAD, 0x83EE, 0x7BAD, 0x7BAD, 0x7BAD, 0x7BAD, 0x7BAD, 0x8C70,
    0x83EE, 0x83EE, 0x83EE, 0x83EE, 0x83EE, 0x83EE, 0x83EE, 0x83EE, 0x83EE, 0x72A9, 0x72A9, 0x72A9,
    0x72A9, 0x72A9, 0x72A9, 0x72A9, 0x72A9, 0x72A9, 0x72A9, 0x72A9, 0x72A9, 0x83EE, 0x5ACB, 0x83EE,
    0x83EE, 0x83EE, 0x83EE, 0x83EE, 0x83EE, 0x3146, 0x83EE, 0x83EE, 0x83EE, 0x3146, 0x20C4, 0x0000,
    0x0000, 0x72A9, 0x72A9, 0x83EE, 0x72A9, 0x83EE, 0x83EE, 0x83EE, 0x83EE, 0x83EE, 0x83EE, 0x83EE,
    0x7BAD, 0x734C, 0x7BAD, 0x72A9, 0x72A9, 0x734C, 0x7BAD, 0x83EE, 0x83EE, 0x734C, 0x72A9, 0x72A9,
    0x72A9, 0x72A9, 0x7BAD, 0x7BAD, 0x83EE, 0x83EE, 0x83EE, 0x83EE, 0x7BAD, 0x7BAD, 0x7BAD, 0x7BAD,
    0x7BAD, 0x7BAD, 0x7BAD, 0x83EE, 0x83EE, 0x83EE, 0x83EE, 0x7BAD, 0x7BAD, 0x7BAD, 0x7BAD, 0x3146,
    0x41A7, 0x7BAD, 0x83EE, 0x83EE, 0x83EE, 0x83EE, 0x83EE, 0x83EE, 0x83EE, 0x72A9, 0x72A9, 0x0000,
    0x0000, 0x1062, 0x1062, 0x1062, 0x1062, 0x1062, 0x1062, 0x1062, 0x1062, 0x1062, 0x1062, 0x734C,
    0x83EE, 0x83EE, 0x83EE, 0x83EE, 0x41A7, 0x41A7, 0x83EE, 0x83EE, 0x83EE, 0x1062, 0x20C4, 0x0000,
    0x0000, 0x1062, 0x72A9, 0x7BAD, 0x72A9, 0x734C, 0x83EE, 0x83EE, 0x83EE, 0x83EE, 0x734C, 0x83EE,
    0x7BAD, 0x72A9, 0x72A9, 0x72A9, 0x1062, 0x1062, 0x1062, 0x1062, 0x0000, 0x0000, 0x0000, 0x1062,
    0x1062, 0x1062, 0x72A9, 0x7BAD, 0x83EE, 0x83EE, 0x83EE, 0x83EE, 0x7BAD, 0x7BAD, 0x7BAD, 0x7BAD,
    0x7BAD, 0x7BAD, 0x7BAD, 0x7BAD, 0x83EE, 0x83EE, 0x83EE, 0x7BAD, 0x7BAD, 0x7BAD, 0x7BAD, 0x3146,
    0x734C, 0x734C, 0x83EE, 0x83EE, 0x83EE, 0x83EE, 0x83EE, 0x83EE, 0x83EE, 0x72A9, 0x72A9, 0x0000,
    0x1062, 0x1062, 0x3146, 0x3146, 0x3146, 0x3146, 0x3146, 0x3146, 0x1062, 0x1062, 0x1062, 0x72A9,
    0x7BAD, 0x83EE, 0x83EE, 0x83EE, 0x20C4, 0x20C4, 0x83EE, 0x7BAD, 0x7BAD, 0x1062, 0x1062, 0x0000,
    0x5ACB, 0x1062, 0x734C, 0x72A9, 0x72A9, 0x72A9, 0x734C, 0x7BAD, 0x7BAD, 0x734C, 0x72A9, 0x7BAD,
    0x72A9, 0x72A9, 0x72A9, 0x1062, 0x1062, 0x3146, 0x3146, 0x3146, 0x3146, 0x3146, 0x3146, 0x3146,
    0x1062, 0x1062, 0x72A9, 0x72A9, 0x734C, 0x83EE, 0x83EE, 0x83EE, 0x7BAD, 0x7BAD, 0x7BAD, 0x7BAD,
    0x7BAD, 0x7BAD, 0x7BAD, 0x7BAD, 0x83EE, 0x83EE, 0x83EE, 0x7BAD, 0x7BAD, 0x7BAD, 0x72A9, 0x3146,
    0x72A9, 0x72A9, 0x72A9, 0x7BAD, 0x83EE, 0x83EE, 0x72A9, 0x83EE, 0x83EE, 0x72A9, 0x1062, 0x0000,
    0x1062, 0x3146, 0x3146, 0x41A7, 0x41A7, 0x41A7, 0x41A7, 0x41A7, 0x3146, 0x20C4, 0x1062, 0x72A9,
    0x7BAD, 0x7BAD, 0x83EE, 0x7BAD, 0x7BAD, 0x7BAD, 0x1062, 0x1062, 0x1062, 0x1062, 0x7BAD, 0x20C4,
    0x41A7, 0x41A7, 0x72A9, 0x72A9, 0x72A9, 0x72A9, 0x72A9, 0x72A9, 0x72A9, 0x72A9, 0x72A9, 0x72A9,
    0x72A9, 0x72A9, 0x1062, 0x1062, 0x3146, 0x41A7, 0x41A7, 0x41A7, 0x41A7, 0x3146, 0x3146, 0x3146,
    0x3146, 0x3146, 0x1062, 0x72A9, 0x72A9, 0x72A9, 0x83EE, 0x83EE, 0x7BAD, 0x7BAD, 0x7BAD, 0x7BAD,
    0x7BAD, 0x7BAD, 0x7BAD, 0x7BAD, 0x83EE, 0x83EE, 0x83EE, 0x7BAD, 0x7BAD, 0x72A9, 0x72A9, 0x3146,
    0x72A9, 0x72A9, 0x72A9, 0x7BAD, 0x72A9, 0x72A9, 0x72A9, 0x72A9, 0x83EE, 0x72A9, 0x1062, 0x1062,
    0x3146, 0x41A7, 0x41A7, 0x41A7, 0x41A7, 0x41A7, 0x41A7, 0x41A7, 0x41A7, 0x3146, 0x1062, 0x1062,
    0x72A9, 0x7BAD, 0x7BAD, 0x72A9, 0x72A9, 0x7BAD, 0x1062, 0x5228, 0x5228, 0x5228, 0x5228, 0x20C4,
    0x0000, 0x0000, 0x0000, 0x72A9, 0x72A9, 0x72A9, 0x72A9, 0x72A9, 0x72A9, 0x72A9, 0x72A9, 0x72A9,
    0x72A9, 0x1062, 0x1062, 0x3146, 0x41A7, 0x41A7, 0x41A7, 0x3146, 0x3146, 0x20C4, 0x3146, 0x41A7,
    0x41A7, 0x3146, 0x3146, 0x1062, 0x72A9, 0x72A9, 0x72A9, 0x72A9, 0x72A9, 0x72A9, 0x7BAD, 0x7BAD,
    0x7BAD, 0x7BAD, 0x72A9, 0x72A9, 0x7BAD, 0x7BAD, 0x7BAD, 0x72A9, 0x72A9, 0x72A9, 0x72A9, 0x3146,
    0x72A9, 0x72A9, 0x72A9, 0x72A9, 0x72A9, 0x72A9, 0x72A9, 0x72A9, 0x72A9, 0x1062, 0x3146, 0x3146,
    0x41A7, 0x41A7, 0x41A7, 0x3146, 0x3146, 0x3146, 0x3146, 0x41A7, 0x41A7, 0x41A7, 0x3146, 0x1062,
    0x72A9, 0x3146, 0x72A9, 0x72A9, 0x72A9, 0x7BAD, 0x1062, 0x41A7, 0x5228, 0x41A7, 0x3146, 0x0000,
    0x0000, 0x0000, 0x0000, 0x3146, 0x20C4, 0x3146, 0x20C4, 0x1062, 0x1062, 0x1062, 0x72A9, 0x72A9,
    0x1062, 0x1062, 0x3146, 0x41A7, 0x41A7, 0x41A7, 0x41A7, 0x41A7, 0x5ACB, 0x5228, 0x3146, 0x3146,
    0x41A7, 0x41A7, 0x3146, 0x1062, 0x72A9, 0x72A9, 0x72A9, 0x72A9, 0x72A9, 0x72A9, 0x72A9, 0x72A9,
    0x72A9, 0x72A9, 0x72A9, 0x72A9, 0x72A9, 0x72A9, 0x72A9, 0x72A9, 0x72A9, 0x72A9, 0x72A9, 0x72A9,
    0x72A9, 0x72A9, 0x72A9, 0x72A9, 0x72A9, 0x72A9, 0x72A9, 0x72A9, 0x72A9, 0x1062, 0x3146, 0x41A7,
    0x41A7, 0x3146, 0x3146, 0x3146, 0x5ACB, 0x734C, 0x734C, 0x41A7, 0x3146, 0x41A7, 0x41A7, 0x3146,
    0x1062, 0x734C, 0x734C, 0x734C, 0x734C, 0x20C4, 0x0000, 0x0000, 0x0000, 0x0000, 0x0000, 0x0000,
    0x0000, 0x0000, 0x0000, 0x0000, 0x0000, 0x0000, 0x0000, 0x0000, 0x0000, 0x0000, 0x1062, 0x3146,
    0x1062, 0x20C4, 0x3146, 0x41A7, 0x41A7, 0x41A7, 0x41A7, 0x734C, 0x3146, 0x734C, 0x5ACB, 0x3146,
    0x3146, 0x41A7, 0x3146, 0x20C4, 0x0000, 0x1062, 0x1062, 0x1062, 0x1062, 0x1062, 0x1062, 0x1062,
    0x1062, 0x1062, 0x1062, 0x1062, 0x1062, 0x1062, 0x1062, 0x1062, 0x1062, 0x1062, 0x1062, 0x1062,
    0x1062, 0x1062, 0x1062, 0x1062, 0x1062, 0x1062, 0x1062, 0x1062, 0x1062, 0x1062, 0x41A7, 0x41A7,
    0x41A7, 0x3146, 0x5228, 0x734C, 0x7BAD, 0x41A7, 0x7BAD, 0x41A7, 0x3146, 0x41A7, 0x41A7, 0x3146,
    0x0000, 0x0000, 0x0000, 0x0000, 0x0000, 0x0000, 0x0000, 0x0000, 0x0000, 0x0000, 0x0000, 0x0000,
    0x0000, 0x0000, 0x0000, 0x0000, 0x0000, 0x0000, 0x0000, 0x0000, 0x0000, 0x0000, 0x0000, 0x0000,
    0x0000, 0x3146, 0x41A7, 0x41A7, 0x41A7, 0x3146, 0x734C, 0x41A7, 0x3146, 0x41A7, 0x5ACB, 0x41A7,
    0x3146, 0x41A7, 0x41A7, 0x3146, 0x20C4, 0x20C4, 0x20C4, 0x20C4, 0x0000, 0x0000, 0x0000, 0x0000,
    0x0000, 0x0000, 0x0000, 0x0000, 0x0000, 0x0000, 0x0000, 0x20C4, 0x20C4, 0x20C4, 0x20C4, 0x20C4,
    0x20C4, 0x20C4, 0x20C4, 0x20C4, 0x20C4, 0x20C4, 0x20C4, 0x20C4, 0x20C4, 0x3146, 0x5228, 0x5228,
    0x3146, 0x3146, 0x734C, 0x41A7, 0x41A7, 0x3146, 0x3146, 0x734C, 0x41A7, 0x41A7, 0x41A7, 0x5228,
    0x0000, 0x0000, 0x0000, 0x0000, 0x0000, 0x0000, 0x0000, 0x0000, 0x0000, 0x0000, 0x0000, 0x0000,
    0x0000, 0x0000, 0x0000, 0x0000, 0x0000, 0x0000, 0x0000, 0x0000, 0x0000, 0x0000, 0x0000, 0x0000,
    0x0000, 0x3146, 0x5228, 0x5228, 0x41A7, 0x3146, 0x734C, 0x41A7, 0x7BAD, 0x41A7, 0x734C, 0x41A7,
    0x3146, 0x41A7, 0x5228, 0x41A7, 0x0000, 0x0000, 0x0000, 0x0000, 0x0000, 0x0000, 0x0000, 0x0000,
    0x0000, 0x0000, 0x0000, 0x0000, 0x0000, 0x0000, 0x0000, 0x0000, 0x0000, 0x0000, 0x0000, 0x0000,
    0x0000, 0x0000, 0x0000, 0x0000, 0x0000, 0x0000, 0x0000, 0x0000, 0x0000, 0x3146, 0x5228, 0x5228,
    0x41A7, 0x5228, 0x734C, 0x41A7, 0x3146, 0x734C, 0x3146, 0x734C, 0x41A7, 0x5228, 0x5228, 0x5228,
    0x0000, 0x0000, 0x0000, 0x0000, 0x0000, 0x0000, 0x0000, 0x0000, 0x0000, 0x0000, 0x0000, 0x0000,
    0x0000, 0x0000, 0x0000, 0x0000, 0x0000, 0x0000, 0x0000, 0x0000, 0x0000, 0x0000, 0x0000, 0x0000,
    0x0000, 0x20C4, 0x5228, 0x5228, 0x5228, 0x3146, 0x734C, 0x41A7, 0x3146, 0x41A7, 0x734C, 0x41A7,
    0x3146, 0x5228, 0x5228, 0x41A7, 0x0000, 0x0000, 0x0000, 0x0000, 0x0000, 0x0000, 0x0000, 0x0000,
    0x0000, 0x0000, 0x0000, 0x0000, 0x0000, 0x0000, 0x0000, 0x0000, 0x0000, 0x0000, 0x0000, 0x0000,
    0x0000, 0x0000, 0x0000, 0x0000, 0x0000, 0x0000, 0x0000, 0x0000, 0x0000, 0x0000, 0x5228, 0x5228,
    0x5228, 0x5228, 0x7BAD, 0x3146, 0x3146, 0x3146, 0x3146, 0x734C, 0x41A7, 0x5228, 0x5228, 0x3146,
    0x0000, 0x0000, 0x0000, 0x0000, 0x0000, 0x0000, 0x0000, 0x0000, 0x0000, 0x0000, 0x0000, 0x0000,
    0x0000, 0x0000, 0x0000, 0x0000, 0x0000, 0x0000, 0x0000, 0x0000, 0x0000, 0x0000, 0x0000, 0x0000,
    0x0000, 0x0000, 0x3146, 0x5228, 0x5228, 0x41A7, 0x41A7, 0x734C, 0x41A7, 0x7BAD, 0x734C, 0x41A7,
    0x41A7, 0x5228, 0x5228, 0x20C4, 0x0000, 0x0000, 0x0000, 0x0000, 0x0000, 0x0000, 0x0000, 0x0000,
    0x0000, 0x0000, 0x0000, 0x0000, 0x0000, 0x0000, 0x0000, 0x0000, 0x0000, 0x0000, 0x0000, 0x0000,
    0x0000, 0x0000, 0x0000, 0x0000, 0x0000, 0x0000, 0x0000, 0x0000, 0x0000, 0x0000, 0x5228, 0x5228,
    0x5228, 0x41A7, 0x734C, 0x734C, 0x41A7, 0x3146, 0x734C, 0x734C, 0x41A7, 0x5228, 0x5228, 0x5228,
    0x0000, 0x0000, 0x0000, 0x0000, 0x0000, 0x0000, 0x0000, 0x0000, 0x0000, 0x0000, 0x0000, 0x0000,
    0x0000, 0x0000, 0x0000, 0x0000, 0x0000, 0x0000, 0x0000, 0x0000, 0x0000, 0x0000, 0x0000, 0x0000,
    0x0000, 0x0000, 0x3146, 0x5228, 0x5228, 0x41A7, 0x41A7, 0x734C, 0x734C, 0x7BAD, 0x41A7, 0x41A7,
    0x5228, 0x5228, 0x5228, 0x0000, 0x0000, 0x0000, 0x0000, 0x0000, 0x0000, 0x0000, 0x0000, 0x0000,
    0x0000, 0x0000, 0x0000, 0x0000, 0x0000, 0x0000, 0x0000, 0x0000, 0x0000, 0x0000, 0x0000, 0x0000,
    0x0000, 0x0000, 0x0000, 0x0000, 0x0000, 0x0000, 0x0000, 0x0000, 0x0000, 0x0000, 0x5228, 0x5228,
    0x5228, 0x7BAD, 0x41A7, 0x5ACB, 0x734C, 0x734C, 0x734C, 0x41A7, 0x7BAD, 0x5228, 0x5228, 0x3146,
    0x0000, 0x0000, 0x0000, 0x0000, 0x0000, 0x0000, 0x0000, 0x0000, 0x0000, 0x0000, 0x0000, 0x0000,
    0x0000, 0x0000, 0x0000, 0x0000, 0x0000, 0x0000, 0x0000, 0x0000, 0x0000, 0x0000, 0x0000, 0x0000,
    0x0000, 0x0000, 0x0000, 0x5228, 0x5228, 0x5228, 0x7BAD, 0x5228, 0x72A9, 0x41A7, 0x7BAD, 0x5228,
    0x5228, 0x5228, 0x3146, 0x0000, 0x0000, 0x0000, 0x0000, 0x0000, 0x0000, 0x0000, 0x0000, 0x0000,
    0x0000, 0x0000, 0x0000, 0x0000, 0x0000, 0x0000, 0x0000, 0x0000, 0x0000, 0x0000, 0x0000, 0x0000,
    0x0000, 0x0000, 0x0000, 0x0000, 0x0000, 0x0000, 0x0000, 0x0000, 0x0000, 0x0000, 0x3146, 0x5228,
    0x5228, 0x5228, 0x734C, 0x41A7, 0x41A7, 0x83EE, 0x83EE, 0x5228, 0x5228, 0x5228, 0x5228, 0x0000,
    0x0000, 0x0000, 0x0000, 0x0000, 0x0000, 0x0000, 0x0000, 0x0000, 0x0000, 0x0000, 0x0000, 0x0000,
    0x0000, 0x0000, 0x0000, 0x0000, 0x0000, 0x0000, 0x0000, 0x0000, 0x0000, 0x0000, 0x0000, 0x0000,
    0x0000, 0x0000, 0x0000, 0x0000, 0x3146, 0x5228, 0x5228, 0x5228, 0x5228, 0x5228, 0x5228, 0x5228,
    0x5228, 0x3146, 0x0000, 0x0000, 0x0000, 0x0000, 0x0000, 0x0000, 0x0000, 0x0000, 0x0000, 0x0000,
    0x0000, 0x0000, 0x0000, 0x0000, 0x0000, 0x0000, 0x0000, 0x0000, 0x0000, 0x0000, 0x0000, 0x0000,
    0x0000, 0x0000, 0x0000, 0x0000, 0x0000, 0x0000, 0x0000, 0x0000, 0x0000, 0x0000, 0x0000, 0x3146,
    0x5228, 0x5228, 0x5228, 0x5228, 0x5228, 0x5228, 0x5228, 0x5228, 0x5228, 0x5228, 0x3146, 0x0000,
    0x0000, 0x0000, 0x0000, 0x0000, 0x0000, 0x0000, 0x0000, 0x0000, 0x0000, 0x0000, 0x0000, 0x0000,
    0x0000, 0x0000, 0x0000, 0x0000, 0x0000, 0x0000, 0x0000, 0x0000, 0x0000, 0x0000, 0x0000, 0x0000,
    0x0000, 0x0000, 0x0000, 0x0000, 0x0000, 0x3146, 0x5228, 0x5228, 0x5228, 0x5228, 0x5228, 0x41A7,
    0x3146, 0x0000, 0x0000, 0x0000, 0x0000, 0x0000, 0x0000, 0x0000, 0x0000, 0x0000, 0x0000, 0x0000,
    0x0000, 0x0000, 0x0000, 0x0000, 0x0000, 0x0000, 0x0000, 0x0000, 0x0000, 0x0000, 0x0000, 0x0000,
    0x0000, 0x0000, 0x0000, 0x0000, 0x0000, 0x0000, 0x0000, 0x0000, 0x0000, 0x0000, 0x0000, 0x0000,
    0x20C4, 0x3146, 0x5228, 0x5228, 0x5228, 0x5228, 0x5228, 0x5228, 0x41A7, 0x3146, 0x0000, 0x0000,
    0x0000, 0x0000, 0x0000, 0x0000, 0x0000, 0x0000, 0x0000, 0x0000, 0x0000, 0x0000, 0x0000, 0x0000,
    0x0000, 0x0000, 0x0000, 0x0000, 0x0000, 0x0000, 0x0000, 0x0000, 0x0000, 0x0000, 0x0000, 0x0000,
    0x0000, 0x0000, 0x0000, 0x0000, 0x0000, 0x0000, 0x0000, 0x3146, 0x3146, 0x3146, 0x3146, 0x0000,
    0x0000, 0x0000, 0x0000, 0x0000, 0x0000, 0x0000, 0x0000, 0x0000, 0x0000, 0x0000, 0x0000, 0x0000,
    0x0000, 0x0000, 0x0000, 0x0000, 0x0000, 0x0000, 0x0000, 0x0000, 0x0000, 0x0000, 0x0000, 0x0000,
    0x0000, 0x0000, 0x0000, 0x0000, 0x0000, 0x0000, 0x0000, 0x0000, 0x0000, 0x0000, 0x0000, 0x0000,
    0x0000, 0x0000, 0x0000, 0x3146, 0x3146, 0x3146, 0x3146, 0x3146, 0x0000, 0x0000, 0x0000, 0x0000,
    0x0000, 0x0000, 0x0000, 0x0000, 0x0000, 0x0000, 0x0000, 0x0000, 0x0000, 0x0000, 0x0000, 0x0000,
};

// 1bpp opacity mask, MSB-first, 11 byte(s) per row; bit set = opaque.
inline constexpr uint8_t kSpriteUazMask[506] = {
    0x01, 0xFF, 0xFF, 0xFF, 0xFF, 0xFF, 0xFF, 0xFF, 0xFF, 0x80, 0x00, 0x07, 0xFF, 0xFF, 0xFF, 0xFF,
    0xFF, 0xFF, 0xFF, 0xFF, 0xC0, 0x00, 0x0F, 0xFF, 0xFF, 0xFF, 0xFF, 0xFF, 0xFF, 0xFF, 0xFF, 0xE0,
    0x00, 0x0F, 0xFF, 0xFF, 0xFF, 0xFF, 0xFF, 0xFF, 0xFF, 0xFF, 0xC0, 0x00, 0x1F, 0xFF, 0xFF, 0xFF,
    0xFF, 0xFF, 0xFF, 0xFF, 0xFF, 0xC0, 0x00, 0x1F, 0xFF, 0xFF, 0xFF, 0xFF, 0xFF, 0xFF, 0xFF, 0xFF,
    0xE0, 0x00, 0x1F, 0xFF, 0xFF, 0xFF, 0xFF, 0xFF, 0xFF, 0xFF, 0xFF, 0xF0, 0x00, 0x1F, 0xFF, 0xFF,
    0xFF, 0xFF, 0xFF, 0xFF, 0xFF, 0xFF, 0xF0, 0x00, 0x3F, 0xFF, 0xFF, 0xFF, 0xFF, 0xFF, 0xFF, 0xFF,
    0xFF, 0xF8, 0x00, 0x3F, 0xFF, 0xFF, 0xFF, 0xFF, 0xFF, 0xFF, 0xFF, 0xFF, 0xF8, 0x00, 0x3F, 0xFF,
    0xFF, 0xFF, 0xFF, 0xFF, 0xFF, 0xFF, 0xFF, 0xFC, 0x00, 0x3F, 0xFF, 0xFF, 0xFF, 0xFF, 0xFF, 0xFF,
    0xFF, 0xFF, 0xFC, 0x00, 0x3F, 0xFF, 0xFF, 0xFF, 0xFF, 0xFF, 0xFF, 0xFF, 0xFF, 0xFC, 0x00, 0x7F,
    0xFF, 0xFF, 0xFF, 0xFF, 0xFF, 0xFF, 0xFF, 0xFF, 0xFE, 0x00, 0x7F, 0xFF, 0xFF, 0xFF, 0xFF, 0xFF,
    0xFF, 0xFF, 0xFF, 0xFF, 0x00, 0x7F, 0xFF, 0xFF, 0xFF, 0xFF, 0xFF, 0xFF, 0xFF, 0xFF, 0xFF, 0x80,
    0x7F, 0xFF, 0xFF, 0xFF, 0xFF, 0xFF, 0xFF, 0xFF, 0xFF, 0xFF, 0x80, 0xFF, 0xFF, 0xFF, 0xFF, 0xFF,
    0xFF, 0xFF, 0xFF, 0xFF, 0xFF, 0xC0, 0xFF, 0xFF, 0xFF, 0xFF, 0xFF, 0xFF, 0xFF, 0xFF, 0xFF, 0xFF,
    0xE0, 0xFF, 0xFF, 0xFF, 0xFF, 0xFF, 0xFF, 0xFF, 0xFF, 0xFF, 0xFF, 0xE0, 0xFF, 0xFF, 0xFF, 0xFF,
    0xFF, 0xFF, 0xFF, 0xFF, 0xFF, 0xFF, 0xE0, 0xFF, 0xFF, 0xFF, 0xFF, 0xFF, 0xFF, 0xFF, 0xFF, 0xFF,
    0xFF, 0xE0, 0x7F, 0xFF, 0xFF, 0xFF, 0xFF, 0xFF, 0xFF, 0xFF, 0xFF, 0xFF, 0xF0, 0xFF, 0xFF, 0xFF,
    0xFF, 0xFF, 0xFF, 0xFF, 0xFF, 0xFF, 0xFF, 0xF0, 0xFF, 0xFF, 0xFF, 0xFF, 0xFF, 0xFF, 0xFF, 0xFF,
    0xFF, 0xFF, 0xF0, 0xFF, 0xFF, 0xFF, 0xFF, 0xFF, 0xFF, 0xFF, 0xFF, 0xFF, 0xFF, 0xE0, 0x7F, 0xFF,
    0xFF, 0xFF, 0xFF, 0xFF, 0xFF, 0xFF, 0xFF, 0xFF, 0xE0, 0xFF, 0xFF, 0xFF, 0xFF, 0xFF, 0xFF, 0xFF,
    0xFF, 0xFF, 0xFF, 0xE0, 0xFF, 0xFF, 0xFF, 0xFF, 0xFF, 0xFF, 0xFF, 0xFF, 0xFF, 0xFF, 0xE0, 0xFF,
    0xFF, 0xFF, 0xFF, 0xFF, 0xFF, 0xFF, 0xFF, 0xFF, 0xFF, 0xE0, 0xFF, 0xFF, 0xFF, 0xFF, 0xFF, 0xFF,
    0xFF, 0xFF, 0xFF, 0xFF, 0xE0, 0xFF, 0xFF, 0xFF, 0xFF, 0xFF, 0xFF, 0xFF, 0xFF, 0xFF, 0xFF, 0xE0,
    0xFF, 0xFF, 0xFF, 0xFF, 0xFF, 0xFF, 0xFF, 0xFF, 0xFF, 0xFF, 0xF0, 0xFF, 0xFF, 0xFF, 0xFF, 0xFF,
    0xFF, 0xFF, 0xFF, 0xFF, 0xFF, 0xF0, 0x3F, 0xFF, 0xFF, 0xFF, 0xFF, 0xFF, 0xFF, 0xFF, 0xFF, 0xFF,
    0xE0, 0x1F, 0xFF, 0xFF, 0xFF, 0xFF, 0xFF, 0xFF, 0xFF, 0xFF, 0xFC, 0x80, 0x00, 0x3F, 0xFF, 0xFF,
    0xFF, 0xFF, 0xFF, 0xFF, 0xFF, 0x78, 0x00, 0x00, 0x07, 0xFF, 0xFF, 0x00, 0x1F, 0xFF, 0xFF, 0xFF,
    0x80, 0x00, 0x00, 0x07, 0xFF, 0xF0, 0x00, 0x00, 0x00, 0x7F, 0xFF, 0x80, 0x00, 0x00, 0x07, 0xFF,
    0xF0, 0x00, 0x00, 0x00, 0x7F, 0xFF, 0x00, 0x00, 0x00, 0x03, 0xFF, 0xF0, 0x00, 0x00, 0x00, 0x7F,
    0xFF, 0x80, 0x00, 0x00, 0x03, 0xFF, 0xF0, 0x00, 0x00, 0x00, 0x7F, 0xFF, 0x00, 0x00, 0x00, 0x03,
    0xFF, 0xE0, 0x00, 0x00, 0x00, 0x3F, 0xFF, 0x00, 0x00, 0x00, 0x01, 0xFF, 0xC0, 0x00, 0x00, 0x00,
    0x1F, 0xFE, 0x00, 0x00, 0x00, 0x00, 0x7F, 0x80, 0x00, 0x00, 0x00, 0x0F, 0xFC, 0x00, 0x00, 0x00,
    0x00, 0x3E, 0x00, 0x00, 0x00, 0x00, 0x03, 0xF0, 0x00, 0x00,
};

// mountain: 1 frame(s) of 80x32, sheet 80x32.
// RGB565, row-major, sheetWidth * frameHeight; 0x0000 where the mask bit is clear.
inline constexpr uint16_t kSpriteMountainPixels[2560] = {
    0x0000, 0x0000, 0x0000, 0x0000, 0x0000, 0x0000, 0x0000, 0x0000, 0x0000, 0x0000, 0x0000, 0x0000,
    0x0000, 0x0000, 0x0000, 0x0000, 0x0000, 0x0000, 0x0000, 0x0000, 0x0000, 0x0000, 0x0000, 0x0000,
    0x0000, 0x0000, 0x0000, 0x0000, 0x0000, 0x0000, 0x0000, 0x0000, 0x0000, 0x0000, 0x0000, 0x0000,
    0x0000, 0x0000, 0x0000, 0x0000, 0x0000, 0x0000, 0x0000, 0x0000, 0x0000, 0x0000, 0x0000, 0x0000,
    0x0000, 0x0000, 0x0000, 0x0000, 0x0000, 0x0000, 0x0000, 0x0000, 0x0000, 0x0000, 0x0000, 0x0000,
    0x0000, 0x0000, 0x0000, 0x0000, 0x0000, 0x0000, 0x0000, 0x0000, 0x0000, 0x0000, 0x0000, 0x0000,
    0x0000, 0x0000, 0x0000, 0x0000, 0x0000, 0x0000, 0x0000, 0x0000, 0x0000, 0x0000, 0x0000, 0x0000,
    0x0000, 0x0000, 0x0000, 0x0000, 0x0000, 0x0000, 0x0000, 0x0000, 0x0000, 0x0000, 0x0000, 0x0000,
    0x0000, 0x0000, 0x0000, 0x0000, 0x0000, 0x0000, 0x0000, 0x0000, 0x0000, 0x0000, 0x0000, 0x0000,
    0x0000, 0x0000, 0x0000, 0x0000, 0x0000, 0x0000, 0x0000, 0x0000, 0x0000, 0x0000, 0x0000, 0x0000,
    0x0000, 0x0000, 0x0000, 0x0000, 0x0000, 0x0000, 0x0000, 0x0000, 0x0000, 0x0000, 0x0000, 0x0000,
    0x0000, 0x0000, 0x0000, 0x0000, 0x0000, 0x0000, 0x0000, 0x0000, 0x0000, 0x0000, 0x0000, 0x0000,
    0x0000, 0x0000, 0x0000, 0x0000, 0x0000, 0x0000, 0x0000, 0x0000, 0x0000, 0x0000, 0x0000, 0x0000,
    0x0000, 0x0000, 0x0000, 0x0000, 0x0000, 0x0000, 0x0000, 0x0000, 0x0000, 0x0000, 0x0000, 0x0000,
    0x0000, 0x0000, 0x0000, 0x0000, 0x0000, 0x0000, 0x0000, 0x0000, 0x0000, 0x0000, 0x0000, 0x0000,
    0x0000, 0x0000, 0x0000, 0x0000, 0x0000, 0x0000, 0x0000, 0x0000, 0x0000, 0x0000, 0x0000, 0x0000,
    0x0000, 0x0000, 0x0000, 0x0000, 0x0000, 0x0000, 0x0000, 0x0000, 0x0000, 0x0000, 0x0000, 0x0000,
    0x0000, 0x0000, 0x0000, 0x0000, 0x0000, 0x0000, 0x0000, 0x0000, 0x0000, 0x0000, 0x0000, 0x0000,
    0x0000, 0x0000, 0x0000, 0x0000, 0x0000, 0x0000, 0x0000, 0x0000, 0x0000, 0x0000, 0x0000, 0x0000,
    0x0000, 0x0000, 0x0000, 0x0000, 0x0000, 0x0000, 0x0000, 0x0000, 0x0000, 0x0000, 0x0000, 0x0000,
    0x0000, 0x0000, 0x0000, 0x0000, 0x0000, 0x0000, 0x0000, 0x0000, 0x0000, 0x0000, 0x0000, 0x0000,
    0x0000, 0x0000, 0x0000, 0x0000, 0x0000, 0x0000, 0x0000, 0x0000, 0x0000, 0x0000, 0x0000, 0x0000,
    0x0000, 0x0000, 0x0000, 0x0000, 0x0000, 0x0000, 0x0000, 0x0000, 0x0000, 0x0000, 0x0000, 0x0000,
    0x0000, 0x0000, 0x0000, 0x0000, 0x0000, 0x0000, 0x0000, 0x0000, 0x0000, 0x0000, 0x0000, 0x0000,
    0x0000, 0x0000, 0x0000, 0x0000, 0x0000, 0x0000, 0x0000, 0x0000, 0x0000, 0x0000, 0x0000, 0x0000,
    0x0000, 0x0000, 0x0000, 0x0000, 0x0000, 0x0000, 0x0000, 0x0000, 0x0000, 0x0000, 0x0000, 0x0000,
    0x0000, 0x0000, 0x0000, 0x0000, 0x0000, 0x0000, 0x0000, 0x0000, 0x0000, 0x0000, 0x0000, 0x0000,
    0x0000, 0x0000, 0x0000, 0x0000, 0x0000, 0x0000, 0x0000, 0x0000, 0x0000, 0x0000, 0x0000, 0x0000,
    0x0000, 0x0000, 0x0000, 0x0000, 0x0000, 0x4A4D, 0x0000, 0x0000, 0x0000, 0x0000, 0x0000, 0x0000,
    0x0000, 0x0000, 0x0000, 0x0000, 0x0000, 0x0000, 0x0000, 0x0000, 0x0000, 0x0000, 0x0000, 0x0000,
    0x0000, 0x0000, 0x0000, 0x0000, 0x0000, 0x0000, 0x4A4D, 0x0000, 0x0000, 0x0000, 0x0000, 0x0000,
    0x0000, 0x0000, 0x0000, 0x0000, 0x0000, 0x0000, 0x0000, 0x0000, 0x0000, 0x0000, 0x0000, 0x0000,
    0x0000, 0x0000, 0x0000, 0x0000, 0x0000, 0x0000, 0x0000, 0x0000, 0x0000, 0x0000, 0x0000, 0x0000,
    0x0000, 0x0000, 0x0000, 0x0000, 0x0000, 0x0000, 0x0000, 0x0000, 0x0000, 0x0000, 0x0000, 0x0000,
    0x0000, 0x0000, 0x0000, 0x0000, 0x0000, 0x0000, 0x0000, 0x0000, 0x0000, 0x0000, 0x0000, 0x0000,
    0x4A4D, 0x4A4D, 0x4A4D, 0x0000, 0x0000, 0x0000, 0x0000, 0x0000, 0x0000, 0x0000, 0x0000, 0x0000,
    0x0000, 0x0000, 0x0000, 0x0000, 0x0000, 0x0000, 0x0000, 0x0000, 0x0000, 0x0000, 0x0000, 0x0000,
    0x0000, 0x4A4D, 0x4A4D, 0x4A4D, 0x0000, 0x0000, 0x0000, 0x0000, 0x0000, 0x0000, 0x0000, 0x0000,
    0x0000, 0x0000, 0x0000, 0x0000, 0x0000, 0x0000, 0x0000, 0x0000, 0x0000, 0x0000, 0x0000, 0x0000,
    0x0000, 0x0000, 0x0000, 0x0000, 0x0000, 0x0000, 0x0000, 0x0000, 0x0000, 0x0000, 0x0000, 0x0000,
    0x0000, 0x0000, 0x0000, 0x0000, 0x0000, 0x0000, 0x0000, 0x0000, 0x0000, 0x0000, 0x0000, 0x0000,
    0x0000, 0x0000, 0x0000, 0x0000, 0x0000, 0x0000, 0x0000, 0x0000, 0x4A4D, 0x4A4D, 0x4A4D, 0x0000,
    0x0000, 0x0000, 0x0000, 0x0000, 0x0000, 0x0000, 0x0000, 0x0000, 0x4A4D, 0x0000, 0x0000, 0x0000,
    0x0000, 0x0000, 0x0000, 0x0000, 0x0000, 0x0000, 0x0000, 0x0000, 0x0000, 0x4A4D, 0x4A4D, 0x4A4D,
    0x0000, 0x0000, 0x0000, 0x0000, 0x0000, 0x0000, 0x0000, 0x0000, 0x0000, 0x0000, 0x0000, 0x0000,
    0x0000, 0x0000, 0x0000, 0x0000, 0x4A4D, 0x0000, 0x0000, 0x0000, 0x0000, 0x0000, 0x0000, 0x0000,
    0x0000, 0x0000, 0x0000, 0x0000, 0x0000, 0x0000, 0x0000, 0x0000, 0x0000, 0x0000, 0x0000, 0x0000,
    0x0000, 0x0000, 0x0000, 0x0000, 0x0000, 0x0000, 0x0000, 0x0000, 0x0000, 0x0000, 0x0000, 0x0000,
    0x0000, 0x0000, 0x0000, 0x4A4D, 0x4A4D, 0x4A4D, 0x4A4D, 0x4A4D, 0x0000, 0x0000, 0x0000, 0x0000,
    0x0000, 0x0000, 0x0000, 0x4A4D, 0x4A4D, 0x4A4D, 0x0000, 0x0000, 0x0000, 0x0000, 0x0000, 0x0000,
    0x0000, 0x0000, 0x0000, 0x0000, 0x4A4D, 0x4A4D, 0x4A4D, 0x4A4D, 0x4A4D, 0x0000, 0x0000, 0x0000,
    0x0000, 0x0000, 0x0000, 0x0000, 0x0000, 0x0000, 0x0000, 0x0000, 0x0000, 0x0000, 0x0000, 0x4A4D,
    0x4A4D, 0x4A4D, 0x0000, 0x0000, 0x0000, 0x0000, 0x0000, 0x0000, 0x0000, 0x0000, 0x0000, 0x0000,
    0x0000, 0x0000, 0x0000, 0x0000, 0x0000, 0x0000, 0x4A4D, 0x0000, 0x0000, 0x0000, 0x0000, 0x0000,
    0x0000, 0x0000, 0x0000, 0x0000, 0x0000, 0x0000, 0x0000, 0x0000, 0x0000, 0x0000, 0x4A4D, 0x4A4D,
    0x4A4D, 0x2949, 0x4A4D, 0x4A4D, 0x0000, 0x0000, 0x0000, 0x0000, 0x0000, 0x0000, 0x4A4D, 0x4A4D,
    0x4A4D, 0x4A4D, 0x4A4D, 0x0000, 0x0000, 0x0000, 0x0000, 0x0000, 0x0000, 0x0000, 0x0000, 0x4A4D,
    0x4A4D, 0x4A4D, 0x2949, 0x4A4D, 0x4A4D, 0x4A4D, 0x0000, 0x0000, 0x0000, 0x0000, 0x0000, 0x0000,
    0x0000, 0x0000, 0x0000, 0x0000, 0x0000, 0x0000, 0x0000, 0x4A4D, 0x4A4D, 0x4A4D, 0x4A4D, 0x0000,
    0x0000, 0x0000, 0x0000, 0x0000, 0x0000, 0x0000, 0x0000, 0x0000, 0x0000, 0x0000, 0x0000, 0x0000,
    0x0000, 0x4A4D, 0x4A4D, 0x4A4D, 0x0000, 0x0000, 0x0000, 0x0000, 0x0000, 0x0000, 0x0000, 0x0000,
    0x0000, 0x0000, 0x0000, 0x0000, 0x0000, 0x4A4D, 0x4A4D, 0x4A4D, 0x2949, 0x4A4D, 0x4A4D, 0x4A4D,
    0x4A4D, 0x0000, 0x0000, 0x0000, 0x0000, 0x4A4D, 0x4A4D, 0x4A4D, 0x4A4D, 0x4A4D, 0x4A4D, 0x4A4D,
    0x0000, 0x0000, 0x0000, 0x0000, 0x0000, 0x0000, 0x4A4D, 0x4A4D, 0x4A4D, 0x2949, 0x4A4D, 0x4A4D,
    0x4A4D, 0x4A4D, 0x4A4D, 0x0000, 0x0000, 0x0000, 0x0000, 0x0000, 0x0000, 0x0000, 0x0000, 0x0000,
    0x0000, 0x0000, 0x4A4D, 0x4A4D, 0x4A4D, 0x2949, 0x4A4D, 0x4A4D, 0x0000, 0x0000, 0x0000, 0x0000,
    0x0000, 0x0000, 0x0000, 0x0000, 0x0000, 0x0000, 0x0000, 0x0000, 0x4A4D, 0x4A4D, 0x4A4D, 0x4A4D,
    0x4A4D, 0x0000, 0x0000, 0x0000, 0x0000, 0x0000, 0x0000, 0x0000, 0x0000, 0x0000, 0x0000, 0x0000,
    0x4A4D, 0x4A4D, 0x4A4D, 0x2949, 0x4A4D, 0x4A4D, 0x4A4D, 0x4A4D, 0x4A4D, 0x4A4D, 0x0000, 0x0000,
    0x4A4D, 0x4A4D, 0x4A4D, 0x4A4D, 0x2949, 0x4A4D, 0x4A4D, 0x4A4D, 0x4A4D, 0x0000, 0x0000, 0x0000,
    0x0000, 0x4A4D, 0x4A4D, 0x4A4D, 0x2949, 0x4A4D, 0x4A4D, 0x4A4D, 0x4A4D, 0x4A4D, 0x4A4D, 0x4A4D,
    0x0000, 0x0000, 0x0000, 0x0000, 0x0000, 0x0000, 0x0000, 0x0000, 0x0000, 0x4A4D, 0x4A4D, 0x4A4D,
    0x2949, 0x4A4D, 0x4A4D, 0x4A4D, 0x4A4D, 0x0000, 0x0000, 0x0000, 0x0000, 0x0000, 0x0000, 0x0000,
    0x0000, 0x0000, 0x0000, 0x0000, 0x4A4D, 0x4A4D, 0x2949, 0x4A4D, 0x4A4D, 0x4A4D, 0x0000, 0x0000,
    0x0000, 0x0000, 0x0000, 0x0000, 0x0000, 0x0000, 0x0000, 0x4A4D, 0x4A4D, 0x4A4D, 0x2949, 0x4A4D,
    0x4A4D, 0x4A4D, 0x4A4D, 0x4A4D, 0x4A4D, 0x4A4D, 0x4A4D, 0x4A4D, 0x4A4D, 0x4A4D, 0x2949, 0x4A4D,
    0x4A4D, 0x4A4D, 0x4A4D, 0x4A4D, 0x4A4D, 0x4A4D, 0x0000, 0x0000, 0x4A4D, 0x4A4D, 0x2949, 0x4A4D,
    0x4A4D, 0x4A4D, 0x4A4D, 0x4A4D, 0x4A4D, 0x4A4D, 0x4A4D, 0x4A4D, 0x4A4D, 0x0000, 0x0000, 0x0000,
    0x0000, 0x0000, 0x0000, 0x0000, 0x4A4D, 0x4A4D, 0x2949, 0x4A4D, 0x4A4D, 0x4A4D, 0x4A4D, 0x4A4D,
    0x4A4D, 0x4A4D, 0x0000, 0x0000, 0x0000, 0x0000, 0x0000, 0x0000, 0x0000, 0x0000, 0x0000, 0x0000,
    0x4A4D, 0x4A4D, 0x2949, 0x4A4D, 0x4A4D, 0x4A4D, 0x4A4D, 0x0000, 0x0000, 0x0000, 0x0000, 0x0000,
    0x0000, 0x0000, 0x4A4D, 0x4A4D, 0x2949, 0x4A4D, 0x4A4D, 0x4A4D, 0x4A4D, 0x4A4D, 0x4A4D, 0x4A4D,
    0x4A4D, 0x4A4D, 0x4A4D, 0x4A4D, 0x2949, 0x4A4D, 0x4A4D, 0x4A4D, 0x4A4D, 0x4A4D, 0x4A4D, 0x4A4D,
    0x4A4D, 0x4A4D, 0x4A4D, 0x4A4D, 0x4A4D, 0x2949, 0x4A4D, 0x4A4D, 0x4A4D, 0x4A4D, 0x4A4D, 0x4A4D,
    0x4A4D, 0x4A4D, 0x4A4D, 0x4A4D, 0x4A4D, 0x4A4D, 0x0000, 0x0000, 0x0000, 0x0000, 0x0000, 0x4A4D,
    0x2949, 0x4A4D, 0x4A4D, 0x4A4D, 0x4A4D, 0x4A4D, 0x4A4D, 0x4A4D, 0x4A4D, 0x4A4D, 0x4A4D, 0x0000,
    0x0000, 0x0000, 0x0000, 0x0000, 0x0000, 0x0000, 0x0000, 0x0000, 0x4A4D, 0x4A4D, 0x2949, 0x4A4D,
    0x4A4D, 0x4A4D, 0x4A4D, 0x4A4D, 0x0000, 0x0000, 0x0000, 0x0000, 0x0000, 0x4A4D, 0x4A4D, 0x2949,
    0x4A4D, 0x4A4D, 0x4A4D, 0x4A4D, 0x4A4D, 0x4A4D, 0x4A4D, 0x4A4D, 0x4A4D, 0x4A4D, 0x4A4D, 0x2949,
    0x4A4D, 0x4A4D, 0x4A4D, 0x4A4D, 0x4A4D, 0x4A4D, 0x4A4D, 0x4A4D, 0x4A4D, 0x4A4D, 0x4A4D, 0x4A4D,
    0x2949, 0x4A4D, 0x4A4D, 0x4A4D, 0x4A4D, 0x4A4D, 0x4A4D, 0x4A4D, 0x4A4D, 0x4A4D, 0x4A4D, 0x4A4D,
    0x4A4D, 0x4A4D, 0x4A4D, 0x4A4D, 0x0000, 0x4A4D, 0x4A4D, 0x2949, 0x4A4D, 0x4A4D, 0x4A4D, 0x4A4D,
    0x4A4D, 0x4A4D, 0x4A4D, 0x4A4D, 0x4A4D, 0x4A4D, 0x4A4D, 0x4A4D, 0x4A4D, 0x0000, 0x0000, 0x0000,
    0x0000, 0x0000, 0x0000, 0x0000, 0x4A4D, 0x4A4D, 0x2949, 0x4A4D, 0x4A4D, 0x4A4D, 0x4A4D, 0x4A4D,
    0x4A4D, 0x0000, 0x0000, 0x0000, 0x4A4D, 0x4A4D, 0x2949, 0x4A4D, 0x4A4D, 0x4A4D, 0x4A4D, 0x4A4D,
    0x4A4D, 0x4A4D, 0x4A4D, 0x4A4D, 0x4A4D, 0x4A4D, 0x2949, 0x4A4D, 0x4A4D, 0x4A4D, 0x4A4D, 0x4A4D,
    0x4A4D, 0x4A4D, 0x4A4D, 0x4A4D, 0x4A4D, 0x4A4D, 0x4A4D, 0x4A4D, 0x2949, 0x4A4D, 0x4A4D, 0x4A4D,
    0x4A4D, 0x4A4D, 0x4A4D, 0x4A4D, 0x4A4D, 0x4A4D, 0x4A4D, 0x4A4D, 0x4A4D, 0x4A4D, 0x4A4D, 0x4A4D,
    0x4A4D, 0x4A4D, 0x2949, 0x4A4D, 0x4A4D, 0x4A4D, 0x4A4D, 0x4A4D, 0x4A4D, 0x4A4D, 0x4A4D, 0x4A4D,
    0x4A4D, 0x4A4D, 0x4A4D, 0x4A4D, 0x4A4D, 0x4A4D, 0x0000, 0x0000, 0x0000, 0x0000, 0x0000, 0x0000,
    0x4A4D, 0x4A4D, 0x2949, 0x4A4D, 0x4A4D, 0x4A4D, 0x4A4D, 0x4A4D, 0x4A4D, 0x4A4D, 0x4A4D, 0x4A4D,
    0x4A4D, 0x2949, 0x4A4D, 0x4A4D, 0x4A4D, 0x4A4D, 0x4A4D, 0x4A4D, 0x4A4D, 0x4A4D, 0x4A4D, 0x4A4D,
    0x4A4D, 0x4A4D, 0x2949, 0x4A4D, 0x4A4D, 0x4A4D, 0x4A4D, 0x4A4D, 0x4A4D, 0x4A4D, 0x4A4D, 0x4A4D,
    0x4A4D, 0x4A4D, 0x4A4D, 0x4A4D, 0x2949, 0x4A4D, 0x4A4D, 0x4A4D, 0x4A4D, 0x4A4D, 0x4A4D, 0x4A4D,
    0x4A4D, 0x4A4D, 0x4A4D, 0x4A4D, 0x4A4D, 0x4A4D, 0x4A4D, 0x4A4D, 0x4A4D, 0x2949, 0x4A4D, 0x4A4D,
    0x4A4D, 0x4A4D, 0x4A4D, 0x4A4D, 0x4A4D, 0x4A4D, 0x4A4D, 0x4A4D, 0x4A4D, 0x4A4D, 0x4A4D, 0x4A4D,
    0x4A4D, 0x4A4D, 0x4A4D, 0x4A4D, 0x0000, 0x0000, 0x0000, 0x0000, 0x2949, 0x2949, 0x2949, 0x2949,
    0x2949, 0x2949, 0x2949, 0x2949, 0x2949, 0x2949, 0x2949, 0x2949, 0x2949, 0x2949, 0x2949, 0x2949,
    0x2949, 0x2949, 0x2949, 0x2949, 0x2949, 0x2949, 0x2949, 0x2949, 0x2949, 0x2949, 0x2949, 0x2949,
    0x2949, 0x2949, 0x2949, 0x2949, 0x2949, 0x2949, 0x2949, 0x2949, 0x2949, 0x2949, 0x2949, 0x2949,
    0x2949, 0x2949, 0x2949, 0x2949, 0x2949, 0x2949, 0x2949, 0x2949, 0x2949, 0x2949, 0x2949, 0x2949,
    0x2949, 0x2949, 0x2949, 0x2949, 0x2949, 0x2949, 0x2949, 0x2949, 0x2949, 0x2949, 0x2949, 0x2949,
    0x2949, 0x2949, 0x2949, 0x2949, 0x2949, 0x2949, 0x2949, 0x2949, 0x2949, 0x2949, 0x2949, 0x2949,
    0x2949, 0x2949, 0x2949, 0x2949, 0x2949, 0x2949, 0x2949, 0x2949, 0x2949, 0x2949, 0x2949, 0x2949,
    0x2949, 0x2949, 0x2949, 0x2949, 0x2949, 0x2949, 0x2949, 0x2949, 0x2949, 0x2949, 0x2949, 0x2949,
    0x2949, 0x2949, 0x2949, 0x2949, 0x2949, 0x2949, 0x2949, 0x2949, 0x2949, 0x2949, 0x2949, 0x2949,
    0x2949, 0x2949, 0x2949, 0x2949, 0x2949, 0x2949, 0x2949, 0x2949, 0x2949, 0x2949, 0x2949, 0x2949,
    0x2949, 0x2949, 0x2949, 0x2949, 0x2949, 0x2949, 0x2949, 0x2949, 0x2949, 0x2949, 0x2949, 0x2949,
    0x2949, 0x2949, 0x2949, 0x2949, 0x2949, 0x2949, 0x2949, 0x2949, 0x2949, 0x2949, 0x2949, 0x2949,
    0x2949, 0x2949, 0x2949, 0x2949, 0x2949, 0x2949, 0x2949, 0x2949, 0x2949, 0x2949, 0x2949, 0x2949,
    0x2949, 0x2949, 0x2949, 0x2949, 0x2949, 0x2949, 0x2949, 0x2949, 0x2949, 0x2949, 0x2949, 0x2949,
    0x2949, 0x2949, 0x2949, 0x2949, 0x2949, 0x2949, 0x2949, 0x2949, 0x2949, 0x2949, 0x2949, 0x2949,
    0x2949, 0x2949, 0x2949, 0x2949, 0x2949, 0x2949, 0x2949, 0x2949, 0x2949, 0x2949, 0x2949, 0x2949,
    0x2949, 0x2949, 0x2949, 0x2949, 0x2949, 0x2949, 0x2949, 0x2949, 0x2949, 0x2949, 0x2949, 0x2949,
    0x2949, 0x2949, 0x2949, 0x2949, 0x2949, 0x2949, 0x2949, 0x2949, 0x2949, 0x2949, 0x2949, 0x2949,
    0x2949, 0x2949, 0x2949, 0x2949, 0x2949, 0x2949, 0x2949, 0x2949, 0x2949, 0x2949, 0x2949, 0x2949,
    0x2949, 0x2949, 0x2949, 0x2949, 0x2949, 0x2949, 0x2949, 0x2949, 0x2949, 0x2949, 0x2949, 0x2949,
    0x2949, 0x2949, 0x2949, 0x2949, 0x2949, 0x2949, 0x2949, 0x2949, 0x2949, 0x2949, 0x2949, 0x2949,
    0x2949, 0x2949, 0x2949, 0x2949, 0x2949, 0x2949, 0x2949, 0x2949, 0x2949, 0x2949, 0x2949, 0x2949,
    0x2949, 0x2949, 0x2949, 0x2949, 0x2949, 0x2949, 0x2949, 0x2949, 0x2949, 0x2949, 0x2949, 0x2949,
    0x2949, 0x2949, 0x2949, 0x2949, 0x2949, 0x2949, 0x2949, 0x2949, 0x2949, 0x2949, 0x2949, 0x2949,
    0x2949, 0x2949, 0x2949, 0x2949, 0x2949, 0x2949, 0x2949, 0x2949, 0x2949, 0x2949, 0x2949, 0x2949,
    0x2949, 0x2949, 0x2949, 0x2949, 0x2949, 0x2949, 0x2949, 0x2949, 0x2949, 0x2949, 0x2949, 0x2949,
    0x2949, 0x2949, 0x2949, 0x2949, 0x2949, 0x2949, 0x2949, 0x2949, 0x2949, 0x2949, 0x2949, 0x2949,
    0x2949, 0x2949, 0x2949, 0x2949, 0x2949, 0x2949, 0x2949, 0x2949, 0x2949, 0x2949, 0x2949, 0x2949,
    0x2949, 0x2949, 0x2949, 0x2949, 0x2949, 0x2949, 0x2949, 0x2949, 0x2949, 0x2949, 0x2949, 0x2949,
    0x2949, 0x2949, 0x2949, 0x2949, 0x2949, 0x2949, 0x2949, 0x2949, 0x2949, 0x2949, 0x2949, 0x2949,
    0x2949, 0x2949, 0x2949, 0x2949, 0x2949, 0x2949, 0x2949, 0x2949, 0x2949, 0x2949, 0x2949, 0x2949,
    0x2949, 0x2949, 0x2949, 0x2949, 0x2949, 0x2949, 0x2949, 0x2949, 0x2949, 0x2949, 0x2949, 0x2949,
    0x2949, 0x2949, 0x2949, 0x2949, 0x2949, 0x2949, 0x2949, 0x2949, 0x2949, 0x2949, 0x2949, 0x2949,
    0x2949, 0x2949, 0x2949, 0x2949, 0x2949, 0x2949, 0x2949, 0x2949, 0x2949, 0x2949, 0x2949, 0x2949,
    0x2949, 0x2949, 0x2949, 0x2949, 0x2949, 0x2949, 0x2949, 0x2949, 0x2949, 0x2949, 0x2949, 0x2949,
    0x2949, 0x2949, 0x2949, 0x2949, 0x2949, 0x2949, 0x2949, 0x2949, 0x2949, 0x2949, 0x2949, 0x2949,
    0x2949, 0x2949, 0x2949, 0x2949, 0x2949, 0x2949, 0x2949, 0x2949, 0x2949, 0x2949, 0x2949, 0x2949,
    0x2949, 0x2949, 0x2949, 0x2949, 0x2949, 0x2949, 0x2949, 0x2949, 0x2949, 0x2949, 0x2949, 0x2949,
    0x2949, 0x2949, 0x2949, 0x2949, 0x2949, 0x2949, 0x2949, 0x2949, 0x2949, 0x2949, 0x2949, 0x2949,
    0x2949, 0x2949, 0x2949, 0x2949, 0x2949, 0x2949, 0x2949, 0x2949, 0x2949, 0x2949, 0x2949, 0x2949,
    0x2949, 0x2949, 0x2949, 0x2949, 0x2949, 0x2949, 0x2949, 0x2949, 0x2949, 0x2949, 0x2949, 0x2949,
    0x2949, 0x2949, 0x2949, 0x2949, 0x2949, 0x2949, 0x2949, 0x2949, 0x2949, 0x2949, 0x2949, 0x2949,
    0x2949, 0x2949, 0x2949, 0x2949, 0x2949, 0x2949, 0x2949, 0x2949, 0x2949, 0x2949, 0x2949, 0x2949,
    0x2949, 0x2949, 0x2949, 0x2949, 0x2949, 0x2949, 0x2949, 0x2949, 0x2949, 0x2949, 0x2949, 0x2949,
    0x2949, 0x2949, 0x2949, 0x2949, 0x2949, 0x2949, 0x2949, 0x2949, 0x2949, 0x2949, 0x2949, 0x2949,
    0x2949, 0x2949, 0x2949, 0x2949, 0x2949, 0x2949, 0x2949, 0x2949, 0x2949, 0x2949, 0x2949, 0x2949,
    0x2949, 0x2949, 0x2949, 0x2949, 0x2949, 0x2949, 0x2949, 0x2949, 0x2949, 0x2949, 0x2949, 0x2949,
    0x2949, 0x2949, 0x2949, 0x2949, 0x2949, 0x2949, 0x2949, 0x2949, 0x2949, 0x2949, 0x2949, 0x2949,
    0x2949, 0x2949, 0x2949, 0x2949, 0x2949, 0x2949, 0x2949, 0x2949, 0x2949, 0x2949, 0x2949, 0x2949,
    0x2949, 0x2949, 0x2949, 0x2949, 0x2949, 0x2949, 0x2949, 0x2949, 0x2949, 0x2949, 0x2949, 0x2949,
    0x2949, 0x2949, 0x2949, 0x2949, 0x2949, 0x2949, 0x2949, 0x2949, 0x2949, 0x2949, 0x2949, 0x2949,
    0x2949, 0x2949, 0x2949, 0x2949, 0x2949, 0x2949, 0x2949, 0x2949, 0x2949, 0x2949, 0x2949, 0x2949,
    0x2949, 0x2949, 0x2949, 0x2949, 0x2949, 0x2949, 0x2949, 0x2949, 0x2949, 0x2949, 0x2949, 0x2949,
    0x2949, 0x2949, 0x2949, 0x2949, 0x2949, 0x2949, 0x2949, 0x2949, 0x2949, 0x2949, 0x2949, 0x2949,
    0x2949, 0x2949, 0x2949, 0x2949, 0x2949, 0x2949, 0x2949, 0x2949, 0x2949, 0x2949, 0x2949, 0x2949,
    0x2949, 0x2949, 0x2949, 0x2949, 0x2949, 0x2949, 0x2949, 0x2949, 0x2949, 0x2949, 0x2949, 0x2949,
    0x2949, 0x2949, 0x2949, 0x2949, 0x2949, 0x2949, 0x2949, 0x2949, 0x2949, 0x2949, 0x2949, 0x2949,
    0x2949, 0x2949, 0x2949, 0x2949, 0x2949, 0x2949, 0x2949, 0x2949, 0x2949, 0x2949, 0x2949, 0x2949,
    0x2949, 0x2949, 0x2949, 0x2949, 0x2949, 0x2949, 0x2949, 0x2949, 0x2949, 0x2949, 0x2949, 0x2949,
    0x2949, 0x2949, 0x2949, 0x2949, 0x2949, 0x2949, 0x2949, 0x2949, 0x2949, 0x2949, 0x2949, 0x2949,
    0x2949, 0x2949, 0x2949, 0x2949, 0x2949, 0x2949, 0x2949, 0x2949, 0x2949, 0x2949, 0x2949, 0x2949,
    0x2949, 0x2949, 0x2949, 0x2949, 0x2949, 0x2949, 0x2949, 0x2949, 0x2949, 0x2949, 0x2949, 0x2949,
    0x2949, 0x2949, 0x2949, 0x2949, 0x2949, 0x2949, 0x2949, 0x2949, 0x2949, 0x2949, 0x2949, 0x2949,
    0x2949, 0x2949, 0x2949, 0x2949, 0x2949, 0x2949, 0x2949, 0x2949, 0x2949, 0x2949, 0x2949, 0x2949,
    0x2949, 0x2949, 0x2949, 0x2949, 0x2949, 0x2949, 0x2949, 0x2949, 0x2949, 0x2949, 0x2949, 0x2949,
    0x2949, 0x2949, 0x2949, 0x2949, 0x2949, 0x2949, 0x2949, 0x2949, 0x2949, 0x2949, 0x2949, 0x2949,
    0x2949, 0x2949, 0x2949, 0x2949, 0x2949, 0x2949, 0x2949, 0x2949, 0x2949, 0x2949, 0x2949, 0x2949,
    0x2949, 0x2949, 0x2949, 0x2949, 0x2949, 0x2949, 0x2949, 0x2949, 0x2949, 0x2949, 0x2949, 0x2949,
    0x2949, 0x2949, 0x2949, 0x2949, 0x2949, 0x2949, 0x2949, 0x2949, 0x2949, 0x2949, 0x2949, 0x2949,
    0x2949, 0x2949, 0x2949, 0x2949, 0x2949, 0x2949, 0x2949, 0x2949, 0x2949, 0x2949, 0x2949, 0x2949,
    0x2949, 0x2949, 0x2949, 0x2949, 0x2949, 0x2949, 0x2949, 0x2949, 0x2949, 0x2949, 0x2949, 0x2949,
    0x2949, 0x2949, 0x2949, 0x2949, 0x2949, 0x2949, 0x2949, 0x2949, 0x2949, 0x2949, 0x2949, 0x2949,
    0x2949, 0x2949, 0x2949, 0x2949, 0x2949, 0x2949, 0x2949, 0x2949, 0x2949, 0x2949, 0x2949, 0x2949,
    0x2949, 0x2949, 0x2949, 0x2949, 0x2949, 0x2949, 0x2949, 0x2949, 0x2949, 0x2949, 0x2949, 0x2949,
    0x2949, 0x2949, 0x2949, 0x2949, 0x2949, 0x2949, 0x2949, 0x2949, 0x2949, 0x2949, 0x2949, 0x2949,
    0x2949, 0x2949, 0x2949, 0x2949, 0x2949, 0x2949, 0x2949, 0x2949, 0x2949, 0x2949, 0x2949, 0x2949,
    0x2949, 0x2949, 0x2949, 0x2949, 0x2949, 0x2949, 0x2949, 0x2949, 0x2949, 0x2949, 0x2949, 0x2949,
    0x2949, 0x2949, 0x2949, 0x2949, 0x2949, 0x2949, 0x2949, 0x2949, 0x2949, 0x2949, 0x2949, 0x2949,
    0x2949, 0x2949, 0x2949, 0x2949, 0x2949, 0x2949, 0x2949, 0x2949, 0x2949, 0x2949, 0x2949, 0x2949,
    0x2949, 0x2949, 0x2949, 0x2949, 0x2949, 0x2949, 0x2949, 0x2949, 0x2949, 0x2949, 0x2949, 0x2949,
    0x2949, 0x2949, 0x2949, 0x2949, 0x2949, 0x2949, 0x2949, 0x2949, 0x2949, 0x2949, 0x2949, 0x2949,
    0x2949, 0x2949, 0x2949, 0x2949, 0x2949, 0x2949, 0x2949, 0x2949, 0x2949, 0x2949, 0x2949, 0x2949,
    0x2949, 0x2949, 0x2949, 0x2949, 0x2949, 0x2949, 0x2949, 0x2949, 0x2949, 0x2949, 0x2949, 0x2949,
    0x2949, 0x2949, 0x2949, 0x2949, 0x2949, 0x2949, 0x2949, 0x2949, 0x2949, 0x2949, 0x2949, 0x2949,
    0x2949, 0x2949, 0x2949, 0x2949, 0x2949, 0x2949, 0x2949, 0x2949, 0x2949, 0x2949, 0x2949, 0x2949,
    0x2949, 0x2949, 0x2949, 0x2949, 0x2949, 0x2949, 0x2949, 0x2949, 0x2949, 0x2949, 0x2949, 0x2949,
    0x2949, 0x2949, 0x2949, 0x2949, 0x2949, 0x2949, 0x2949, 0x2949, 0x2949, 0x2949, 0x2949, 0x2949,
    0x2949, 0x2949, 0x2949, 0x2949, 0x2949, 0x2949, 0x2949, 0x2949, 0x2949, 0x2949, 0x2949, 0x2949,
    0x2949, 0x2949, 0x2949, 0x2949, 0x2949, 0x2949, 0x2949, 0x2949, 0x2949, 0x2949, 0x2949, 0x2949,
    0x2949, 0x2949, 0x2949, 0x2949, 0x2949, 0x2949, 0x2949, 0x2949, 0x2949, 0x2949, 0x2949, 0x2949,
    0x2949, 0x2949, 0x2949, 0x2949, 0x2949, 0x2949, 0x2949, 0x2949, 0x2949, 0x2949, 0x2949, 0x2949,
    0x2949, 0x2949, 0x2949, 0x2949, 0x2949, 0x2949, 0x2949, 0x2949, 0x2949, 0x2949, 0x2949, 0x2949,
    0x2949, 0x2949, 0x2949, 0x2949, 0x2949, 0x2949, 0x2949, 0x2949, 0x2949, 0x2949, 0x2949, 0x2949,
    0x2949, 0x2949, 0x2949, 0x2949, 0x2949, 0x2949, 0x2949, 0x2949, 0x2949, 0x2949, 0x2949, 0x2949,
    0x2949, 0x2949, 0x2949, 0x2949, 0x2949, 0x2949, 0x2949, 0x2949, 0x2949, 0x2949, 0x2949, 0x2949,
    0x2949, 0x2949, 0x2949, 0x2949, 0x2949, 0x2949, 0x2949, 0x2949, 0x2949, 0x2949, 0x2949, 0x2949,
    0x2949, 0x2949, 0x2949, 0x2949, 0x2949, 0x2949, 0x2949, 0x2949, 0x2949, 0x2949, 0x2949, 0x2949,
    0x2949, 0x2949, 0x2949, 0x2949, 0x2949, 0x2949, 0x2949, 0x2949, 0x2949, 0x2949, 0x2949, 0x2949,
    0x2949, 0x2949, 0x2949, 0x2949, 0x2949, 0x2949, 0x2949, 0x2949, 0x2949, 0x2949, 0x2949, 0x2949,
    0x2949, 0x2949, 0x2949, 0x2949, 0x2949, 0x2949, 0x2949, 0x2949, 0x2949, 0x2949, 0x2949, 0x2949,
    0x2949, 0x2949, 0x2949, 0x2949, 0x2949, 0x2949, 0x2949, 0x2949, 0x2949, 0x2949, 0x2949, 0x2949,
    0x2949, 0x2949, 0x2949, 0x2949, 0x2949, 0x2949, 0x2949, 0x2949, 0x2949, 0x2949, 0x2949, 0x2949,
    0x2949, 0x2949, 0x2949, 0x2949, 0x2949, 0x2949, 0x2949, 0x2949, 0x2949, 0x2949, 0x2949, 0x2949,
    0x2949, 0x2949, 0x2949, 0x2949, 0x2949, 0x2949, 0x2949, 0x2949, 0x2949, 0x2949, 0x2949, 0x2949,
    0x2949, 0x2949, 0x2949, 0x2949, 0x2949, 0x2949, 0x2949, 0x2949, 0x2949, 0x2949, 0x2949, 0x2949,
    0x2949, 0x2949, 0x2949, 0x2949, 0x2949, 0x2949, 0x2949, 0x2949, 0x2949, 0x2949, 0x2949, 0x2949,
    0x2949, 0x2949, 0x2949, 0x2949,
};

// 1bpp opacity mask, MSB-first, 10 byte(s) per row; bit set = opaque.
inline constexpr uint8_t kSpriteMountainMask[320] = {
    0x00, 0x00, 0x00, 0x00, 0x00, 0x00, 0x00, 0x00, 0x00, 0x00, 0x00, 0x00, 0x00, 0x00, 0x00, 0x00,
    0x00, 0x00, 0x00, 0x00, 0x00, 0x00, 0x00, 0x00, 0x00, 0x00, 0x00, 0x00, 0x00, 0x00, 0x00, 0x00,
    0x00, 0x00, 0x00, 0x00, 0x00, 0x00, 0x00, 0x00, 0x00, 0x00, 0x04, 0x00, 0x00, 0x02, 0x00, 0x00,
    0x00, 0x00, 0x00, 0x00, 0x0E, 0x00, 0x00, 0x07, 0x00, 0x00, 0x00, 0x00, 0x00, 0x00, 0x0E, 0x00,
    0x80, 0x07, 0x00, 0x00, 0x80, 0x00, 0x00, 0x00, 0x1F, 0x01, 0xC0, 0x0F, 0x80, 0x01, 0xC0, 0x00,
    0x20, 0x00, 0x3F, 0x03, 0xE0, 0x1F, 0xC0, 0x01, 0xE0, 0x00, 0x70, 0x00, 0x7F, 0x87, 0xF0, 0x3F,
    0xE0, 0x03, 0xF0, 0x00, 0xF8, 0x00, 0xFF, 0xCF, 0xF8, 0x7F, 0xF0, 0x07, 0xF8, 0x00, 0xFC, 0x01,
    0xFF, 0xFF, 0xFC, 0xFF, 0xF8, 0x0F, 0xFC, 0x00, 0xFE, 0x03, 0xFF, 0xFF, 0xFF, 0xFF, 0xFC, 0x1F,
    0xFE, 0x00, 0xFF, 0x07, 0xFF, 0xFF, 0xFF, 0xFF, 0xFF, 0x7F, 0xFF, 0x80, 0xFF, 0x8F, 0xFF, 0xFF,
    0xFF, 0xFF, 0xFF, 0xFF, 0xFF, 0xC0, 0xFF, 0xFF, 0xFF, 0xFF, 0xFF, 0xFF, 0xFF, 0xFF, 0xFF, 0xF0,
    0xFF, 0xFF, 0xFF, 0xFF, 0xFF, 0xFF, 0xFF, 0xFF, 0xFF, 0xFF, 0xFF, 0xFF, 0xFF, 0xFF, 0xFF, 0xFF,
    0xFF, 0xFF, 0xFF, 0xFF, 0xFF, 0xFF, 0xFF, 0xFF, 0xFF, 0xFF, 0xFF, 0xFF, 0xFF, 0xFF, 0xFF, 0xFF,
    0xFF, 0xFF, 0xFF, 0xFF, 0xFF, 0xFF, 0xFF, 0xFF, 0xFF, 0xFF, 0xFF, 0xFF, 0xFF, 0xFF, 0xFF, 0xFF,
    0xFF, 0xFF, 0xFF, 0xFF, 0xFF, 0xFF, 0xFF, 0xFF, 0xFF, 0xFF, 0xFF, 0xFF, 0xFF, 0xFF, 0xFF, 0xFF,
    0xFF, 0xFF, 0xFF, 0xFF, 0xFF, 0xFF, 0xFF, 0xFF, 0xFF, 0xFF, 0xFF, 0xFF, 0xFF, 0xFF, 0xFF, 0xFF,
    0xFF, 0xFF, 0xFF, 0xFF, 0xFF, 0xFF, 0xFF, 0xFF, 0xFF, 0xFF, 0xFF, 0xFF, 0xFF, 0xFF, 0xFF, 0xFF,
    0xFF, 0xFF, 0xFF, 0xFF, 0xFF, 0xFF, 0xFF, 0xFF, 0xFF, 0xFF, 0xFF, 0xFF, 0xFF, 0xFF, 0xFF, 0xFF,
    0xFF, 0xFF, 0xFF, 0xFF, 0xFF, 0xFF, 0xFF, 0xFF, 0xFF, 0xFF, 0xFF, 0xFF, 0xFF, 0xFF, 0xFF, 0xFF,
    0xFF, 0xFF, 0xFF, 0xFF, 0xFF, 0xFF, 0xFF, 0xFF, 0xFF, 0xFF, 0xFF, 0xFF, 0xFF, 0xFF, 0xFF, 0xFF,
    0xFF, 0xFF, 0xFF, 0xFF, 0xFF, 0xFF, 0xFF, 0xFF, 0xFF, 0xFF, 0xFF, 0xFF, 0xFF, 0xFF, 0xFF, 0xFF,
};

// tree: 1 frame(s) of 16x24, sheet 16x24.
// RGB565, row-major, sheetWidth * frameHeight; 0x0000 where the mask bit is clear.
inline constexpr uint16_t kSpriteTreePixels[384] = {
    0x0000, 0x0000, 0x0000, 0x0000, 0x0000, 0x0000, 0x0000, 0x3D4A, 0x3D4A, 0x3D4A, 0x0000, 0x0000,
    0x0000, 0x0000, 0x0000, 0x0000, 0x0000, 0x0000, 0x0000, 0x0000, 0x0000, 0x0000, 0x3D4A, 0x1B65,
    0x1B65, 0x1B65, 0x3D4A, 0x0000, 0x0000, 0x0000, 0x0000, 0x0000, 0x0000, 0x0000, 0x0000, 0x0000,
    0x0000, 0x3D4A, 0x1B65, 0x1B65, 0x1B65, 0x1B65, 0x1B65, 0x3D4A, 0x0000, 0x0000, 0x0000, 0x0000,
    0x0000, 0x0000, 0x0000, 0x0000, 0x3D4A, 0x1B65, 0x1B65, 0x1B65, 0x3D4A, 0x1B65, 0x1B65, 0x1B65,
    0x3D4A, 0x0000, 0x0000, 0x0000, 0x0000, 0x0000, 0x0000, 0x0000, 0x3D4A, 0x1B65, 0x1B65, 0x1B65,
    0x1B65, 0x1B65, 0x1B65, 0x1B65, 0x3D4A, 0x0000, 0x0000, 0x0000, 0x0000, 0x0000, 0x0000, 0x3D4A,
    0x1B65, 0x1B65, 0x1B65, 0x3D4A, 0x1B65, 0x1B65, 0x1B65, 0x1B65, 0x1B65, 0x3D4A, 0x0000, 0x0000,
    0x0000, 0x0000, 0x0000, 0x3D4A, 0x1B65, 0x1B65, 0x1B65, 0x1B65, 0x1B65, 0x1B65, 0x1B65, 0x1B65,
    0x1B65, 0x3D4A, 0x0000, 0x0000, 0x0000, 0x0000, 0x0000, 0x3D4A, 0x1B65, 0x1B65, 0x1B65, 0x1B65,
    0x1B65, 0x1B65, 0x1B65, 0x1B65, 0x1B65, 0x3D4A, 0x0000, 0x0000, 0x0000, 0x0000, 0x0000, 0x0000,
    0x3D4A, 0x1B65, 0x1B65, 0x1B65, 0x1B65, 0x1B65, 0x1B65, 0x1B65, 0x3D4A, 0x0000, 0x0000, 0x0000,
    0x0000, 0x0000, 0x0000, 0x0000, 0x3D4A, 0x1B65, 0x1B65, 0x1B65, 0x3D4A, 0x1B65, 0x1B65, 0x1B65,
    0x3D4A, 0x0000, 0x0000, 0x0000, 0x0000, 0x0000, 0x0000, 0x0000, 0x0000, 0x3D4A, 0x1B65, 0x1B65,
    0x1B65, 0x1B65, 0x1B65, 0x3D4A, 0x0000, 0x0000, 0x0000, 0x0000, 0x0000, 0x0000, 0x0000, 0x0000,
    0x0000, 0x0000, 0x3D4A, 0x1B65, 0x1B65, 0x1B65, 0x3D4A, 0x0000, 0x0000, 0x0000, 0x0000, 0x0000,
    0x0000, 0x0000, 0x0000, 0x0000, 0x0000, 0x0000, 0x0000, 0x6A66, 0x6A66, 0x6A66, 0x0000, 0x0000,
    0x0000, 0x0000, 0x0000, 0x0000, 0x0000, 0x0000, 0x0000, 0x0000, 0x0000, 0x0000, 0x0000, 0x6A66,
    0x6A66, 0x6A66, 0x0000, 0x0000, 0x0000, 0x0000, 0x0000, 0x0000, 0x0000, 0x0000, 0x0000, 0x0000,
    0x0000, 0x0000, 0x0000, 0x6A66, 0x8B49, 0x6A66, 0x0000, 0x0000, 0x0000, 0x0000, 0x0000, 0x0000,
    0x0000, 0x0000, 0x0000, 0x0000, 0x0000, 0x0000, 0x0000, 0x6A66, 0x6A66, 0x6A66, 0x0000, 0x0000,
    0x0000, 0x0000, 0x0000, 0x0000, 0x0000, 0x0000, 0x0000, 0x0000, 0x0000, 0x0000, 0x0000, 0x6A66,
    0x8B49, 0x6A66, 0x0000, 0x0000, 0x0000, 0x0000, 0x0000, 0x0000, 0x0000, 0x0000, 0x0000, 0x0000,
    0x0000, 0x0000, 0x0000, 0x6A66, 0x6A66, 0x6A66, 0x0000, 0x0000, 0x0000, 0x0000, 0x0000, 0x0000,
    0x0000, 0x0000, 0x0000, 0x0000, 0x0000, 0x0000, 0x0000, 0x6A66, 0x8B49, 0x6A66, 0x0000, 0x0000,
    0x0000, 0x0000, 0x0000, 0x0000, 0x0000, 0x0000, 0x0000, 0x0000, 0x0000, 0x0000, 0x0000, 0x6A66,
    0x6A66, 0x6A66, 0x0000, 0x0000, 0x0000, 0x0000, 0x0000, 0x0000, 0x0000, 0x0000, 0x0000, 0x0000,
    0x0000, 0x0000, 0x6A66, 0x6A66, 0x6A66, 0x6A66, 0x6A66, 0x0000, 0x0000, 0x0000, 0x0000, 0x0000,
    0x0000, 0x0000, 0x0000, 0x0000, 0x0000, 0x6A66, 0x6A66, 0x6A66, 0x8B49, 0x6A66, 0x6A66, 0x6A66,
    0x0000, 0x0000, 0x0000, 0x0000, 0x0000, 0x0000, 0x0000, 0x0000, 0x6A66, 0x6A66, 0x6A66, 0x8B49,
    0x6A66, 0x8B49, 0x6A66, 0x6A66, 0x6A66, 0x0000, 0x0000, 0x0000, 0x0000, 0x0000, 0x0000, 0x6A66,
    0x6A66, 0x6A66, 0x8B49, 0x6A66, 0x8B49, 0x6A66, 0x8B49, 0x6A66, 0x6A66, 0x6A66, 0x0000, 0x0000,
};

// 1bpp opacity mask, MSB-first, 2 byte(s) per row; bit set = opaque.
inline constexpr uint8_t kSpriteTreeMask[48] = {
    0x01, 0xC0, 0x03, 0xE0, 0x07, 0xF0, 0x0F, 0xF8, 0x0F, 0xF8, 0x1F, 0xFC, 0x1F, 0xFC, 0x1F, 0xFC,
    0x0F, 0xF8, 0x0F, 0xF8, 0x07, 0xF0, 0x03, 0xE0, 0x01, 0xC0, 0x01, 0xC0, 0x01, 0xC0, 0x01, 0xC0,
    0x01, 0xC0, 0x01, 0xC0, 0x01, 0xC0, 0x01, 0xC0, 0x03, 0xE0, 0x07, 0xF0, 0x0F, 0xF8, 0x1F, 0xFC,
};

// bush: 1 frame(s) of 12x10, sheet 12x10.
// RGB565, row-major, sheetWidth * frameHeight; 0x0000 where the mask bit is clear.
inline constexpr uint16_t kSpriteBushPixels[120] = {
    0x0000, 0x0000, 0x0000, 0x0000, 0x3D4A, 0x3D4A, 0x3D4A, 0x3D4A, 0x0000, 0x0000, 0x0000, 0x0000,
    0x0000, 0x0000, 0x0000, 0x3D4A, 0x1B65, 0x3D4A, 0x3D4A, 0x1B65, 0x3D4A, 0x0000, 0x0000, 0x0000,
    0x0000, 0x0000, 0x3D4A, 0x1B65, 0x1B65, 0x3D4A, 0x3D4A, 0x1B65, 0x1B65, 0x3D4A, 0x0000, 0x0000,
    0x0000, 0x3D4A, 0x1B65, 0x1B65, 0x3D4A, 0x3D4A, 0x3D4A, 0x3D4A, 0x1B65, 0x1B65, 0x3D4A, 0x0000,
    0x3D4A, 0x1B65, 0x1B65, 0x3D4A, 0x3D4A, 0x1B65, 0x3D4A, 0x3D4A, 0x3D4A, 0x1B65, 0x1B65, 0x3D4A,
    0x3D4A, 0x1B65, 0x1B65, 0x3D4A, 0x3D4A, 0x3D4A, 0x1B65, 0x3D4A, 0x3D4A, 0x1B65, 0x1B65, 0x3D4A,
    0x3D4A, 0x1B65, 0x3D4A, 0x3D4A, 0x1B65, 0x3D4A, 0x3D4A, 0x3D4A, 0x3D4A, 0x3D4A, 0x1B65, 0x3D4A,
    0x0000, 0x3D4A, 0x1B65, 0x3D4A, 0x3D4A, 0x3D4A, 0x3D4A, 0x3D4A, 0x3D4A, 0x1B65, 0x3D4A, 0x0000,
    0x0000, 0x0000, 0x3D4A, 0x1B65, 0x3D4A, 0x3D4A, 0x3D4A, 0x3D4A, 0x1B65, 0x3D4A, 0x0000, 0x0000,
    0x0000, 0x0000, 0x0000, 0x3D4A, 0x3D4A, 0x1B65, 0x1B65, 0x3D4A, 0x3D4A, 0x0000, 0x0000, 0x0000,
};

// 1bpp opacity mask, MSB-first, 2 byte(s) per row; bit set = opaque.
inline constexpr uint8_t kSpriteBushMask[20] = {
    0x0F, 0x00, 0x1F, 0x80, 0x3F, 0xC0, 0x7F, 0xE0, 0xFF, 0xF0, 0xFF, 0xF0, 0xFF, 0xF0, 0x7F, 0xE0,
    0x3F, 0xC0, 0x1F, 0x80,
};

// garage: 1 frame(s) of 56x40, sheet 56x40.
// RGB565, row-major, sheetWidth * frameHeight; 0x0000 where the mask bit is clear.
inline constexpr uint16_t kSpriteGaragePixels[2240] = {
    0x0000, 0x0000, 0x0000, 0x0000, 0x0000, 0x0000, 0x0000, 0x0000, 0x0000, 0x0000, 0x0000, 0x0000,
    0x0000, 0x0000, 0x0000, 0x0000, 0x0000, 0x0000, 0x0000, 0x0000, 0x0000, 0x0000, 0x0000, 0x0000,
    0x0000, 0x0000, 0x0000, 0x0000, 0x0000, 0x0000, 0x0000, 0x0000, 0x0000, 0x0000, 0x0000, 0x0000,
    0x0000, 0x0000, 0x0000, 0x0000, 0x0000, 0x0000, 0x0000, 0x0000, 0x0000, 0x0000, 0x0000, 0x0000,
    0x0000, 0x0000, 0x0000, 0x0000, 0x0000, 0x0000, 0x0000, 0x0000, 0x0000, 0x0000, 0x0000, 0x0000,
    0x0000, 0x0000, 0x0000, 0x0000, 0x0000, 0x0000, 0x0000, 0x0000, 0x0000, 0x0000, 0x0000, 0x0000,
    0x0000, 0x0000, 0x0000, 0x0000, 0x0000, 0x0000, 0x0000, 0x0000, 0x0000, 0x0000, 0x0000, 0x0000,
    0x0000, 0x0000, 0x0000, 0x0000, 0x0000, 0x0000, 0x0000, 0x0000, 0x0000, 0x0000, 0x0000, 0x0000,
    0x0000, 0x0000, 0x0000, 0x0000, 0x0000, 0x0000, 0x0000, 0x0000, 0x0000, 0x0000, 0x0000, 0x0000,
    0x0000, 0x0000, 0x0000, 0x0000, 0x0000, 0x0000, 0x0000, 0x0000, 0x0000, 0x0000, 0x0000, 0x0000,
    0x0000, 0x0000, 0x0000, 0x0000, 0x0000, 0x0000, 0x0000, 0x0000, 0x0000, 0x0000, 0x0000, 0x0000,
    0x0000, 0x0000, 0x0000, 0x0000, 0x0000, 0x0000, 0x0000, 0x0000, 0x0000, 0x0000, 0x0000, 0x0000,
    0x0000, 0x0000, 0x0000, 0x0000, 0x0000, 0x0000, 0x0000, 0x0000, 0x0000, 0x0000, 0x0000, 0x0000,
    0x0000, 0x0000, 0x0000, 0x0000, 0x0000, 0x0000, 0x0000, 0x0000, 0x0000, 0x0000, 0x0000, 0x0000,
    0x0000, 0x0000, 0x0000, 0x0000, 0x0000, 0x0000, 0x0000, 0x0000, 0x0000, 0x0000, 0x0000, 0x0000,
    0x0000, 0x0000, 0x0000, 0x0000, 0x0000, 0x0000, 0x0000, 0x0000, 0x0000, 0x0000, 0x0000, 0x0000,
    0x0000, 0x0000, 0x0000, 0x0000, 0x0000, 0x0000, 0x0000, 0x0000, 0x0000, 0x0000, 0x0000, 0x0000,
    0x0000, 0x0000, 0x0000, 0x0000, 0x0000, 0x0000, 0x0000, 0x0000, 0x0000, 0x0000, 0x0000, 0x0000,
    0x0000, 0x0000, 0x0000, 0x0000, 0x0000, 0x0000, 0x0000, 0x0000, 0x0000, 0x0000, 0x0000, 0x0000,
    0x0000, 0x0000, 0x0000, 0x0000, 0x0000, 0x0000, 0x0000, 0x0000, 0x0000, 0x0000, 0x0000, 0x0000,
    0x0000, 0x0000, 0x0000, 0x0000, 0x0000, 0x0000, 0x0000, 0x0000, 0x0000, 0x0000, 0x0000, 0x0000,
    0x7C71, 0x7C71, 0x0000, 0x0000, 0x0000, 0x0000, 0x0000, 0x0000, 0x0000, 0x0000, 0x0000, 0x0000,
    0x0000, 0x0000, 0x0000, 0x0000, 0x0000, 0x0000, 0x0000, 0x0000, 0x0000, 0x0000, 0x0000, 0x0000,
    0x0000, 0x0000, 0x0000, 0x0000, 0x0000, 0x0000, 0x0000, 0x0000, 0x0000, 0x0000, 0x0000, 0x0000,
    0x0000, 0x0000, 0x0000, 0x0000, 0x0000, 0x0000, 0x0000, 0x0000, 0x0000, 0x0000, 0x0000, 0x0000,
    0x0000, 0x0000, 0x0000, 0x0000, 0x0000, 0x0000, 0x0000, 0x7C71, 0x7C71, 0x7C71, 0x7C71, 0x0000,
    0x0000, 0x0000, 0x0000, 0x0000, 0x0000, 0x0000, 0x0000, 0x0000, 0x0000, 0x0000, 0x0000, 0x0000,
    0x0000, 0x0000, 0x0000, 0x0000, 0x0000, 0x0000, 0x0000, 0x0000, 0x0000, 0x0000, 0x0000, 0x0000,
    0x0000, 0x0000, 0x0000, 0x0000, 0x0000, 0x0000, 0x0000, 0x0000, 0x0000, 0x0000, 0x0000, 0x0000,
    0x0000, 0x0000, 0x0000, 0x0000, 0x0000, 0x0000, 0x0000, 0x0000, 0x0000, 0x0000, 0x0000, 0x0000,
    0x0000, 0x0000, 0x7C71, 0x7C71, 0x534E, 0x7C71, 0x7C71, 0x7C71, 0x0000, 0x0000, 0x0000, 0x0000,
    0x0000, 0x0000, 0x0000, 0x0000, 0x0000, 0x0000, 0x0000, 0x0000, 0x0000, 0x0000, 0x0000, 0x0000,
    0x0000, 0x0000, 0x0000, 0x0000, 0x0000, 0x0000, 0x0000, 0x0000, 0x0000, 0x0000, 0x0000, 0x0000,
    0x0000, 0x0000, 0x0000, 0x0000, 0x0000, 0x0000, 0x0000, 0x0000, 0x0000, 0x0000, 0x0000, 0x0000,
    0x0000, 0x0000, 0x0000, 0x0000, 0x0000, 0x0000, 0x0000, 0x0000, 0x0000, 0x7C71, 0x7C71, 0x534E,
    0x534E, 0x7C71, 0x7C71, 0x7C71, 0x7C71, 0x0000, 0x0000, 0x0000, 0x0000, 0x0000, 0x0000, 0x0000,
    0x0000, 0x0000, 0x0000, 0x0000, 0x0000, 0x0000, 0x0000, 0x0000, 0x0000, 0x0000, 0x0000, 0x0000,
    0x0000, 0x0000, 0x0000, 0x0000, 0x0000, 0x0000, 0x0000, 0x0000, 0x0000, 0x0000, 0x0000, 0x0000,
    0x0000, 0x0000, 0x0000, 0x0000, 0x0000, 0x0000, 0x0000, 0x0000, 0x0000, 0x0000, 0x0000, 0x0000,
    0x0000, 0x0000, 0x0000, 0x0000, 0x7C71, 0x7C71, 0x534E, 0x534E, 0x534E, 0x534E, 0x7C71, 0x7C71,
    0x7C71, 0x7C71, 0x0000, 0x0000, 0x0000, 0x0000, 0x0000, 0x0000, 0x0000, 0x0000, 0x0000, 0x0000,
    0x0000, 0x0000, 0x0000, 0x0000, 0x0000, 0x0000, 0x0000, 0x0000, 0x0000, 0x0000, 0x0000, 0x0000,
    0x0000, 0x0000, 0x0000, 0x0000, 0x0000, 0x0000, 0x0000, 0x0000, 0x0000, 0x0000, 0x0000, 0x0000,
    0x0000, 0x0000, 0x0000, 0x0000, 0x0000, 0x0000, 0x0000, 0x0000, 0x0000, 0x0000, 0x0000, 0x7C71,
    0x7C71, 0x534E, 0x534E, 0x534E, 0x534E, 0x534E, 0x534E, 0x7C71, 0x7C71, 0x7C71, 0x7C71, 0x0000,
    0x0000, 0x0000, 0x0000, 0x0000, 0x0000, 0x0000, 0x0000, 0x0000, 0x0000, 0x0000, 0x0000, 0x0000,
    0x0000, 0x0000, 0x0000, 0x0000, 0x0000, 0x0000, 0x0000, 0x0000, 0x0000, 0x0000, 0x0000, 0x0000,
    0x0000, 0x0000, 0x0000, 0x0000, 0x0000, 0x0000, 0x0000, 0x0000, 0x0000, 0x0000, 0x0000, 0x0000,
    0x0000, 0x0000, 0x0000, 0x0000, 0x0000, 0x0000, 0x7C71, 0x7C71, 0x534E, 0x534E, 0x534E, 0x534E,
    0x534E, 0x534E, 0x534E, 0x534E, 0x7C71, 0x7C71, 0x7C71, 0x7C71, 0x0000, 0x0000, 0x0000, 0x0000,
    0x0000, 0x0000, 0x0000, 0x0000, 0x0000, 0x0000, 0x0000, 0x0000, 0x0000, 0x0000, 0x0000, 0x0000,
    0x0000, 0x0000, 0x0000, 0x0000, 0x0000, 0x0000, 0x0000, 0x0000, 0x0000, 0x0000, 0x0000, 0x0000,
    0x0000, 0x0000, 0x0000, 0x0000, 0x0000, 0x0000, 0x0000, 0x0000, 0x0000, 0x0000, 0x0000, 0x0000,
    0x0000, 0x7C71, 0x7C71, 0x534E, 0x534E, 0x534E, 0x534E, 0x534E, 0x534E, 0x534E, 0x534E, 0x534E,
    0x534E, 0x7C71, 0x7C71, 0x7C71, 0x7C71, 0x0000, 0x0000, 0x0000, 0x0000, 0x0000, 0x0000, 0x0000,
    0x0000, 0x0000, 0x0000, 0x0000, 0x0000, 0x0000, 0x0000, 0x0000, 0x0000, 0x0000, 0x0000, 0x0000,
    0x0000, 0x0000, 0x0000, 0x0000, 0x0000, 0x0000, 0x0000, 0x0000, 0x0000, 0x0000, 0x0000, 0x0000,
    0x0000, 0x0000, 0x0000, 0x0000, 0x0000, 0x0000, 0x0000, 0x0000, 0x7C71, 0x7C71, 0x534E, 0x534E,
    0x534E, 0x534E, 0x534E, 0x534E, 0x534E, 0x534E, 0x534E, 0x534E, 0x534E, 0x534E, 0x7C71, 0x7C71,
    0x7C71, 0x7C71, 0x0000, 0x0000, 0x0000, 0x0000, 0x0000, 0x0000, 0x0000, 0x0000, 0x0000, 0x0000,
    0x0000, 0x0000, 0x0000, 0x0000, 0x0000, 0x0000, 0x0000, 0x0000, 0x0000, 0x0000, 0x0000, 0x0000,
    0x0000, 0x0000, 0x0000, 0x0000, 0x0000, 0x0000, 0x0000, 0x0000, 0x0000, 0x0000, 0x0000, 0x0000,
    0x0000, 0x0000, 0x0000, 0x7C71, 0x7C71, 0x534E, 0x534E, 0x534E, 0x534E, 0x534E, 0x534E, 0x534E,
    0x534E, 0x534E, 0x534E, 0x534E, 0x534E, 0x534E, 0x534E, 0x7C71, 0x7C71, 0x7C71, 0x7C71, 0x0000,
    0x0000, 0x0000, 0x0000, 0x0000, 0x0000, 0x0000, 0x0000, 0x0000, 0x0000, 0x0000, 0x0000, 0x0000,
    0x0000, 0x0000, 0x0000, 0x0000, 0x0000, 0x0000, 0x0000, 0x0000, 0x0000, 0x0000, 0x0000, 0x0000,
    0x0000, 0x0000, 0x0000, 0x0000, 0x0000, 0x0000, 0x0000, 0x0000, 0x0000, 0x0000, 0x7C71, 0x7C71,
    0x534E, 0x534E, 0x534E, 0x534E, 0x534E, 0x534E, 0x534E, 0x534E, 0x534E, 0x534E, 0x534E, 0x534E,
    0x534E, 0x534E, 0x534E, 0x534E, 0x7C71, 0x7C71, 0x7C71, 0x7C71, 0x0000, 0x0000, 0x0000, 0x0000,
    0x0000, 0x0000, 0x0000, 0x0000, 0x0000, 0x0000, 0x0000, 0x0000, 0x0000, 0x0000, 0x0000, 0x0000,
    0x0000, 0x0000, 0x0000, 0x0000, 0x0000, 0x0000, 0x0000, 0x0000, 0x0000, 0x0000, 0x0000, 0x0000,
    0x0000, 0x0000, 0x0000, 0x0000, 0x0000, 0x7C71, 0x7C71, 0x7C71, 0x7C71, 0x7C71, 0x7C71, 0x7C71,
    0x7C71, 0x7C71, 0x7C71, 0x7C71, 0x7C71, 0x7C71, 0x7C71, 0x7C71, 0x7C71, 0x7C71, 0x7C71, 0x7C71,
    0x7C71, 0x7C71, 0x7C71, 0x7C71, 0x7C71, 0x0000, 0x0000, 0x0000, 0x0000, 0x0000, 0x0000, 0x0000,
    0x0000, 0x0000, 0x0000, 0x0000, 0x0000, 0x0000, 0x0000, 0x0000, 0x0000, 0x0000, 0x0000, 0x0000,
    0x0000, 0x0000, 0x0000, 0x0000, 0x0000, 0x0000, 0x0000, 0x0000, 0x0000, 0x0000, 0x0000, 0x0000,
    0xA42B, 0x6AC7, 0x6AC7, 0x6AC7, 0x6AC7, 0x6AC7, 0x6AC7, 0x6AC7, 0x6AC7, 0x6AC7, 0x6AC7, 0x6AC7,
    0x6AC7, 0x6AC7, 0x6AC7, 0x6AC7, 0x6AC7, 0x6AC7, 0x6AC7, 0x6AC7, 0x6AC7, 0x6AC7, 0x6AC7, 0x6AC7,
    0x6AC7, 0xA42B, 0x0000, 0x0000, 0x0000, 0x0000, 0x0000, 0x0000, 0x0000, 0x0000, 0x0000, 0x0000,
    0x0000, 0x0000, 0x0000, 0x0000, 0x0000, 0x0000, 0x0000, 0x0000, 0x0000, 0x0000, 0x0000, 0x0000,
    0x0000, 0x0000, 0x0000, 0x0000, 0x0000, 0x0000, 0x0000, 0x0000, 0xA42B, 0xA42B, 0xA42B, 0xA42B,
    0xA42B, 0xA42B, 0xA42B, 0xA42B, 0xA42B, 0xA42B, 0xA42B, 0xA42B, 0xA42B, 0xA42B, 0xA42B, 0xA42B,
    0xA42B, 0xA42B, 0xA42B, 0xA42B, 0xA42B, 0xA42B, 0xA42B, 0xA42B, 0xA42B, 0xA42B, 0xA42B, 0x0000,
    0x0000, 0x0000, 0x0000, 0x0000, 0x0000, 0x0000, 0x0000, 0x0000, 0x0000, 0x0000, 0x0000, 0x0000,
    0x0000, 0x0000, 0x0000, 0x0000, 0x0000, 0x0000, 0x0000, 0x0000, 0x0000, 0x0000, 0x0000, 0x0000,
    0x0000, 0x0000, 0x0000, 0x0000, 0xA42B, 0x18C3, 0x18C3, 0x18C3, 0x18C3, 0x18C3, 0x18C3, 0x18C3,
    0x18C3, 0x18C3, 0x18C3, 0x18C3, 0x18C3, 0x18C3, 0x18C3, 0x18C3, 0x18C3, 0x18C3, 0x18C3, 0x18C3,
    0x18C3, 0x18C3, 0x18C3, 0x18C3, 0x18C3, 0x18C3, 0xA42B, 0x0000, 0x0000, 0x0000, 0x0000, 0x0000,
    0x0000, 0x0000, 0x0000, 0x0000, 0x0000, 0x0000, 0x0000, 0x0000, 0x0000, 0x0000, 0x0000, 0x0000,
    0x0000, 0x0000, 0x0000, 0x0000, 0x0000, 0x0000, 0x0000, 0x0000, 0x0000, 0x0000, 0x0000, 0x0000,
    0xA42B, 0x18C3, 0x52AA, 0x52AA, 0x52AA, 0x52AA, 0x52AA, 0x52AA, 0x52AA, 0x18C3, 0x18C3, 0x52AA,
    0x52AA, 0x52AA, 0x52AA, 0x52AA, 0x52AA, 0x52AA, 0x18C3, 0x18C3, 0x52AA, 0x52AA, 0x52AA, 0x52AA,
    0x52AA, 0x18C3, 0xA42B, 0x0000, 0x0000, 0x0000, 0x0000, 0x0000, 0x0000, 0x0000, 0x0000, 0x0000,
    0x0000, 0x0000, 0x0000, 0x0000, 0x0000, 0x0000, 0x0000, 0x0000, 0x0000, 0x0000, 0x0000, 0x0000,
    0x0000, 0x0000, 0x0000, 0x0000, 0x0000, 0x0000, 0x0000, 0x0000, 0xA42B, 0x18C3, 0x52AA, 0x0000,
    0x0000, 0x0000, 0x0000, 0x0000, 0x52AA, 0x18C3, 0x18C3, 0x52AA, 0x0000, 0x0000, 0x0000, 0x0000,
    0x0000, 0x52AA, 0x18C3, 0x18C3, 0x52AA, 0x0000, 0x0000, 0x0000, 0x52AA, 0x18C3, 0xA42B, 0x0000,
    0x0000, 0x0000, 0x0000, 0x0000, 0x0000, 0x0000, 0x0000, 0x0000, 0x0000, 0x0000, 0x0000, 0x0000,
    0x0000, 0x0000, 0x0000, 0x0000, 0x0000, 0x0000, 0x0000, 0x0000, 0x0000, 0x0000, 0x0000, 0x0000,
    0x0000, 0x0000, 0x0000, 0x0000, 0xA42B, 0x18C3, 0x52AA, 0x0000, 0x0000, 0x0000, 0x0000, 0x0000,
    0x52AA, 0x18C3, 0x18C3, 0x52AA, 0x0000, 0x0000, 0x0000, 0x0000, 0x0000, 0x52AA, 0x18C3, 0x18C3,
    0x52AA, 0x0000, 0x0000, 0x0000, 0x52AA, 0x18C3, 0xA42B, 0x0000, 0x0000, 0x0000, 0x0000, 0x0000,
    0x0000, 0x0000, 0x0000, 0x0000, 0x0000, 0x0000, 0x0000, 0x0000, 0x0000, 0x0000, 0x0000, 0x0000,
    0x0000, 0x0000, 0x0000, 0x0000, 0x0000, 0x0000, 0x0000, 0x0000, 0x0000, 0x0000, 0x0000, 0x0000,
    0xA42B, 0x18C3, 0x52AA, 0x0000, 0x0000, 0x0000, 0x0000, 0x0000, 0x52AA, 0x18C3, 0x18C3, 0x52AA,
    0x0000, 0x0000, 0x0000, 0x0000, 0x0000, 0x52AA, 0x18C3, 0x18C3, 0x52AA, 0x0000, 0x0000, 0x0000,
    0x52AA, 0x18C3, 0xA42B, 0x0000, 0x0000, 0x0000, 0x0000, 0x0000, 0x0000, 0x0000, 0x0000, 0x0000,
    0x0000, 0x0000, 0x0000, 0x0000, 0x0000, 0x0000, 0x0000, 0x0000, 0x0000, 0x0000, 0x0000, 0x0000,
    0x0000, 0x0000, 0x0000, 0x0000, 0x0000, 0x0000, 0x0000, 0x0000, 0xA42B, 0x18C3, 0x52AA, 0x0000,
    0x0000, 0x0000, 0x0000, 0x0000, 0x52AA, 0x18C3, 0x18C3, 0x52AA, 0x0000, 0x0000, 0x0000, 0x0000,
    0x0000, 0x52AA, 0x18C3, 0x18C3, 0x52AA, 0x0000, 0x0000, 0x0000, 0x52AA, 0x18C3, 0xA42B, 0x0000,
    0x0000, 0x0000, 0x0000, 0x0000, 0x0000, 0x0000, 0x0000, 0x0000, 0x0000, 0x0000, 0x0000, 0x0000,
    0x0000, 0x0000, 0x0000, 0x0000, 0x0000, 0x0000, 0x0000, 0x0000, 0x0000, 0x0000, 0x0000, 0x0000,
    0x0000, 0x0000, 0x0000, 0x0000, 0xA42B, 0x18C3, 0x52AA, 0x0000, 0x0000, 0x0000, 0x0000, 0x0000,
    0x52AA, 0x18C3, 0x18C3, 0x52AA, 0x0000, 0x0000, 0x0000, 0x0000, 0x0000, 0x52AA, 0x18C3, 0x18C3,
    0x52AA, 0x0000, 0x0000, 0x0000, 0x52AA, 0x18C3, 0xA42B, 0x0000, 0x0000, 0x0000, 0x0000, 0x0000,
    0x0000, 0x0000, 0x0000, 0x0000, 0x0000, 0x0000, 0x0000, 0x0000, 0x0000, 0x0000, 0x0000, 0x0000,
    0x0000, 0x0000, 0x0000, 0x0000, 0x0000, 0x0000, 0x0000, 0x0000, 0x0000, 0x0000, 0x0000, 0x0000,
    0xA42B, 0x18C3, 0x52AA, 0x52AA, 0x52AA, 0x52AA, 0x52AA, 0x52AA, 0x52AA, 0x18C3, 0x18C3, 0x52AA,
    0x52AA, 0x52AA, 0x52AA, 0x52AA, 0x52AA, 0x52AA, 0x18C3, 0x18C3, 0x52AA, 0x52AA, 0x52AA, 0x52AA,
    0x52AA, 0x18C3, 0xA42B, 0x0000, 0x0000, 0x0000, 0x0000, 0x0000, 0x0000, 0x0000, 0x0000, 0x0000,
    0x0000, 0x0000, 0x0000, 0x0000, 0x0000, 0x0000, 0x0000, 0x0000, 0x0000, 0x0000, 0x0000, 0x0000,
    0x0000, 0x0000, 0x0000, 0x0000, 0x0000, 0x0000, 0x0000, 0x0000, 0xA42B, 0x18C3, 0x18C3, 0x18C3,
    0x18C3, 0x18C3, 0x18C3, 0x18C3, 0x18C3, 0x18C3, 0x18C3, 0x18C3, 0x18C3, 0x18C3, 0x18C3, 0x18C3,
    0x18C3, 0x18C3, 0x18C3, 0x18C3, 0x18C3, 0x18C3, 0x18C3, 0x18C3, 0x18C3, 0x18C3, 0xA42B, 0x0000,
    0x0000, 0x0000, 0x0000, 0x0000, 0x0000, 0x0000, 0x0000, 0x0000, 0x0000, 0x0000, 0x0000, 0x0000,
    0x0000, 0x0000, 0x0000, 0x0000, 0x0000, 0x0000, 0x0000, 0x0000, 0x0000, 0x0000, 0x0000, 0x0000,
    0x0000, 0x0000, 0x0000, 0x0000, 0xA42B, 0x18C3, 0x18C3, 0x18C3, 0x18C3, 0x18C3, 0x18C3, 0x18C3,
    0x18C3, 0x18C3, 0x18C3, 0xF621, 0xF621, 0x18C3, 0x18C3, 0x18C3, 0x18C3, 0x18C3, 0x18C3, 0x18C3,
    0x18C3, 0x18C3, 0x18C3, 0x18C3, 0x18C3, 0x18C3, 0xA42B, 0x0000, 0x0000, 0x0000, 0x0000, 0x0000,
    0x0000, 0x0000, 0x0000, 0x0000, 0x0000, 0x0000, 0x0000, 0x0000, 0x0000, 0x0000, 0x0000, 0x0000,
    0x0000, 0x0000, 0x0000, 0x0000, 0x0000, 0x0000, 0x0000, 0x0000, 0x0000, 0x0000, 0x0000, 0x0000,
    0xA42B, 0x18C3, 0x18C3, 0x18C3, 0x18C3, 0x18C3, 0x18C3, 0x18C3, 0x18C3, 0x18C3, 0xF621, 0xF621,
    0xF621, 0xF621, 0x18C3, 0x18C3, 0x18C3, 0x18C3, 0x18C3, 0x18C3, 0x18C3, 0x18C3, 0x18C3, 0x18C3,
    0x18C3, 0x18C3, 0xA42B, 0x0000, 0x0000, 0x0000, 0x0000, 0x0000, 0x0000, 0x0000, 0x0000, 0x0000,
    0x0000, 0x0000, 0x0000, 0x0000, 0x0000, 0x0000, 0x0000, 0x0000, 0x0000, 0x0000, 0x0000, 0x0000,
    0x0000, 0x0000, 0x0000, 0x0000, 0x0000, 0x0000, 0x0000, 0x0000, 0xA42B, 0xA42B, 0xA42B, 0xA42B,
    0xA42B, 0xA42B, 0xA42B, 0xA42B, 0xA42B, 0xA42B, 0xA42B, 0xA42B, 0xA42B, 0xA42B, 0xA42B, 0xA42B,
    0xA42B, 0xA42B, 0xA42B, 0xA42B, 0xA42B, 0xA42B, 0xA42B, 0xA42B, 0xA42B, 0xA42B, 0xA42B, 0x0000,
    0x0000, 0x0000, 0x0000, 0x0000, 0x0000, 0x0000, 0x0000, 0x0000, 0x0000, 0x0000, 0x0000, 0x0000,
    0x0000, 0x0000, 0x0000, 0x0000, 0x0000, 0x0000, 0x0000, 0x0000, 0x0000, 0x0000, 0x0000, 0x0000,
    0x0000, 0x0000, 0x0000, 0x0000, 0x0000, 0x0000, 0x0000, 0x0000, 0x0000, 0x0000, 0x0000, 0x0000,
    0x0000, 0x0000, 0x0000, 0x0000, 0x0000, 0x0000, 0x0000, 0x0000, 0x0000, 0x0000, 0x0000, 0x0000,
    0x0000, 0x0000, 0x0000, 0x0000, 0x0000, 0x0000, 0x0000, 0x0000, 0x0000, 0x0000, 0x0000, 0x0000,
    0x0000, 0x0000, 0x0000, 0x0000, 0x0000, 0x0000, 0x0000, 0x0000, 0x0000, 0x0000, 0x0000, 0x0000,
    0x0000, 0x0000, 0x0000, 0x0000, 0x0000, 0x0000, 0x0000, 0x0000, 0x0000, 0x0000, 0x0000, 0x0000,
    0x0000, 0x0000, 0x0000, 0x0000, 0x0000, 0x0000, 0x0000, 0x0000, 0x0000, 0x0000, 0x0000, 0x0000,
    0x0000, 0x0000, 0x0000, 0x0000, 0x0000, 0x0000, 0x0000, 0x0000, 0x0000, 0x0000, 0x0000, 0x0000,
    0x0000, 0x0000, 0x0000, 0x0000, 0x0000, 0x0000, 0x0000, 0x0000, 0x0000, 0x0000, 0x0000, 0x0000,
    0x0000, 0x0000, 0x0000, 0x0000, 0x0000, 0x0000, 0x0000, 0x0000, 0x0000, 0x0000, 0x0000, 0x0000,
    0x0000, 0x0000, 0x0000, 0x0000, 0x0000, 0x0000, 0x0000, 0x0000, 0x0000, 0x0000, 0x0000, 0x0000,
    0x0000, 0x0000, 0x0000, 0x0000, 0x0000, 0x0000, 0x0000, 0x0000, 0x0000, 0x0000, 0x0000, 0x0000,
    0x0000, 0x0000, 0x0000, 0x0000, 0x0000, 0x0000, 0x0000, 0x0000, 0x0000, 0x0000, 0x0000, 0x0000,
    0x0000, 0x0000, 0x0000, 0x0000, 0x0000, 0x0000, 0x0000, 0x0000, 0x0000, 0x0000, 0x0000, 0x0000,
    0x0000, 0x0000, 0x0000, 0x0000, 0x0000, 0x0000, 0x0000, 0x0000, 0x0000, 0x0000, 0x0000, 0x0000,
    0x0000, 0x0000, 0x0000, 0x0000, 0x0000, 0x0000, 0x0000, 0x0000, 0x0000, 0x0000, 0x0000, 0x0000,
    0x0000, 0x0000, 0x0000, 0x0000, 0x0000, 0x0000, 0x0000, 0x0000, 0x0000, 0x0000, 0x0000, 0x0000,
    0x0000, 0x0000, 0x0000, 0x0000, 0x0000, 0x0000, 0x0000, 0x0000, 0x0000, 0x0000, 0x0000, 0x0000,
    0x0000, 0x0000, 0x0000, 0x0000, 0x0000, 0x0000, 0x0000, 0x0000, 0x0000, 0x0000, 0x0000, 0x0000,
    0x0000, 0x0000, 0x0000, 0x0000, 0x0000, 0x0000, 0x0000, 0x0000, 0x0000, 0x0000, 0x0000, 0x0000,
    0x0000, 0x0000, 0x0000, 0x0000, 0x0000, 0x0000, 0x0000, 0x0000, 0x0000, 0x0000, 0x0000, 0x0000,
    0x0000, 0x0000, 0x0000, 0x0000, 0x0000, 0x0000, 0x0000, 0x0000, 0x0000, 0x0000, 0x0000, 0x0000,
    0x0000, 0x0000, 0x0000, 0x0000, 0x0000, 0x0000, 0x0000, 0x0000, 0x0000, 0x0000, 0x0000, 0x0000,
    0x0000, 0x0000, 0x0000, 0x0000, 0x0000, 0x0000, 0x0000, 0x0000, 0x0000, 0x0000, 0x0000, 0x0000,
    0x0000, 0x0000, 0x0000, 0x0000, 0x0000, 0x0000, 0x0000, 0x0000, 0x0000, 0x0000, 0x0000, 0x0000,
    0x0000, 0x0000, 0x0000, 0x0000, 0x0000, 0x0000, 0x0000, 0x0000, 0x0000, 0x0000, 0x0000, 0x0000,
    0x0000, 0x0000, 0x0000, 0x0000, 0x0000, 0x0000, 0x0000, 0x0000, 0x0000, 0x0000, 0x0000, 0x0000,
    0x0000, 0x0000, 0x0000, 0x0000, 0x0000, 0x0000, 0x0000, 0x0000, 0x0000, 0x0000, 0x0000, 0x0000,
    0x0000, 0x0000, 0x0000, 0x0000, 0x0000, 0x0000, 0x0000, 0x0000, 0x0000, 0x0000, 0x0000, 0x0000,
    0x0000, 0x0000, 0x0000, 0x0000, 0x0000, 0x0000, 0x0000, 0x0000, 0x0000, 0x0000, 0x0000, 0x0000,
    0x0000, 0x0000, 0x0000, 0x0000, 0x0000, 0x0000, 0x0000, 0x0000, 0x0000, 0x0000, 0x0000, 0x0000,
    0x0000, 0x0000, 0x0000, 0x0000, 0x0000, 0x0000, 0x0000, 0x0000, 0x0000, 0x0000, 0x0000, 0x0000,
    0x0000, 0x0000, 0x0000, 0x0000, 0x0000, 0x0000, 0x0000, 0x0000, 0x0000, 0x0000, 0x0000, 0x0000,
    0x0000, 0x0000, 0x0000, 0x0000, 0x0000, 0x0000, 0x0000, 0x0000, 0x0000, 0x0000, 0x0000, 0x0000,
    0x0000, 0x0000, 0x0000, 0x0000, 0x0000, 0x0000, 0x0000, 0x0000, 0x0000, 0x0000, 0x0000, 0x0000,
    0x0000, 0x0000, 0x0000, 0x0000, 0x0000, 0x0000, 0x0000, 0x0000, 0x0000, 0x0000, 0x0000, 0x0000,
    0x0000, 0x0000, 0x0000, 0x0000, 0x0000, 0x0000, 0x0000, 0x0000, 0x0000, 0x0000, 0x0000, 0x0000,
    0x0000, 0x0000, 0x0000, 0x0000, 0x0000, 0x0000, 0x0000, 0x0000, 0x0000, 0x0000, 0x0000, 0x0000,
    0x0000, 0x0000, 0x0000, 0x0000, 0x0000, 0x0000, 0x0000, 0x0000, 0x0000, 0x0000, 0x0000, 0x0000,
    0x0000, 0x0000, 0x0000, 0x0000, 0x0000, 0x0000, 0x0000, 0x0000, 0x0000, 0x0000, 0x0000, 0x0000,
    0x0000, 0x0000, 0x0000, 0x0000, 0x0000, 0x0000, 0x0000, 0x0000, 0x0000, 0x0000, 0x0000, 0x0000,
    0x0000, 0x0000, 0x0000, 0x0000, 0x0000, 0x0000, 0x0000, 0x0000, 0x0000, 0x0000, 0x0000, 0x0000,
    0x0000, 0x0000, 0x0000, 0x0000, 0x0000, 0x0000, 0x0000, 0x0000, 0x0000, 0x0000, 0x0000, 0x0000,
    0x0000, 0x0000, 0x0000, 0x0000, 0x0000, 0x0000, 0x0000, 0x0000, 0x0000, 0x0000, 0x0000, 0x0000,
    0x0000, 0x0000, 0x0000, 0x0000, 0x0000, 0x0000, 0x0000, 0x0000, 0x0000, 0x0000, 0x0000, 0x0000,
    0x0000, 0x0000, 0x0000, 0x0000, 0x0000, 0x0000, 0x0000, 0x0000, 0x0000, 0x0000, 0x0000, 0x0000,
    0x0000, 0x0000, 0x0000, 0x0000, 0x0000, 0x0000, 0x0000, 0x0000,
};

// 1bpp opacity mask, MSB-first, 7 byte(s) per row; bit set = opaque.
inline constexpr uint8_t kSpriteGarageMask[280] = {
    0x00, 0x00, 0x00, 0x00, 0x00, 0x00, 0x00, 0x00, 0x00, 0x00, 0x00, 0x00, 0x00, 0x00, 0x00, 0x00,
    0x00, 0x00, 0x00, 0x00, 0x00, 0x00, 0x00, 0x00, 0x00, 0x00, 0x00, 0x00, 0x00, 0x00, 0x00, 0x0C,
    0x00, 0x00, 0x00, 0x00, 0x00, 0x00, 0x1E, 0x00, 0x00, 0x00, 0x00, 0x00, 0x00, 0x3F, 0x00, 0x00,
    0x00, 0x00, 0x00, 0x00, 0x7F, 0x80, 0x00, 0x00, 0x00, 0x00, 0x00, 0xFF, 0xC0, 0x00, 0x00, 0x00,
    0x00, 0x01, 0xFF, 0xE0, 0x00, 0x00, 0x00, 0x00, 0x03, 0xFF, 0xF0, 0x00, 0x00, 0x00, 0x00, 0x07,
    0xFF, 0xF8, 0x00, 0x00, 0x00, 0x00, 0x0F, 0xFF, 0xFC, 0x00, 0x00, 0x00, 0x00, 0x1F, 0xFF, 0xFE,
    0x00, 0x00, 0x00, 0x00, 0x3F, 0xFF, 0xFF, 0x00, 0x00, 0x00, 0x00, 0x7F, 0xFF, 0xFF, 0x80, 0x00,
    0x00, 0x00, 0xFF, 0xFF, 0xFF, 0xC0, 0x00, 0x00, 0x00, 0xFF, 0xFF, 0xFF, 0xE0, 0x00, 0x00, 0x00,
    0xFF, 0xFF, 0xFF, 0xE0, 0x00, 0x00, 0x00, 0xFF, 0xFF, 0xFF, 0xE0, 0x00, 0x00, 0x00, 0xFF, 0xFF,
    0xFF, 0xE0, 0x00, 0x00, 0x00, 0xFF, 0xFF, 0xFF, 0xE0, 0x00, 0x00, 0x00, 0xFF, 0xFF, 0xFF, 0xE0,
    0x00, 0x00, 0x00, 0xFF, 0xFF, 0xFF, 0xE0, 0x00, 0x00, 0x00, 0xFF, 0xFF, 0xFF, 0xE0, 0x00, 0x00,
    0x00, 0xFF, 0xFF, 0xFF, 0xE0, 0x00, 0x00, 0x00, 0xFF, 0xFF, 0xFF, 0xE0, 0x00, 0x00, 0x00, 0xFF,
    0xFF, 0xFF, 0xE0, 0x00, 0x00, 0x00, 0xFF, 0xFF, 0xFF, 0xE0, 0x00, 0x00, 0x00, 0xFF, 0xFF, 0xFF,
    0xE0, 0x00, 0x00, 0x00, 0x00, 0x00, 0x00, 0x00, 0x00, 0x00, 0x00, 0x00, 0x00, 0x00, 0x00, 0x00,
    0x00, 0x00, 0x00, 0x00, 0x00, 0x00, 0x00, 0x00, 0x00, 0x00, 0x00, 0x00, 0x00, 0x00, 0x00, 0x00,
    0x00, 0x00, 0x00, 0x00, 0x00, 0x00, 0x00, 0x00, 0x00, 0x00, 0x00, 0x00, 0x00, 0x00, 0x00, 0x00,
    0x00, 0x00, 0x00, 0x00, 0x00, 0x00, 0x00, 0x00, 0x00, 0x00, 0x00, 0x00, 0x00, 0x00, 0x00, 0x00,
    0x00, 0x00, 0x00, 0x00, 0x00, 0x00, 0x00, 0x00,
};

// fire: 2 frame(s) of 16x16, sheet 32x16.
// RGB565, row-major, sheetWidth * frameHeight; 0x0000 where the mask bit is clear.
inline constexpr uint16_t kSpriteFirePixels[512] = {
    0x0000, 0x0000, 0x0000, 0x0000, 0x0000, 0x0000, 0x0000, 0x0000, 0x0000, 0x0000, 0x0000, 0x0000,
    0x0000, 0x0000, 0x0000, 0x0000, 0x0000, 0x0000, 0x0000, 0x0000, 0x0000, 0x0000, 0x0000, 0x0000,
    0x0000, 0x0000, 0x0000, 0x0000, 0x0000, 0x0000, 0x0000, 0x0000, 0x0000, 0x0000, 0x0000, 0x0000,
    0x0000, 0x0000, 0x0000, 0x0000, 0x0000, 0x0000, 0x0000, 0x0000, 0x0000, 0x0000, 0x0000, 0x0000,
    0x0000, 0x0000, 0x0000, 0x0000, 0x0000, 0x0000, 0x0000, 0x0000, 0x0000, 0x0000, 0x0000, 0x0000,
    0x0000, 0x0000, 0x0000, 0x0000, 0x0000, 0x0000, 0x0000, 0x0000, 0x0000, 0x0000, 0x0000, 0xFE8C,
    0x0000, 0x0000, 0x0000, 0x0000, 0x0000, 0x0000, 0x0000, 0x0000, 0x0000, 0x0000, 0x0000, 0x0000,
    0x0000, 0x0000, 0x0000, 0xFE8C, 0x0000, 0x0000, 0x0000, 0x0000, 0x0000, 0x0000, 0x0000, 0x0000,
    0x0000, 0x0000, 0x0000, 0x0000, 0x0000, 0x0000, 0xFE8C, 0xFB46, 0xFE8C, 0x0000, 0x0000, 0x0000,
    0x0000, 0x0000, 0x0000, 0x0000, 0x0000, 0x0000, 0x0000, 0x0000, 0x0000, 0x0000, 0xFE8C, 0xFB46,
    0xFE8C, 0x0000, 0x0000, 0x0000, 0x0000, 0x0000, 0x0000, 0x0000, 0x0000, 0x0000, 0x0000, 0x0000,
    0x0000, 0x0000, 0xFE8C, 0xFB46, 0xFE8C, 0x0000, 0x0000, 0x0000, 0x0000, 0x0000, 0x0000, 0x0000,
    0x0000, 0x0000, 0x0000, 0x0000, 0x0000, 0xFE8C, 0xFE8C, 0xFB46, 0xFE8C, 0xFE8C, 0x0000, 0x0000,
    0x0000, 0x0000, 0x0000, 0x0000, 0x0000, 0x0000, 0x0000, 0x0000, 0x0000, 0xFE8C, 0xFE8C, 0xFB46,
    0xFE8C, 0xFE8C, 0x0000, 0x0000, 0x0000, 0x0000, 0x0000, 0x0000, 0x0000, 0x0000, 0x0000, 0x0000,
    0x0000, 0xFE8C, 0xFB46, 0xFB46, 0xFB46, 0xFE8C, 0x0000, 0x0000, 0x0000, 0x0000, 0x0000, 0x0000,
    0x0000, 0x0000, 0x0000, 0x0000, 0xFE8C, 0xFB46, 0xFB46, 0xFB46, 0xFB46, 0xFE8C, 0x0000, 0x0000,
    0x0000, 0x0000, 0x0000, 0x0000, 0x0000, 0x0000, 0x0000, 0x0000, 0xFE8C, 0xFE8C, 0xFB46, 0xFB46,
    0xFB46, 0xFE8C, 0xFE8C, 0x0000, 0x0000, 0x0000, 0x0000, 0x0000, 0x0000, 0x0000, 0x0000, 0x0000,
    0xFE8C, 0xFB46, 0x0000, 0xFB46, 0xFB46, 0xFE8C, 0x0000, 0x0000, 0x0000, 0x0000, 0x0000, 0x0000,
    0x0000, 0x0000, 0x0000, 0x0000, 0xFE8C, 0xFB46, 0x0000, 0xFB46, 0xFB46, 0xFB46, 0xFE8C, 0x0000,
    0x0000, 0x0000, 0x0000, 0x0000, 0x0000, 0x0000, 0x0000, 0xFE8C, 0xFE8C, 0xFB46, 0x0000, 0x0000,
    0xFB46, 0xFB46, 0xFE8C, 0x0000, 0x0000, 0x0000, 0x0000, 0x0000, 0x0000, 0x0000, 0x0000, 0xFE8C,
    0xFE8C, 0xFB46, 0x0000, 0x0000, 0xFB46, 0xFB46, 0xFE8C, 0x0000, 0x0000, 0x0000, 0x0000, 0x0000,
    0x0000, 0x0000, 0x0000, 0xFE8C, 0xFB46, 0xFB46, 0x0000, 0x0000, 0xFB46, 0xFB46, 0xFE8C, 0x0000,
    0x0000, 0x0000, 0x0000, 0x0000, 0x0000, 0x0000, 0x0000, 0xFE8C, 0xFB46, 0xFB46, 0x0000, 0x0000,
    0xFB46, 0xFB46, 0xFB46, 0xFE8C, 0x0000, 0x0000, 0x0000, 0x0000, 0x0000, 0x0000, 0x0000, 0xFE8C,
    0xFB46, 0xFB46, 0x0000, 0x0000, 0xFB46, 0xFB46, 0xFB46, 0xFE8C, 0x0000, 0x0000, 0x0000, 0x0000,
    0x0000, 0x0000, 0x0000, 0xFE8C, 0xFB46, 0xFB46, 0x0000, 0x0000, 0xFB46, 0xFB46, 0xFB46, 0xFE8C,
    0x0000, 0x0000, 0x0000, 0x0000, 0x0000, 0x0000, 0x0000, 0x0000, 0xFE8C, 0xFB46, 0xFB46, 0xFB46,
    0xFB46, 0xFB46, 0xFB46, 0xFE8C, 0x0000, 0x0000, 0x0000, 0x0000, 0x0000, 0x0000, 0x0000, 0x0000,
    0xFE8C, 0xFB46, 0xFB46, 0xFB46, 0xFB46, 0xFB46, 0xFE8C, 0x0000, 0x0000, 0x0000, 0x0000, 0x0000,
    0x0000, 0x0000, 0x0000, 0x0000, 0xFE8C, 0xFB46, 0xFB46, 0xFB46, 0xFB46, 0xFB46, 0xFB46, 0xFE8C,
    0x0000, 0x0000, 0x0000, 0x0000, 0x0000, 0x0000, 0x0000, 0x0000, 0xFE8C, 0xFB46, 0xFB46, 0xFB46,
    0xFB46, 0xFB46, 0xFE8C, 0x0000, 0x0000, 0x0000, 0x0000, 0x0000, 0x0000, 0x0000, 0x0000, 0x0000,
    0x0000, 0xFE8C, 0xFB46, 0xFB46, 0xFB46, 0xFB46, 0xFE8C, 0x0000, 0x0000, 0x0000, 0x0000, 0x0000,
    0x0000, 0x0000, 0x0000, 0x0000, 0x0000, 0xFE8C, 0xFB46, 0xFB46, 0xFB46, 0xFE8C, 0x0000, 0x0000,
    0x0000, 0x0000, 0x0000, 0x0000, 0x0000, 0x0000, 0x0000, 0x0000, 0x0000, 0x0000, 0x0000, 0x0000,
    0x0000, 0x0000, 0x0000, 0x0000, 0x0000, 0x0000, 0x0000, 0x0000, 0x0000, 0x0000, 0x0000, 0x0000,
    0x0000, 0x0000, 0x0000, 0x0000, 0x0000, 0x0000, 0x0000, 0x0000, 0x0000, 0x0000, 0x0000, 0x0000,
    0x0000, 0x0000, 0x0000, 0x0000, 0x0000, 0x0000, 0x0000, 0x0000, 0x0000, 0x0000, 0x0000, 0x0000,
    0x0000, 0x0000, 0x0000, 0x0000, 0x0000, 0x0000, 0x0000, 0x0000, 0x0000, 0x0000, 0x0000, 0x0000,
    0x0000, 0x0000, 0x0000, 0x0000, 0x0000, 0x0000, 0x0000, 0x0000,
};

// 1bpp opacity mask, MSB-first, 4 byte(s) per row; bit set = opaque.
inline constexpr uint8_t kSpriteFireMask[64] = {
    0x00, 0x00, 0x00, 0x00, 0x00, 0x00, 0x00, 0x00, 0x01, 0x00, 0x01, 0x00, 0x03, 0x80, 0x03, 0x80,
    0x03, 0x80, 0x07, 0xC0, 0x07, 0xC0, 0x07, 0xC0, 0x0F, 0xC0, 0x0F, 0xE0, 0x0F, 0xC0, 0x0F, 0xE0,
    0x1F, 0xE0, 0x1F, 0xE0, 0x1F, 0xE0, 0x1F, 0xF0, 0x1F, 0xF0, 0x1F, 0xF0, 0x0F, 0xF0, 0x0F, 0xE0,
    0x0F, 0xF0, 0x0F, 0xE0, 0x07, 0xE0, 0x07, 0xC0, 0x03, 0xC0, 0x03, 0xC0, 0x00, 0x00, 0x00, 0x00,
};

// sit: 1 frame(s) of 16x16, sheet 16x16.
// RGB565, row-major, sheetWidth * frameHeight; 0x0000 where the mask bit is clear.
inline constexpr uint16_t kSpriteSitPixels[256] = {
    0x0000, 0x0000, 0x0000, 0x0000, 0x0000, 0x0000, 0x0000, 0x0000, 0x0000, 0x0000, 0x0000, 0x0000,
    0x0000, 0x0000, 0x0000, 0x0000, 0x0000, 0x0000, 0x0000, 0x0000, 0x0000, 0xF621, 0xF621, 0xF621,
    0xF621, 0x0000, 0x0000, 0x0000, 0x0000, 0x0000, 0x0000, 0x0000, 0x0000, 0x0000, 0x0000, 0x0000,
    0x18C3, 0x18C3, 0x18C3, 0x18C3, 0x18C3, 0x18C3, 0x0000, 0x0000, 0x0000, 0x0000, 0x0000, 0x0000,
    0x0000, 0x0000, 0x0000, 0x0000, 0x18C3, 0xF621, 0xF621, 0xF621, 0xF621, 0x18C3, 0x0000, 0x0000,
    0x0000, 0x0000, 0x0000, 0x0000, 0x0000, 0x0000, 0x0000, 0x0000, 0x18C3, 0xF621, 0xF621, 0xF621,
    0xF621, 0x18C3, 0x0000, 0x0000, 0x0000, 0x0000, 0x0000, 0x0000, 0x0000, 0x0000, 0x0000, 0x0000,
    0x0000, 0xF621, 0xF621, 0xF621, 0xF621, 0x0000, 0x0000, 0x0000, 0x0000, 0x0000, 0x0000, 0x0000,
    0x0000, 0x0000, 0x0000, 0x0000, 0xE267, 0xE267, 0xE267, 0xE267, 0xE267, 0xE267, 0x0000, 0x0000,
    0x0000, 0x0000, 0x0000, 0x0000, 0x0000, 0x0000, 0x0000, 0xE267, 0xE267, 0xE267, 0xE267, 0xE267,
    0xE267, 0xE267, 0xE267, 0x0000, 0x0000, 0x0000, 0x0000, 0x0000, 0x0000, 0x0000, 0xE267, 0xE267,
    0xE267, 0xE267, 0xE267, 0xE267, 0xE267, 0xE267, 0xE267, 0xE267, 0x0000, 0x0000, 0x0000, 0x0000,
    0x0000, 0x0000, 0xE267, 0xE267, 0xE267, 0xE267, 0xE267, 0xE267, 0xE267, 0xE267, 0xE267, 0xE267,
    0x0000, 0x0000, 0x0000, 0x0000, 0x0000, 0x0000, 0x324B, 0x324B, 0xE267, 0xE267, 0xE267, 0xE267,
    0xE267, 0xE267, 0x324B, 0x324B, 0x0000, 0x0000, 0x0000, 0x0000, 0x0000, 0x0000, 0x324B, 0x324B,
    0x324B, 0x324B, 0xE267, 0xE267, 0x324B, 0x324B, 0x324B, 0x324B, 0x0000, 0x0000, 0x0000, 0x0000,
    0x0000, 0x0000, 0x324B, 0x324B, 0x0000, 0x324B, 0x324B, 0x324B, 0x324B, 0x0000, 0x324B, 0x324B,
    0x0000, 0x0000, 0x0000, 0x0000, 0x0000, 0x0000, 0x18C3, 0x18C3, 0x0000, 0x18C3, 0x18C3, 0x18C3,
    0x18C3, 0x0000, 0x18C3, 0x18C3, 0x0000, 0x0000, 0x0000, 0x0000, 0x0000, 0x0000, 0x18C3, 0x18C3,
    0x0000, 0x18C3, 0x18C3, 0x18C3, 0x18C3, 0x0000, 0x18C3, 0x18C3, 0x0000, 0x0000, 0x0000, 0x0000,
    0x0000, 0x0000, 0x0000, 0x0000, 0x0000, 0x0000, 0x0000, 0x0000, 0x0000, 0x0000, 0x0000, 0x0000,
    0x0000, 0x0000, 0x0000, 0x0000,
};

// 1bpp opacity mask, MSB-first, 2 byte(s) per row; bit set = opaque.
inline constexpr uint8_t kSpriteSitMask[32] = {
    0x00, 0x00, 0x07, 0x80, 0x0F, 0xC0, 0x0F, 0xC0, 0x0F, 0xC0, 0x07, 0x80, 0x0F, 0xC0, 0x1F, 0xE0,
    0x3F, 0xF0, 0x3F, 0xF0, 0x3F, 0xF0, 0x3F, 0xF0, 0x37, 0xB0, 0x37, 0xB0, 0x37, 0xB0, 0x00, 0x00,
};

inline constexpr int kSpriteCount = 9;

// Order matches data/sprites.json "sprites" — indices are the contract.
inline constexpr road_east::data::SpriteDef kSprites[kSpriteCount] = {
    // name, frameWidth, frameHeight, frames, fps, sheetWidth, pixels, mask
    { "walk", 24, 25, 2, 4, 48, kSpriteWalkPixels, kSpriteWalkMask },
    { "bike", 32, 28, 2, 6, 64, kSpriteBikePixels, kSpriteBikeMask },
    { "uaz", 84, 46, 1, 8, 84, kSpriteUazPixels, kSpriteUazMask },
    { "mountain", 80, 32, 1, 0, 80, kSpriteMountainPixels, kSpriteMountainMask },
    { "tree", 16, 24, 1, 0, 16, kSpriteTreePixels, kSpriteTreeMask },
    { "bush", 12, 10, 1, 0, 12, kSpriteBushPixels, kSpriteBushMask },
    { "garage", 56, 40, 1, 0, 56, kSpriteGaragePixels, kSpriteGarageMask },
    { "fire", 16, 16, 2, 6, 32, kSpriteFirePixels, kSpriteFireMask },
    { "sit", 16, 16, 1, 0, 16, kSpriteSitPixels, kSpriteSitMask },
};

// Indices into kSprites for data/sprites.json "transport_default".
inline constexpr int kTransportSpriteCount = 3;
inline constexpr int8_t kTransportSprites[kTransportSpriteCount] = { 0, 1, 2 };  // walk, bike, uaz

}  // namespace road_east::assets
